/* Generated by ConvertImageMode5.py - SNES Mode 5 BG1 Data */
/* Compiler: vbcc65816 */
/* Image: bg_001.png */
/* Resolution: 512x224 pixels (Mode 5 double horizontal resolution) */
/* Tiles: 1434, Tilemap: 896 entries (each refers to 2 tiles) */

/* HDMA Tables for Mode 5 Tile Limit Workaround */
/* This allows using more than 1024 tiles by updating tilemap base address */

/* HDMA Table for BG1 Tilemap Base Address Updates */
/* Format: [count, bg12nba_value] for each partition change */
/* BG12NBA values: 0x00 = tiles at 0x0000, 0x03 = tiles at 0x6000 */
/* BG12NBA uses word addresses: 0x6000 byte = 0x3000 word = 0x03 in register */
/* Partition 0: tilemap indices 0-1023 refereCannce tiles 0-1023 */
/* Partition 1: tilemap indices 0-241 reference tiles 768-1009 (0x300 offset) */
/* HDMA table must end with 0x00 to terminate */
const unsigned char hdma_bg12nba_table[8] = {
    0x80, 0x60,  // Scanlines 0-127: Tiles at 0x0000 (count=128, 0x80)
    0x1F, 0x60,  // Scanlines 128-158: Tiles at 0x0000 (count=31, 0x1F)
    0x41, 0x63,  // Scanlines 159-223: Tiles at 0x6000 (count=65, 0x41)
    0x00, 0x00,  // Terminator entry (required for HDMA)
};

/* Tile Partition Information */
#define TILES_IN_PARTITION_0 972
#define TILES_IN_PARTITION_1 462
#define TOTAL_TILES 1434
#define MAX_TILES_PER_PARTITION 1024
#define HDMA_ENTRIES 2

/* Partition 0 Tiles (0-1023) - Load at VRAM base address 0x0000 */
const unsigned char bg_tiles_partition_0[] = {
    0xFF, 0x00, 0xFF, 0x00, 0xFF, 0x00, 0xFF, 0x00, 0xFF, 0x00, 0xFF, 0xF0, 0xFF, 0x00, 0xFF, 0x13, 
    0x00, 0x00, 0x00, 0x00, 0x00, 0x00, 0x00, 0x00, 0x00, 0x00, 0xF0, 0xF0, 0x00, 0x00, 0x13, 0x13, 
    0xFF, 0x00, 0xFF, 0x00, 0xFF, 0x00, 0xFF, 0x00, 0xFF, 0x00, 0xFF, 0xFB, 0xFF, 0x18, 0xFE, 0x81, 
    0x00, 0x00, 0x00, 0x00, 0x00, 0x00, 0x00, 0x00, 0x00, 0x00, 0xFB, 0xFB, 0x1F, 0x1F, 0xFE, 0xFE, 
    0xFF, 0x07, 0xFF, 0x18, 0xFF, 0x07, 0xF8, 0x97, 0xC0, 0xBF, 0x19, 0xF9, 0x99, 0x99, 0xE0, 0xEE, 
    0x07, 0x07, 0x18, 0x18, 0x07, 0x07, 0x98, 0x98, 0xC0, 0xC0, 0x06, 0x1E, 0x66, 0xE6, 0x1F, 0x1F, 
    0xFF, 0x89, 0xFC, 0x37, 0xF0, 0x6F, 0x1D, 0xFD, 0x4E, 0xCA, 0xF8, 0xD1, 0xF8, 0xFB, 0x30, 0x37, 
    0x89, 0x89, 0x34, 0x34, 0xF0, 0xF0, 0x02, 0x1E, 0x35, 0x71, 0x2F, 0x07, 0x07, 0x07, 0xCF, 0xCF, 
    0x00, 0xFF, 0x00, 0xFF, 0xFF, 0x00, 0xFF, 0x00, 0xFF, 0x00, 0xFF, 0x00, 0xFF, 0x00, 0xFF, 0x00, 
    0x00, 0x00, 0x00, 0x00, 0xFF, 0xFF, 0xFF, 0xFF, 0xFF, 0xFF, 0xFF, 0xFF, 0xFF, 0xFF, 0xFF, 0xFF, 
    0x00, 0xFF, 0x00, 0xFF, 0xCF, 0x30, 0xFF, 0x00, 0xFF, 0x00, 0xFF, 0x00, 0xFF, 0x00, 0xFF, 0x00, 
    0x00, 0x00, 0x00, 0x00, 0xCF, 0xCF, 0xFF, 0xFF, 0xFF, 0xFF, 0xFF, 0xFF, 0xFF, 0xFF, 0xFF, 0xFF, 
    0x60, 0x60, 0x43, 0x43, 0x0F, 0x0F, 0x0F, 0x0F, 0x06, 0x07, 0x87, 0x07, 0x1E, 0x1F, 0x79, 0xFF, 
    0x7F, 0x83, 0x7C, 0x8F, 0x70, 0x8F, 0x70, 0x9F, 0x78, 0xBE, 0x78, 0x87, 0x60, 0xBE, 0x41, 0xB9, 
    0x03, 0x03, 0xFF, 0xFF, 0xFF, 0xFF, 0xF0, 0xFF, 0xC0, 0xFF, 0x00, 0xFF, 0x97, 0x68, 0xFF, 0x00, 
    0xFC, 0xF7, 0x00, 0xFF, 0x00, 0xFF, 0x00, 0xF0, 0x00, 0xC0, 0x00, 0x00, 0x97, 0x97, 0x00, 0x00, 
    0xFF, 0xFF, 0xFF, 0xFF, 0xFF, 0xFF, 0xFF, 0xFF, 0xFC, 0xFC, 0xE0, 0xE0, 0xCF, 0xCF, 0x3F, 0x3F, 
    0x00, 0x00, 0x00, 0x00, 0x00, 0x00, 0x00, 0x00, 0x03, 0x03, 0x1F, 0x1F, 0x30, 0x30, 0xC0, 0x00, 
    0xFF, 0xFF, 0xFF, 0xFF, 0xFF, 0xFF, 0xFF, 0xFF, 0x3F, 0x3F, 0xFF, 0xFF, 0xFF, 0xFF, 0xFF, 0xDF, 
    0x00, 0x00, 0x00, 0x00, 0x00, 0x00, 0x00, 0x00, 0xC0, 0xC0, 0x00, 0x00, 0x00, 0x00, 0x20, 0x00, 
    0xF8, 0xF8, 0xF1, 0xF1, 0xC7, 0xC7, 0xFF, 0xFF, 0xFF, 0xFF, 0xFF, 0xFF, 0xFF, 0xFF, 0xFF, 0xFF, 
    0x07, 0x07, 0x0E, 0x0E, 0x38, 0x38, 0x00, 0x00, 0x00, 0x00, 0x00, 0x00, 0x00, 0x00, 0x00, 0x00, 
    0x3F, 0x3F, 0xFF, 0xFF, 0xFF, 0xFF, 0xFF, 0xFF, 0xFF, 0xFF, 0xFF, 0xFF, 0xFF, 0xFF, 0xFF, 0xC1, 
    0xC0, 0xC0, 0x00, 0x00, 0x00, 0x00, 0x00, 0x00, 0x00, 0x00, 0x00, 0x00, 0x00, 0x00, 0x3E, 0x00, 
    0x00, 0xFF, 0x00, 0xFF, 0x00, 0xFF, 0x00, 0xFF, 0x00, 0xFF, 0x00, 0xFF, 0x00, 0xFF, 0x00, 0xFF, 
    0xFF, 0xFF, 0xFF, 0xFF, 0xFF, 0xFF, 0xFF, 0xFF, 0xFF, 0xFF, 0xFF, 0xFF, 0xFF, 0xFF, 0xFF, 0xFF, 
    0x00, 0xFF, 0x00, 0xFF, 0x00, 0xFF, 0x00, 0xFF, 0x00, 0xFF, 0x00, 0xFF, 0x00, 0xFF, 0x00, 0xFF, 
    0xFF, 0xFF, 0xFF, 0xFF, 0xFF, 0xFF, 0xFF, 0xFF, 0xFF, 0xFF, 0xFF, 0xFF, 0xFF, 0xFF, 0xFF, 0xFF, 
    0xF8, 0x78, 0xF9, 0x79, 0xF9, 0x79, 0xFF, 0x7F, 0xFF, 0x7F, 0xF0, 0xF0, 0xF0, 0x70, 0xF9, 0x39, 
    0xFF, 0x00, 0xFF, 0x00, 0xFF, 0x00, 0xFF, 0x00, 0xFF, 0x00, 0xFF, 0x00, 0xFF, 0x00, 0xFF, 0x00, 
    0xF8, 0xE3, 0xF0, 0xE3, 0xF8, 0xE3, 0xF8, 0xF3, 0xF8, 0xF3, 0xF8, 0xF3, 0xF8, 0xF3, 0xF8, 0xF7, 
    0xF1, 0x0E, 0xF1, 0x0E, 0xF1, 0x0E, 0xF1, 0x0E, 0xF9, 0x06, 0xF9, 0x06, 0xF1, 0x0E, 0xF1, 0x0E, 
    0xFF, 0x00, 0xFF, 0x00, 0xFF, 0x00, 0xFF, 0x00, 0xFF, 0x00, 0xFF, 0x00, 0xFF, 0x00, 0xFF, 0x00, 
    0xFF, 0x00, 0xFF, 0x00, 0xFF, 0x00, 0xFF, 0x00, 0xFF, 0x00, 0xFF, 0x00, 0xFF, 0x00, 0xFF, 0x00, 
    0xFF, 0x00, 0xFF, 0x00, 0xFF, 0x00, 0xFF, 0x00, 0xFF, 0x00, 0xFF, 0x00, 0xFF, 0x00, 0xFF, 0x00, 
    0xFF, 0x00, 0xFF, 0x00, 0xFF, 0x00, 0xFF, 0x00, 0xFF, 0x00, 0xFF, 0x00, 0xFF, 0x00, 0xFC, 0x03, 
    0xFF, 0xFF, 0xFF, 0x90, 0xFF, 0x02, 0xFF, 0x0F, 0xFF, 0x7F, 0xB7, 0xB7, 0x7F, 0x7F, 0xFF, 0xFF, 
    0xFF, 0x00, 0xFF, 0x00, 0xFF, 0x00, 0xFF, 0x00, 0xFF, 0x00, 0xFF, 0x00, 0xFF, 0x00, 0xFF, 0x00, 
    0xFF, 0x80, 0xFF, 0x00, 0xFF, 0x00, 0xFF, 0x9C, 0x7F, 0x5F, 0x7F, 0x7F, 0xFF, 0xFF, 0xFD, 0xFD, 
    0xFF, 0x00, 0xFF, 0x00, 0xFD, 0x02, 0xFF, 0x00, 0xFF, 0x00, 0xFF, 0x00, 0xFF, 0x00, 0xFF, 0x00, 
    0xFE, 0x58, 0xBB, 0x00, 0xEF, 0x00, 0xBF, 0x20, 0x79, 0x00, 0x1F, 0x00, 0xFB, 0x00, 0xFF, 0xDF, 
    0xF8, 0x07, 0x00, 0xFF, 0xC7, 0x38, 0xF8, 0x07, 0x78, 0x87, 0x00, 0xFF, 0xD3, 0x2C, 0x20, 0x00, 
    0xE7, 0x00, 0xFF, 0x00, 0xFF, 0x00, 0xFF, 0x10, 0xFF, 0x00, 0xE0, 0x00, 0xFF, 0x00, 0xFF, 0xFF, 
    0x07, 0xF8, 0x02, 0xFD, 0xFF, 0x00, 0x3E, 0xC1, 0x78, 0x87, 0x00, 0xFF, 0xFF, 0x00, 0x00, 0x00, 
    0x0F, 0xFF, 0xFF, 0xFF, 0xFF, 0xFF, 0xFF, 0xFF, 0x1F, 0xFF, 0x00, 0xFF, 0x00, 0xFF, 0x00, 0xFF, 
    0xF0, 0xFF, 0x00, 0xFF, 0x00, 0xFF, 0x00, 0xFF, 0xE0, 0xFF, 0xFF, 0xFF, 0xFF, 0xFF, 0xFF, 0xFF, 
    0xFF, 0xFF, 0xFF, 0xFF, 0xFC, 0xFF, 0xE0, 0xFF, 0x80, 0xFF, 0x00, 0xFF, 0x00, 0xFF, 0x00, 0xFF, 
    0x00, 0xFF, 0x00, 0xFF, 0x03, 0xFF, 0x1F, 0xFF, 0x7F, 0xFF, 0xFF, 0xFF, 0xFF, 0xFF, 0xFF, 0xFF, 
    0x00, 0xFF, 0x00, 0xFF, 0x00, 0xFF, 0x00, 0xFF, 0x00, 0xFF, 0x00, 0xFF, 0x00, 0xFF, 0x00, 0xFF, 
    0xFF, 0x00, 0xFF, 0x00, 0xFF, 0x00, 0xFF, 0x00, 0xFF, 0x00, 0xFF, 0x00, 0xFF, 0x00, 0xFE, 0x01, 
    0x00, 0xF8, 0x07, 0xF8, 0x00, 0xF8, 0x00, 0xFE, 0x01, 0xFE, 0x01, 0xFE, 0x06, 0xF2, 0x0D, 0x81, 
    0xF1, 0x0F, 0xF1, 0x0E, 0xF8, 0x07, 0xF8, 0x07, 0xFE, 0x01, 0xFC, 0x03, 0xC1, 0x3D, 0x06, 0xFB, 
    0xFF, 0xFE, 0xFF, 0x31, 0xFF, 0x60, 0xFF, 0xDF, 0x00, 0x00, 0x00, 0x00, 0x11, 0x11, 0xFF, 0xFF, 
    0xFF, 0x00, 0xFF, 0x00, 0xFC, 0x03, 0xFF, 0x00, 0xFF, 0x00, 0xFF, 0x00, 0xEE, 0xFF, 0x00, 0xFF, 
    0xFC, 0x1C, 0xFC, 0xDC, 0xFC, 0x7C, 0xF7, 0xF7, 0x00, 0x00, 0x00, 0x00, 0xFC, 0xFC, 0xFF, 0xFF, 
    0xFF, 0x00, 0xFF, 0x00, 0xFF, 0x00, 0xFF, 0x00, 0xFF, 0x00, 0xFF, 0x00, 0x03, 0xFF, 0x00, 0xFF, 
    0xFF, 0x00, 0xFF, 0x00, 0xFF, 0x00, 0xFF, 0x00, 0xFF, 0x00, 0xFF, 0x20, 0xFF, 0x00, 0xFF, 0x00, 
    0x00, 0x00, 0x00, 0x00, 0x00, 0x00, 0x00, 0x00, 0x00, 0x00, 0x20, 0x20, 0x00, 0x00, 0x00, 0x00, 
    0xFF, 0x00, 0xFF, 0x00, 0xFF, 0x00, 0xFF, 0x00, 0xFF, 0x00, 0xFF, 0x00, 0xFF, 0x00, 0xFF, 0x00, 
    0x00, 0x00, 0x00, 0x00, 0x00, 0x00, 0x00, 0x00, 0x00, 0x00, 0x00, 0x00, 0x00, 0x00, 0x00, 0x00, 
    0xFF, 0xC0, 0xFC, 0xE0, 0xFD, 0x40, 0xFF, 0x80, 0xFF, 0x00, 0xDF, 0x00, 0xDF, 0x80, 0xFE, 0x4E, 
    0xCC, 0x33, 0xF8, 0x07, 0xF8, 0x07, 0xEB, 0x14, 0xE0, 0x1F, 0x88, 0x77, 0x8F, 0x70, 0xCF, 0x30, 
    0x1B, 0x44, 0xFB, 0x07, 0xFB, 0x07, 0xF9, 0x01, 0xFD, 0x09, 0x9D, 0x99, 0xBF, 0xA3, 0x7F, 0x4F, 
    0x11, 0xEE, 0x32, 0xCD, 0xFA, 0x05, 0xF2, 0x0D, 0xFE, 0x03, 0xFE, 0x03, 0xFF, 0x00, 0xDF, 0x20, 
    0x19, 0x19, 0xFF, 0xFF, 0xFF, 0xF0, 0xFF, 0xC4, 0xFF, 0x80, 0xFF, 0x00, 0xFF, 0x00, 0xFF, 0x00, 
    0xFF, 0x00, 0xFF, 0x00, 0xFF, 0x00, 0xFF, 0x00, 0xFF, 0x00, 0xFF, 0x00, 0xFF, 0x00, 0xFF, 0x00, 
    0xFF, 0xC0, 0xF7, 0xC0, 0xFF, 0x00, 0xFF, 0x00, 0xFF, 0x00, 0xFF, 0x00, 0xFF, 0x00, 0xFF, 0x00, 
    0xE3, 0x1C, 0xE3, 0x1C, 0xFF, 0x00, 0xFF, 0x00, 0xFF, 0x00, 0xFF, 0x00, 0xFF, 0x00, 0xFF, 0x00, 
    0x0F, 0xFF, 0x7F, 0xFF, 0xFF, 0xFF, 0xFF, 0xFF, 0xFF, 0xFF, 0xFF, 0xFF, 0xFE, 0xFF, 0x00, 0xFF, 
    0xF0, 0xFF, 0x80, 0xFF, 0x00, 0xFF, 0x00, 0xFF, 0x00, 0xFF, 0x00, 0xFF, 0x01, 0xFF, 0xFF, 0xFF, 
    0xFF, 0xFF, 0xFF, 0xFF, 0xFF, 0xFF, 0xFC, 0xFF, 0xC0, 0xFF, 0x00, 0xFE, 0x00, 0xD0, 0x0C, 0x0C, 
    0x00, 0xFF, 0x00, 0xFF, 0x00, 0xFF, 0x03, 0xFF, 0x3F, 0xFF, 0xFF, 0xFF, 0xFF, 0xFF, 0xF3, 0xF3, 
    0xB8, 0xF8, 0xC0, 0xC0, 0xC1, 0xC1, 0x0F, 0x0F, 0x3F, 0x3F, 0x7F, 0x7F, 0xFF, 0xFF, 0xFF, 0xFF, 
    0x47, 0x47, 0x3F, 0x3F, 0x3E, 0x3E, 0xF0, 0xF0, 0xC0, 0xC0, 0x80, 0x80, 0x00, 0x00, 0x00, 0x00, 
    0x33, 0x33, 0x7F, 0x7F, 0xFF, 0xFF, 0xFF, 0xFF, 0xFF, 0xFF, 0xFF, 0xFF, 0xFF, 0xFF, 0xFF, 0xFF, 
    0xCC, 0xCC, 0x80, 0x80, 0x00, 0x00, 0x00, 0x00, 0x00, 0x00, 0x00, 0x00, 0x00, 0x00, 0x00, 0x00, 
    0xFF, 0x00, 0xFF, 0x01, 0xFF, 0xE7, 0xFF, 0xE7, 0xFF, 0xFF, 0xAF, 0xA9, 0xFF, 0x59, 0xFC, 0x1C, 
    0x87, 0x78, 0xEF, 0x10, 0xFF, 0x00, 0xF7, 0x08, 0xFF, 0x00, 0xFF, 0x00, 0xFF, 0x00, 0xFF, 0x00, 
    0xFF, 0x07, 0xFF, 0x10, 0xFF, 0xFC, 0xFF, 0xE8, 0xFF, 0xF0, 0xFF, 0xFF, 0x7F, 0x73, 0xFF, 0xB3, 
    0x0F, 0xF0, 0xFF, 0x00, 0xFE, 0x01, 0xFC, 0x03, 0xFF, 0x00, 0xFF, 0x00, 0xFF, 0x00, 0xFF, 0x00, 
    0xFF, 0x00, 0xFF, 0x00, 0xFF, 0x00, 0xFF, 0x03, 0xFF, 0x01, 0xFF, 0x03, 0xFF, 0x48, 0xFE, 0xF5, 
    0x00, 0x00, 0x00, 0x00, 0x00, 0x00, 0x03, 0x03, 0x01, 0x01, 0x03, 0x03, 0x48, 0x48, 0xF6, 0xF6, 
    0xFF, 0x00, 0xFF, 0x00, 0xFF, 0x00, 0xFF, 0xEE, 0xFF, 0xC9, 0xFE, 0xBD, 0xC0, 0xBF, 0x05, 0xFD, 
    0x00, 0x00, 0x00, 0x00, 0x00, 0x00, 0xEE, 0xEE, 0xC9, 0xC9, 0xBE, 0xBE, 0xC0, 0xC0, 0x02, 0x06, 
    0xFF, 0xFF, 0xFF, 0xFF, 0xFF, 0xFF, 0xFF, 0xFF, 0xFF, 0x44, 0xFF, 0xFF, 0xFF, 0x3E, 0xFE, 0x08, 
    0x00, 0x00, 0x00, 0x00, 0x00, 0x00, 0x00, 0x00, 0xFB, 0x00, 0xFF, 0x00, 0x3F, 0xC0, 0xDC, 0x23, 
    0xFF, 0xFF, 0xFF, 0xFF, 0xFF, 0xFF, 0xFF, 0x80, 0xFF, 0x00, 0xFF, 0xF3, 0xFF, 0x0F, 0xFF, 0x03, 
    0x00, 0x00, 0x00, 0x00, 0x00, 0x00, 0x7F, 0x00, 0xF5, 0x0A, 0xFF, 0x00, 0xFF, 0x00, 0x0F, 0xF0, 
    0x01, 0x01, 0x03, 0x03, 0x07, 0x07, 0x7F, 0x7F, 0xFF, 0xFF, 0xFF, 0xFF, 0xFF, 0xFF, 0xFF, 0xFF, 
    0xFE, 0xFE, 0xFC, 0xFC, 0xF8, 0xF8, 0x80, 0x80, 0x00, 0x00, 0x00, 0x00, 0x00, 0x00, 0x00, 0x00, 
    0xFF, 0xFF, 0xFF, 0xFF, 0xFF, 0xFF, 0xFF, 0xFF, 0xFF, 0xFF, 0xFF, 0xFF, 0xFF, 0xFF, 0xFF, 0xFF, 
    0x00, 0x00, 0x00, 0x00, 0x00, 0x00, 0x00, 0x00, 0x00, 0x00, 0x00, 0x00, 0x00, 0x00, 0x00, 0x00, 
    0xFF, 0x00, 0xFF, 0x00, 0xFF, 0x00, 0xFF, 0xC0, 0xFF, 0xE0, 0xFF, 0xFC, 0xFF, 0xFF, 0xFF, 0xF9, 
    0xFF, 0x00, 0xFF, 0x00, 0xFE, 0x01, 0xFF, 0x00, 0xFF, 0x00, 0xFF, 0x00, 0xFF, 0x00, 0xFF, 0x00, 
    0xFF, 0x00, 0xF3, 0x00, 0xF3, 0x00, 0xF7, 0x00, 0xFF, 0x00, 0xFF, 0x00, 0xFF, 0xE0, 0xFF, 0xE0, 
    0xE0, 0x1F, 0xE0, 0x1F, 0x80, 0x7F, 0xE0, 0x1F, 0xF0, 0x0F, 0xF8, 0x07, 0xFC, 0x03, 0xFF, 0x00, 
    0x00, 0x00, 0x02, 0x02, 0x00, 0x00, 0x00, 0x00, 0x00, 0x00, 0x00, 0x00, 0x00, 0x00, 0x00, 0x00, 
    0xFF, 0xFF, 0xFD, 0xFF, 0xFF, 0xFF, 0xFF, 0xFF, 0xFF, 0xFF, 0xFF, 0xFF, 0xFF, 0xFF, 0xFF, 0x07, 
    0x00, 0x00, 0x00, 0x00, 0x00, 0x00, 0x10, 0x10, 0x00, 0x00, 0x08, 0x08, 0x00, 0x00, 0x00, 0x00, 
    0xFF, 0xFF, 0xFF, 0xFF, 0xFF, 0xFF, 0xEF, 0xFF, 0xFF, 0xFF, 0xF7, 0xFF, 0xFF, 0xFF, 0xFF, 0xFF, 
    0xFF, 0x00, 0xFF, 0x00, 0xFF, 0x00, 0xFF, 0xDE, 0xFF, 0xAC, 0x0F, 0xF3, 0x8B, 0xFD, 0x9D, 0xBF, 
    0x00, 0x00, 0x00, 0x00, 0x00, 0x00, 0xDE, 0xDE, 0xFC, 0xFC, 0x0F, 0x0F, 0x03, 0x8B, 0xC1, 0x5D, 
    0xFF, 0x00, 0xFF, 0x00, 0xFF, 0x00, 0xFF, 0x08, 0xFF, 0x18, 0xFF, 0x30, 0xFF, 0x30, 0xFF, 0x04, 
    0x00, 0x00, 0x00, 0x00, 0x00, 0x00, 0x08, 0x08, 0x18, 0x18, 0x30, 0x30, 0x30, 0x30, 0x04, 0x04, 
    0xFF, 0x30, 0xFF, 0x20, 0xFF, 0x00, 0x07, 0xF8, 0xE3, 0xFC, 0xC7, 0xF8, 0xC7, 0xF8, 0xE0, 0xFF, 
    0xF3, 0xF3, 0xFF, 0xFF, 0xFF, 0xFF, 0x07, 0x07, 0x03, 0xE3, 0x07, 0xC7, 0x07, 0xC7, 0x00, 0xE0, 
    0xFF, 0x00, 0xFF, 0x08, 0xFF, 0x00, 0xFF, 0x00, 0xFE, 0x01, 0xFF, 0x00, 0xE0, 0x1F, 0x00, 0xFF, 
    0xFC, 0xFC, 0xF8, 0xF8, 0xBF, 0xBF, 0xFF, 0xFF, 0xFE, 0xFE, 0xFF, 0xFF, 0xE0, 0xE0, 0x00, 0x00, 
    0x00, 0x00, 0x00, 0x00, 0x00, 0x00, 0xFF, 0xFF, 0xFF, 0xFF, 0xF4, 0xFF, 0x00, 0xFF, 0x00, 0xFF, 
    0xFF, 0x00, 0xFF, 0x00, 0xFF, 0xE0, 0x00, 0xFF, 0x00, 0xFF, 0x00, 0xF4, 0x00, 0x00, 0x00, 0x00, 
    0x1F, 0x1F, 0x03, 0x03, 0x00, 0x00, 0xFF, 0xFF, 0xFF, 0xFF, 0xD6, 0xFF, 0x00, 0xFF, 0x03, 0xFC, 
    0xFF, 0x00, 0xFF, 0x00, 0xFF, 0x00, 0x00, 0xFF, 0x00, 0xFF, 0x00, 0xD6, 0x00, 0x00, 0x03, 0x03, 
    0x00, 0xFF, 0x00, 0xCF, 0x00, 0xFF, 0x00, 0xFF, 0x00, 0xCF, 0x00, 0xFF, 0x00, 0x3E, 0xF0, 0xF0, 
    0xFF, 0xFF, 0xFF, 0xFF, 0xFF, 0xFF, 0xFF, 0xFF, 0xFF, 0xFF, 0xFF, 0xFF, 0xFF, 0xFF, 0x0F, 0x0F, 
    0x00, 0xFF, 0x00, 0xFF, 0x01, 0xFF, 0x00, 0xFF, 0x00, 0xC3, 0x38, 0xFB, 0x21, 0x3F, 0x86, 0xBE, 
    0xFF, 0xFF, 0xFF, 0xFF, 0xFE, 0xFE, 0xFF, 0xFF, 0xFF, 0xFF, 0xC7, 0xC7, 0xDE, 0xDE, 0x79, 0x79, 
    0x00, 0xFF, 0x00, 0xFF, 0x00, 0xFF, 0x00, 0xFB, 0x04, 0xF9, 0x02, 0xF8, 0x00, 0xFE, 0x00, 0xFF, 
    0xFF, 0x00, 0xFF, 0x00, 0xFF, 0x00, 0xF0, 0x0F, 0xF0, 0x0F, 0xFA, 0x05, 0xFC, 0x03, 0xFE, 0x01, 
    0x19, 0xC9, 0x1A, 0xE9, 0x3B, 0x98, 0x27, 0x07, 0x19, 0x59, 0x1F, 0x84, 0x1F, 0x80, 0x1F, 0xC6, 
    0xDF, 0x20, 0x9C, 0x63, 0x1E, 0xE1, 0x3F, 0xC0, 0x1F, 0xE0, 0x1E, 0xE1, 0x1F, 0xE0, 0x0F, 0xF0, 
    0x00, 0x00, 0x00, 0x00, 0x00, 0x00, 0x00, 0x00, 0x00, 0x00, 0x00, 0x00, 0x00, 0x00, 0x00, 0x00, 
    0xFF, 0x00, 0xFF, 0x00, 0xFF, 0x00, 0xFF, 0x00, 0xFF, 0x00, 0xFF, 0x00, 0xFF, 0x00, 0xFF, 0x00, 
    0xFF, 0xFF, 0x3B, 0x3B, 0x0B, 0x0B, 0x07, 0x07, 0x04, 0x04, 0x00, 0x00, 0x23, 0x23, 0x03, 0x03, 
    0xFF, 0x00, 0xFF, 0x00, 0xFF, 0x00, 0xFF, 0x00, 0xFF, 0x00, 0xFF, 0x00, 0xFF, 0x00, 0xFF, 0x00, 
    0xFF, 0x00, 0xFF, 0x00, 0xFF, 0x00, 0xFF, 0x00, 0xFF, 0x00, 0xFF, 0x00, 0xFF, 0x00, 0xFF, 0x00, 
    0x00, 0x00, 0x00, 0x00, 0x00, 0x00, 0x00, 0x00, 0x00, 0x00, 0x00, 0x00, 0x00, 0x00, 0x00, 0x00, 
    0xFF, 0x00, 0xFF, 0x00, 0xFF, 0x00, 0xFF, 0x00, 0xFF, 0x0F, 0xFF, 0x07, 0xFF, 0x61, 0xFF, 0x6C, 
    0x00, 0x00, 0x00, 0x00, 0x00, 0x00, 0x00, 0x00, 0x0F, 0x0F, 0x07, 0x07, 0x61, 0x61, 0x6F, 0x6F, 
    0xFF, 0xCF, 0xFC, 0x1C, 0xFF, 0x7F, 0xFF, 0xFF, 0xFF, 0xFB, 0xFF, 0xFF, 0xFF, 0xFF, 0x7F, 0x7F, 
    0xFF, 0x00, 0xFF, 0x00, 0xFF, 0x00, 0xFF, 0x00, 0xFF, 0x00, 0xFF, 0x00, 0xFF, 0x00, 0xFF, 0x00, 
    0x9F, 0x9F, 0xBC, 0xBC, 0xFE, 0xFE, 0xFF, 0xFC, 0xFD, 0xE0, 0xFF, 0xB1, 0xFF, 0xFF, 0xFE, 0xFE, 
    0xFF, 0x00, 0xFF, 0x00, 0xFF, 0x00, 0xFF, 0x00, 0xFC, 0x03, 0xFF, 0x00, 0xFF, 0x00, 0xFF, 0x00, 
    0xFF, 0x00, 0xFF, 0x00, 0xFF, 0x00, 0xFF, 0x00, 0xFF, 0x00, 0xFF, 0xFC, 0xFF, 0xFC, 0xFF, 0xA8, 
    0x00, 0x00, 0x00, 0x00, 0x00, 0x00, 0x00, 0x00, 0x00, 0x00, 0xFC, 0xFC, 0xFF, 0xFF, 0xEF, 0xEF, 
    0xFF, 0x00, 0xFF, 0x00, 0xFF, 0x00, 0xFF, 0x00, 0xFF, 0x00, 0xFF, 0xE6, 0xFF, 0x98, 0x3F, 0xC8, 
    0x00, 0x00, 0x00, 0x00, 0x00, 0x00, 0x00, 0x00, 0x00, 0x00, 0xE6, 0xE6, 0xF8, 0xF8, 0x38, 0x38, 
    0x83, 0x81, 0x80, 0x80, 0x00, 0x00, 0x00, 0x00, 0x00, 0x00, 0x00, 0x00, 0x0D, 0x0D, 0xFE, 0xCE, 
    0xFF, 0x00, 0xFF, 0x00, 0xFF, 0x00, 0xFF, 0x00, 0xFF, 0x00, 0xFF, 0x00, 0xFF, 0x00, 0xFF, 0x00, 
    0x7F, 0x58, 0x3F, 0x30, 0x3D, 0x38, 0xE3, 0xE2, 0x07, 0x07, 0x06, 0x06, 0x64, 0x64, 0x3B, 0x3B, 
    0xFF, 0x00, 0xFD, 0x02, 0xFD, 0x02, 0xFE, 0x01, 0xFF, 0x00, 0xFF, 0x00, 0xFF, 0x00, 0xFF, 0x00, 
    0x05, 0xFD, 0xE7, 0xE0, 0xFD, 0x1D, 0xA7, 0xA7, 0xFF, 0xFF, 0x1F, 0x1F, 0x1F, 0x1F, 0x63, 0x63, 
    0x02, 0x04, 0x1F, 0xF0, 0xFE, 0x00, 0x58, 0x00, 0x00, 0x00, 0xE0, 0xE0, 0xE0, 0xE0, 0x9C, 0x9C, 
    0x3F, 0x0F, 0xFF, 0x1F, 0xFF, 0xFF, 0xFF, 0xFF, 0xCE, 0xCF, 0x3F, 0x3F, 0xFB, 0xFB, 0xE7, 0xE7, 
    0xF0, 0x00, 0xE0, 0x00, 0x00, 0x00, 0x00, 0x00, 0x31, 0x31, 0xC0, 0xC0, 0x04, 0x04, 0x18, 0x18, 
    0xC0, 0xC0, 0xF8, 0xF8, 0xFB, 0xFB, 0xFE, 0xFE, 0xF0, 0xF0, 0xE0, 0xE0, 0xF0, 0xF0, 0x00, 0x00, 
    0x3F, 0x3F, 0x07, 0x07, 0x04, 0x04, 0x01, 0x01, 0x0F, 0x0F, 0x1F, 0x1F, 0x0F, 0x0F, 0xFF, 0xFF, 
    0x7C, 0x7C, 0xE0, 0xE0, 0xE0, 0xE0, 0x40, 0x40, 0x00, 0x00, 0x07, 0x07, 0x1F, 0x1F, 0x7F, 0x7F, 
    0x83, 0x83, 0x1F, 0x1F, 0x1F, 0x1F, 0xBF, 0xBF, 0xFF, 0xFF, 0xF8, 0xF8, 0xE0, 0xE0, 0x80, 0x80, 
    0x0F, 0x00, 0x3E, 0x0E, 0xE7, 0x00, 0xBF, 0x00, 0xFF, 0x00, 0xFF, 0xFF, 0xF2, 0xF2, 0x00, 0xDF, 
    0x09, 0xF6, 0x1D, 0xE0, 0x04, 0xFB, 0x07, 0xF8, 0xFF, 0x00, 0x00, 0x00, 0x0D, 0x0D, 0xFF, 0xFF, 
    0xFF, 0x01, 0xFB, 0xE0, 0xFC, 0x00, 0xFF, 0x00, 0xFF, 0x00, 0xFF, 0xFF, 0x1F, 0x1F, 0x00, 0xFF, 
    0xFF, 0x00, 0xF9, 0x06, 0xC0, 0x3F, 0xFF, 0x00, 0xFF, 0x00, 0x00, 0x00, 0xE0, 0xE0, 0xFF, 0xFF, 
    0xFF, 0x74, 0xFF, 0xFC, 0xFF, 0xEF, 0xFF, 0x47, 0xFE, 0xC2, 0x90, 0x90, 0x40, 0x40, 0xE2, 0x82, 
    0xFF, 0x00, 0xFE, 0x01, 0xFF, 0x00, 0xEF, 0x10, 0xEF, 0x10, 0xFF, 0x00, 0xFF, 0x00, 0xFF, 0x00, 
    0xFF, 0xDF, 0xFF, 0x7F, 0xE7, 0xE7, 0x8F, 0x8C, 0x0F, 0x0C, 0xFF, 0xFD, 0x3C, 0x2C, 0x0F, 0x0F, 
    0xFF, 0x00, 0xFF, 0x00, 0xFF, 0x00, 0xFF, 0x00, 0xFF, 0x00, 0xFF, 0x00, 0xFF, 0x00, 0xFF, 0x00, 
    0xFF, 0xFF, 0xFE, 0xFF, 0xFE, 0xFF, 0xFC, 0xFF, 0xF9, 0xFF, 0xFF, 0xFF, 0xFF, 0xFF, 0xFF, 0xFF, 
    0x00, 0xFF, 0x00, 0xFE, 0x00, 0xFE, 0x00, 0xFC, 0x00, 0xF9, 0x00, 0xFF, 0x00, 0xFF, 0x00, 0xFF, 
    0xFF, 0xFF, 0x3F, 0xFF, 0x7F, 0xFF, 0xFF, 0xFF, 0xF6, 0xFF, 0xC1, 0xFF, 0x80, 0xFF, 0xC3, 0xFF, 
    0x00, 0xFF, 0x00, 0x3F, 0x00, 0x7F, 0x00, 0xFF, 0x09, 0xFF, 0x3E, 0xFF, 0x7F, 0xFF, 0x3C, 0xFF, 
    0xFF, 0x00, 0xDF, 0x80, 0xFF, 0x00, 0xDE, 0x00, 0xF6, 0x00, 0xE1, 0x00, 0xC1, 0xC0, 0xE1, 0x00, 
    0x82, 0x7D, 0x80, 0x7F, 0x9F, 0x60, 0x86, 0x79, 0xE2, 0x1D, 0xC0, 0x3F, 0xC0, 0x3F, 0xE1, 0x1E, 
    0x7F, 0x00, 0xFF, 0x00, 0x0F, 0x40, 0x0F, 0x01, 0x3F, 0xC1, 0x3F, 0x1F, 0xFF, 0x1E, 0xF3, 0x13, 
    0x01, 0xFE, 0x01, 0xFE, 0x05, 0xFA, 0x07, 0xF8, 0x1D, 0xE2, 0x1F, 0xE0, 0xFF, 0x00, 0xFF, 0x00, 
    0xFD, 0xFD, 0xFF, 0xFF, 0xFF, 0xFF, 0xFF, 0xFF, 0xF7, 0xFF, 0xF7, 0xF7, 0x80, 0x80, 0x00, 0x00, 
    0x02, 0x02, 0x00, 0x00, 0x00, 0x00, 0x00, 0x00, 0x08, 0x08, 0x08, 0x08, 0x7F, 0x7F, 0xFF, 0xFF, 
    0xFF, 0xFF, 0xFF, 0xFF, 0xEF, 0xEF, 0xFF, 0xFF, 0xFF, 0xFF, 0xFF, 0xFF, 0x4F, 0x4F, 0x00, 0x00, 
    0x00, 0x00, 0x00, 0x00, 0x10, 0x10, 0x00, 0x00, 0x00, 0x00, 0x00, 0x00, 0xB0, 0xB0, 0xFF, 0xFF, 
    0x3F, 0x80, 0x3F, 0x80, 0x31, 0x80, 0x00, 0xCC, 0x00, 0xD7, 0x00, 0x32, 0x07, 0x50, 0x26, 0x15, 
    0x0E, 0xF1, 0x37, 0xC8, 0x20, 0xDF, 0x00, 0xFF, 0x00, 0xFF, 0x00, 0xFF, 0x04, 0xFB, 0x06, 0xF9, 
    0xFF, 0x0C, 0xFE, 0x00, 0xE2, 0x08, 0xF0, 0x06, 0xC4, 0x03, 0x00, 0x7F, 0xC1, 0x1C, 0x43, 0x98, 
    0xDE, 0x21, 0xE4, 0x1B, 0xE0, 0x1F, 0x00, 0xFF, 0x00, 0xFF, 0x20, 0xDF, 0x40, 0xBF, 0x41, 0xBE, 
    0xFF, 0x00, 0xFF, 0x00, 0xFF, 0x00, 0xFF, 0x00, 0xFF, 0x00, 0xFF, 0x00, 0xFF, 0x00, 0xFF, 0x00, 
    0x00, 0x00, 0x00, 0x00, 0x00, 0x00, 0x00, 0x00, 0x00, 0x00, 0x00, 0x00, 0x00, 0x00, 0x00, 0x00, 
    0xFF, 0x00, 0xFF, 0x00, 0xFF, 0x01, 0xFF, 0x07, 0xFF, 0x00, 0xFF, 0x81, 0xFF, 0x7B, 0xFF, 0x1A, 
    0x00, 0x00, 0x00, 0x00, 0x01, 0x01, 0x07, 0x07, 0x00, 0x00, 0x81, 0x81, 0x7B, 0x7B, 0x1A, 0x1A, 
    0x00, 0x66, 0x00, 0x66, 0x11, 0xEE, 0x3F, 0x80, 0x3C, 0x58, 0x3C, 0x53, 0x0C, 0xE3, 0x8D, 0x78, 
    0x00, 0xFF, 0x00, 0xFF, 0xA1, 0x5E, 0xAD, 0x52, 0x24, 0xC3, 0x18, 0xE7, 0x09, 0xF6, 0x4C, 0xB3, 
    0x08, 0x43, 0x7C, 0x02, 0xBC, 0x01, 0x00, 0x1F, 0x00, 0xEF, 0x00, 0x3D, 0x00, 0xFB, 0x00, 0xC3, 
    0x01, 0xFE, 0x3C, 0xC3, 0x25, 0xDA, 0x0C, 0xF3, 0x0C, 0xF3, 0x08, 0xF7, 0x00, 0xFF, 0x42, 0xBD, 
    0xFF, 0xFF, 0xBA, 0xBA, 0xFF, 0xBF, 0x0F, 0x80, 0x22, 0x80, 0x03, 0x90, 0x2E, 0x80, 0x00, 0x81, 
    0x00, 0x00, 0x45, 0x45, 0x40, 0x00, 0x03, 0xFC, 0x00, 0xFF, 0x80, 0x7F, 0x80, 0x7F, 0x80, 0x7F, 
    0xFF, 0xFF, 0x0C, 0x0C, 0xFF, 0xFF, 0xA7, 0x00, 0x03, 0x10, 0x00, 0x70, 0x00, 0x01, 0x0B, 0x00, 
    0x00, 0x00, 0xF3, 0xF3, 0x00, 0x00, 0x00, 0xFF, 0x01, 0xFE, 0x00, 0xFF, 0x00, 0xFF, 0x01, 0xFE, 
    0xC0, 0xFF, 0xF8, 0xF8, 0xF0, 0xF0, 0x00, 0x78, 0x03, 0xFB, 0x1F, 0xFF, 0xF7, 0xF7, 0xFF, 0xFF, 
    0x3F, 0x3F, 0x07, 0x07, 0x0F, 0x0F, 0xFF, 0xFF, 0xFC, 0xFC, 0xE0, 0xE0, 0x08, 0x08, 0x00, 0x00, 
    0x00, 0xB0, 0x04, 0x84, 0x02, 0x03, 0x0F, 0x0F, 0xCF, 0xCF, 0x9C, 0x9C, 0xF8, 0xF8, 0xC0, 0xC0, 
    0xFF, 0xFF, 0xFB, 0xFB, 0xFD, 0xFD, 0xF0, 0xF0, 0x30, 0x30, 0x63, 0x63, 0x07, 0x07, 0x3F, 0x3F, 
    0x60, 0x60, 0xF0, 0xF0, 0x00, 0x00, 0x7F, 0x7F, 0xFF, 0xFF, 0xFB, 0xFF, 0x00, 0xFF, 0x00, 0xFF, 
    0xFF, 0x00, 0xFF, 0x00, 0xFF, 0x01, 0x80, 0xFF, 0x00, 0xFF, 0x00, 0xFB, 0x00, 0x00, 0x00, 0x00, 
    0x80, 0x80, 0x00, 0x00, 0x00, 0x00, 0xFF, 0xFF, 0xFF, 0xFF, 0xFF, 0xFF, 0x00, 0xFF, 0x00, 0xFF, 
    0xFF, 0x00, 0xFF, 0x00, 0xFF, 0xF4, 0x00, 0xFF, 0x00, 0xFF, 0x00, 0xFF, 0x00, 0x00, 0x00, 0x00, 
    0x00, 0x00, 0x00, 0x00, 0x00, 0x00, 0x00, 0x00, 0x01, 0x01, 0x3F, 0x32, 0xFF, 0xC0, 0xFF, 0x91, 
    0xFF, 0x00, 0xFF, 0x00, 0xFF, 0x00, 0xFF, 0x00, 0xFF, 0x00, 0xFF, 0x00, 0xFF, 0x00, 0xFF, 0x00, 
    0x00, 0x00, 0x00, 0x00, 0x1B, 0x1B, 0x0F, 0x0F, 0x9F, 0x98, 0xFF, 0x00, 0xFF, 0x03, 0xFF, 0x00, 
    0xFF, 0x00, 0xFF, 0x00, 0xFF, 0x00, 0xFF, 0x00, 0xFF, 0x00, 0xFF, 0x00, 0xFF, 0x00, 0xFE, 0x01, 
    0xFF, 0xBA, 0xFF, 0x00, 0xFF, 0x00, 0xFF, 0x00, 0xFF, 0x00, 0xFF, 0x00, 0xFF, 0x00, 0xFF, 0x00, 
    0xBA, 0xBA, 0x00, 0x00, 0x00, 0x00, 0x00, 0x00, 0x00, 0x00, 0x00, 0x00, 0x00, 0x00, 0x00, 0x00, 
    0xFF, 0x60, 0xFF, 0x00, 0xFF, 0x00, 0xFF, 0x00, 0xFF, 0x00, 0xFF, 0x00, 0xFF, 0x00, 0xFF, 0x00, 
    0x60, 0x60, 0x00, 0x00, 0x00, 0x00, 0x00, 0x00, 0x00, 0x00, 0x00, 0x00, 0x00, 0x00, 0x00, 0x00, 
    0x00, 0xCF, 0x00, 0xE4, 0x00, 0x07, 0x00, 0x07, 0x00, 0x07, 0x00, 0x3F, 0x00, 0xFF, 0x00, 0xFF, 
    0x80, 0x7F, 0x00, 0xFF, 0x00, 0xFF, 0x00, 0xFF, 0x03, 0xFC, 0x03, 0xFC, 0x01, 0xFE, 0x07, 0xF8, 
    0x00, 0xD0, 0x01, 0xC0, 0x00, 0xE0, 0x04, 0xF0, 0x1F, 0xE8, 0x1B, 0xE0, 0x1F, 0xEE, 0x02, 0xE2, 
    0x00, 0xFF, 0x00, 0xFF, 0x00, 0xFF, 0x20, 0xDF, 0xDF, 0x20, 0xC9, 0x36, 0xDF, 0x20, 0xDD, 0x22, 
    0xFF, 0x3C, 0xBF, 0x00, 0xF8, 0x00, 0xEA, 0x00, 0xE1, 0x04, 0xD0, 0x04, 0x80, 0x04, 0xFF, 0x00, 
    0xFC, 0x03, 0x1D, 0xE2, 0x80, 0x7F, 0x40, 0xBF, 0x01, 0xFE, 0x80, 0x7F, 0x00, 0xFF, 0x40, 0xBF, 
    0xDF, 0x00, 0xDC, 0x00, 0x64, 0x01, 0x20, 0x01, 0x80, 0x00, 0x11, 0x00, 0xFF, 0x00, 0x7F, 0x00, 
    0x1C, 0xE3, 0x88, 0x77, 0x00, 0xFF, 0x00, 0xFF, 0x00, 0xFF, 0x00, 0xFF, 0x00, 0xFF, 0x07, 0xF8, 
    0xFF, 0x03, 0xFF, 0x38, 0xFC, 0x73, 0xDC, 0x3D, 0x9F, 0x9F, 0xE3, 0xFF, 0x78, 0xFF, 0xC0, 0xFF, 
    0x03, 0x03, 0x3F, 0x3F, 0xFC, 0xFC, 0xC3, 0xDF, 0x60, 0xFF, 0x00, 0xE3, 0x00, 0x78, 0x00, 0xC0, 
    0xFF, 0xC0, 0xE7, 0x1F, 0xEF, 0xEF, 0xFE, 0xFF, 0xFF, 0xFF, 0xF8, 0xFF, 0x00, 0xFF, 0x00, 0xFF, 
    0xFF, 0xFF, 0xE0, 0xE7, 0x10, 0xFF, 0x00, 0xFE, 0x00, 0xFF, 0x00, 0xF8, 0x00, 0x00, 0x00, 0x00, 
    0xF7, 0xF7, 0xFF, 0xF3, 0x4F, 0x4F, 0xFF, 0xFF, 0xFE, 0xFE, 0x00, 0x00, 0x00, 0x00, 0xFF, 0xFF, 
    0xFF, 0x00, 0xFF, 0x00, 0xFF, 0x00, 0xFF, 0x00, 0xFF, 0x00, 0xFF, 0x00, 0xFF, 0x00, 0x00, 0xFF, 
    0xFD, 0x80, 0xFF, 0x9C, 0xFF, 0xFF, 0xFF, 0x9F, 0x00, 0x00, 0x00, 0x00, 0x00, 0x00, 0xFF, 0xFF, 
    0xF0, 0x0F, 0xFF, 0x00, 0xFF, 0x00, 0xFF, 0x00, 0xFF, 0x00, 0xFF, 0x00, 0xFF, 0x7F, 0x00, 0xFF, 
    0xFF, 0x00, 0xFF, 0x00, 0xFF, 0x00, 0xFF, 0x00, 0xFF, 0xA7, 0xFF, 0x80, 0xF8, 0x07, 0x73, 0xFB, 
    0x00, 0x00, 0x00, 0x00, 0x00, 0x00, 0x00, 0x00, 0xA7, 0xA7, 0xFF, 0xFF, 0xF8, 0xF8, 0x0C, 0x7C, 
    0xFF, 0x00, 0xFF, 0x00, 0xFF, 0x60, 0xFF, 0x1E, 0xFD, 0x82, 0xA0, 0x5F, 0x60, 0xE8, 0xC0, 0xC3, 
    0x00, 0x00, 0x00, 0x00, 0x60, 0x60, 0x1F, 0x1F, 0xFD, 0xFD, 0xA0, 0xA0, 0x1F, 0x7F, 0x3F, 0x3F, 
    0x00, 0x83, 0x00, 0xFF, 0x00, 0xFF, 0x00, 0xFF, 0x00, 0xFF, 0x00, 0xFF, 0x00, 0xFF, 0x00, 0xFF, 
    0x00, 0xFF, 0x01, 0xFE, 0xFF, 0x00, 0xFF, 0x00, 0xFF, 0x00, 0xFF, 0x00, 0xFF, 0x00, 0xFF, 0x00, 
    0x01, 0xC0, 0x02, 0x80, 0x01, 0xEC, 0x00, 0xFF, 0x00, 0xFF, 0x00, 0xFF, 0x00, 0xFF, 0x00, 0xFF, 
    0x00, 0xFF, 0x00, 0xFF, 0x00, 0xFF, 0xF8, 0x07, 0xFF, 0x00, 0xFF, 0x00, 0xFF, 0x00, 0xFE, 0x01, 
    0xFF, 0xC7, 0xFF, 0xC7, 0xFE, 0x1E, 0xFE, 0xF6, 0x8F, 0x8F, 0xC0, 0x40, 0xC0, 0x40, 0xE1, 0xE1, 
    0xFF, 0x00, 0xEF, 0x10, 0xFF, 0x00, 0xFF, 0x00, 0xFF, 0x00, 0x7F, 0x80, 0xFF, 0x00, 0xFF, 0x00, 
    0xC0, 0xC0, 0x08, 0x08, 0x36, 0x36, 0xBF, 0xAF, 0xAF, 0xAB, 0x3C, 0x34, 0x30, 0x30, 0x01, 0x01, 
    0xFF, 0x00, 0xFF, 0x00, 0xFF, 0x00, 0xFF, 0x00, 0xFF, 0x00, 0xFF, 0x00, 0xFF, 0x00, 0xFF, 0x00, 
    0x00, 0xFF, 0x00, 0xFF, 0xFF, 0x00, 0xFF, 0x00, 0xFF, 0x00, 0xFF, 0x00, 0xFF, 0x00, 0xFF, 0x00, 
    0x00, 0x00, 0x00, 0x00, 0xFF, 0xFF, 0xFF, 0xFF, 0xFF, 0xFF, 0xFF, 0xFF, 0xFF, 0xFF, 0xFF, 0xFF, 
    0x00, 0xFF, 0x19, 0xE6, 0xFF, 0x00, 0xFF, 0x00, 0xFF, 0x00, 0xFF, 0x00, 0xFF, 0x00, 0xFF, 0x00, 
    0x00, 0x00, 0x19, 0x19, 0xFF, 0xFF, 0xFF, 0xFF, 0xFF, 0xFF, 0xFF, 0xFF, 0xFF, 0xFF, 0xFF, 0xFF, 
    0x00, 0x01, 0x00, 0x1F, 0xE0, 0xF4, 0xE0, 0xE0, 0x80, 0x80, 0x00, 0x00, 0x00, 0x00, 0x00, 0x00, 
    0xFF, 0xFF, 0xFF, 0xFF, 0x1F, 0x1F, 0x1F, 0x1F, 0x7F, 0x7F, 0xFF, 0xFF, 0xFF, 0xFF, 0xFF, 0xFF, 
    0x00, 0xE0, 0x30, 0xF0, 0x00, 0x00, 0x00, 0x00, 0x01, 0x01, 0x00, 0x00, 0x00, 0x00, 0x0F, 0x0F, 
    0xFF, 0xFF, 0xCF, 0xCF, 0xFF, 0xFF, 0xFF, 0xFF, 0xFE, 0xFE, 0xFF, 0xFF, 0xFF, 0xFF, 0xF0, 0xF0, 
    0xFF, 0x00, 0xFF, 0xFF, 0xFF, 0xFF, 0xFF, 0xFF, 0xFF, 0xFF, 0xFF, 0xFF, 0xFF, 0xFF, 0xFF, 0xFF, 
    0xFF, 0x00, 0xFF, 0x00, 0xFF, 0x00, 0xFF, 0x00, 0xFF, 0x00, 0xFF, 0x00, 0xFF, 0x00, 0xFF, 0x00, 
    0xFF, 0x20, 0xFF, 0xE0, 0xFF, 0xE0, 0xFF, 0xE0, 0xFF, 0xE0, 0xFF, 0xF8, 0xFF, 0xFF, 0xFF, 0xFF, 
    0xFF, 0x00, 0xFF, 0x00, 0xFF, 0x00, 0xFF, 0x00, 0xFF, 0x00, 0xFF, 0x00, 0xFF, 0x00, 0xFF, 0x00, 
    0xFF, 0x41, 0xFF, 0x58, 0x3F, 0x10, 0x3F, 0x00, 0xC0, 0x13, 0x00, 0x30, 0x02, 0x18, 0x03, 0x0C, 
    0x7F, 0x80, 0x79, 0x86, 0x3F, 0xC0, 0x06, 0xF9, 0xC0, 0x3F, 0x00, 0xFF, 0x00, 0xFF, 0x01, 0xFE, 
    0xFF, 0x00, 0xF4, 0x00, 0x19, 0x00, 0xFF, 0x00, 0x7F, 0x02, 0xFF, 0x00, 0xFF, 0x6E, 0xFF, 0x30, 
    0x8D, 0x72, 0x90, 0x6F, 0x01, 0xFE, 0x0D, 0xF2, 0x06, 0xF9, 0x73, 0x8C, 0x7F, 0x80, 0xFF, 0x00, 
    0xFF, 0x00, 0xFF, 0x00, 0xFF, 0x00, 0xFF, 0x00, 0xFF, 0x00, 0xFF, 0x00, 0xFF, 0x00, 0xFF, 0x00, 
    0x00, 0x00, 0x00, 0x00, 0x00, 0x00, 0x00, 0x00, 0x00, 0x00, 0x00, 0x00, 0x00, 0x00, 0x00, 0x00, 
    0xFF, 0x00, 0xFF, 0x00, 0xFF, 0x00, 0xFF, 0x00, 0xFF, 0x00, 0xFF, 0x00, 0xFF, 0x00, 0xFF, 0x02, 
    0x00, 0x00, 0x00, 0x00, 0x00, 0x00, 0x00, 0x00, 0x00, 0x00, 0x00, 0x00, 0x00, 0x00, 0x02, 0x02, 
    0x00, 0x3F, 0x00, 0x3F, 0x00, 0xFF, 0x00, 0xFF, 0x00, 0xFF, 0x00, 0xFF, 0x00, 0xFF, 0x00, 0xFF, 
    0x18, 0xE7, 0x1C, 0xE3, 0x3C, 0xC3, 0x3C, 0xC3, 0x7C, 0x83, 0xFC, 0x03, 0x7C, 0x83, 0x3C, 0xC3, 
    0x00, 0xFF, 0x00, 0xFF, 0x00, 0xFF, 0x00, 0xFF, 0x00, 0xFF, 0x00, 0xFF, 0x00, 0xFF, 0x00, 0xFF, 
    0x3E, 0xC1, 0x3E, 0xC1, 0xFE, 0x01, 0xFE, 0x01, 0xFE, 0x01, 0xF2, 0x0D, 0xB8, 0x47, 0x01, 0xFE, 
    0xFF, 0x1F, 0xFF, 0x80, 0xFF, 0x00, 0xFF, 0x00, 0xFF, 0x00, 0xFF, 0x00, 0xFF, 0x00, 0xFF, 0x00, 
    0x1F, 0x1F, 0x80, 0x80, 0x00, 0x00, 0x00, 0x00, 0x00, 0x00, 0x00, 0x00, 0x00, 0x00, 0x00, 0x00, 
    0xFF, 0xFF, 0xFF, 0x00, 0xFF, 0x00, 0xFF, 0x00, 0xFF, 0x00, 0xFF, 0x00, 0xFF, 0x00, 0xFF, 0x00, 
    0xFF, 0xFF, 0x00, 0x00, 0x00, 0x00, 0x00, 0x00, 0x00, 0x00, 0x00, 0x00, 0x00, 0x00, 0x00, 0x00, 
    0xFF, 0xFF, 0xFF, 0xFF, 0xFC, 0xFF, 0xF0, 0xFF, 0xA0, 0xFF, 0xE3, 0xFF, 0x87, 0xFF, 0xEF, 0xFF, 
    0x00, 0xFF, 0x00, 0xFF, 0x00, 0xFC, 0x00, 0xF0, 0x00, 0xA0, 0x00, 0xE3, 0x00, 0x87, 0x00, 0xEF, 
    0xFC, 0xFF, 0xC0, 0xFF, 0x00, 0xFF, 0x00, 0xFF, 0x02, 0xFF, 0xFF, 0xFF, 0xFF, 0xFF, 0xFF, 0xFF, 
    0x00, 0xFC, 0x00, 0xC0, 0x00, 0x00, 0x00, 0x00, 0x00, 0x02, 0x00, 0xFF, 0x00, 0xFF, 0x00, 0xFF, 
    0xFF, 0x00, 0xFF, 0x00, 0xFF, 0x00, 0xFA, 0x00, 0xFF, 0x00, 0xFF, 0xFF, 0x81, 0x81, 0x00, 0xFF, 
    0x38, 0xC7, 0xFE, 0x01, 0xFE, 0x01, 0xE0, 0x1F, 0xF1, 0x0E, 0x00, 0x00, 0x7E, 0x7E, 0xFF, 0xFF, 
    0x01, 0x60, 0x83, 0x38, 0x80, 0x03, 0x01, 0x00, 0xFF, 0x00, 0xFF, 0xCF, 0xFF, 0xFF, 0x00, 0xFF, 
    0x00, 0xFF, 0x22, 0xDD, 0x00, 0xFF, 0x00, 0xFF, 0x98, 0x67, 0x30, 0x00, 0x00, 0x00, 0xFF, 0xFF, 
    0xFE, 0xFF, 0x00, 0xFF, 0x83, 0x7C, 0xFF, 0x00, 0xFF, 0x00, 0xFF, 0x00, 0xFF, 0x00, 0xFF, 0x00, 
    0x00, 0xFE, 0x00, 0x00, 0x83, 0x83, 0xFF, 0xFF, 0xFF, 0xFF, 0xFF, 0xFF, 0xFF, 0xFF, 0xFF, 0xFF, 
    0xFE, 0xFF, 0x00, 0xFF, 0x7F, 0x80, 0xFF, 0x00, 0xFF, 0x00, 0xFF, 0x00, 0xFF, 0x00, 0xFF, 0x00, 
    0x00, 0xFE, 0x00, 0x00, 0x7F, 0x7F, 0xFF, 0xFF, 0xFF, 0xFF, 0xFF, 0xFF, 0xFF, 0xFF, 0xFF, 0xFF, 
    0xDF, 0xDF, 0xC3, 0xC3, 0xFF, 0xFF, 0xFF, 0xFF, 0xFF, 0xFF, 0xFF, 0xFF, 0xFF, 0xFF, 0xFF, 0xFF, 
    0x20, 0x20, 0x3C, 0x3C, 0x00, 0x00, 0x00, 0x00, 0x00, 0x00, 0x00, 0x00, 0x00, 0x00, 0x00, 0x00, 
    0xDF, 0xDF, 0xFF, 0xFF, 0xFF, 0xFF, 0xFF, 0xFF, 0xFF, 0xFF, 0xFF, 0xFF, 0xFF, 0xFF, 0xFF, 0xFF, 
    0x20, 0x20, 0x00, 0x00, 0x00, 0x00, 0x00, 0x00, 0x00, 0x00, 0x00, 0x00, 0x00, 0x00, 0x00, 0x00, 
    0x00, 0xF0, 0x00, 0xFF, 0x03, 0x90, 0xF0, 0x70, 0x84, 0x84, 0xEF, 0x6E, 0xFF, 0x00, 0xFF, 0x00, 
    0x00, 0xFF, 0x7E, 0x81, 0x00, 0xFF, 0xFF, 0x00, 0xFB, 0x04, 0xFF, 0x00, 0x60, 0x9F, 0xFC, 0x03, 
    0x98, 0x07, 0x70, 0x06, 0xF0, 0x0E, 0x31, 0x2A, 0x61, 0x66, 0xE1, 0x50, 0x67, 0x00, 0xFF, 0x00, 
    0x00, 0xFF, 0x10, 0xEF, 0xC0, 0x3F, 0xE1, 0x1E, 0xE1, 0x1E, 0xC0, 0x3F, 0x43, 0xBC, 0x03, 0xFC, 
    0xFF, 0x00, 0x67, 0x00, 0x01, 0xB0, 0xEF, 0x00, 0xFF, 0x00, 0xFF, 0xFF, 0xF8, 0xF8, 0x00, 0xFF, 
    0x97, 0x68, 0x27, 0xD8, 0x00, 0xFF, 0x01, 0xFE, 0xFF, 0x00, 0x00, 0x00, 0x07, 0x07, 0xFF, 0xFF, 
    0xF8, 0x01, 0xFE, 0x00, 0xFF, 0x00, 0xFC, 0x00, 0xFF, 0x00, 0xFF, 0xFF, 0x01, 0x01, 0x00, 0xFF, 
    0xE0, 0x1F, 0xF8, 0x07, 0xF0, 0x0F, 0x00, 0xFF, 0xFF, 0x00, 0x00, 0x00, 0xFE, 0xFE, 0xFF, 0xFF, 
    0x00, 0x1B, 0x00, 0x77, 0x00, 0xFF, 0x00, 0xFF, 0x00, 0xFF, 0x00, 0xFF, 0x00, 0xFF, 0x00, 0xFF, 
    0x00, 0xFF, 0x00, 0xFF, 0xFF, 0x00, 0xFF, 0x00, 0xFF, 0x00, 0xFF, 0x00, 0xFF, 0x00, 0x00, 0xFF, 
    0x00, 0xFF, 0x00, 0xFE, 0x00, 0xF2, 0x00, 0xFB, 0x00, 0xEF, 0x00, 0xFC, 0x00, 0xFC, 0x00, 0xF3, 
    0x00, 0xFF, 0x00, 0xFF, 0xE0, 0x1F, 0xE0, 0x1F, 0xC0, 0x3F, 0xC0, 0x3F, 0x80, 0x7F, 0x40, 0xBF, 
    0x00, 0x00, 0x00, 0x00, 0xC3, 0xC3, 0xDD, 0xDD, 0xFF, 0xFF, 0xFF, 0xFF, 0xFF, 0xFF, 0xFF, 0xFF, 
    0xFF, 0xFF, 0xFF, 0xFF, 0x3C, 0x3C, 0x22, 0x22, 0x00, 0x00, 0x00, 0x00, 0x00, 0x00, 0x00, 0x00, 
    0x1F, 0x1F, 0x7F, 0x7F, 0xFF, 0xFF, 0xFF, 0xFF, 0xFF, 0xFF, 0xFF, 0xFF, 0xFF, 0xFF, 0xFF, 0xFF, 
    0xE0, 0xE0, 0x80, 0x80, 0x00, 0x00, 0x00, 0x00, 0x00, 0x00, 0x00, 0x00, 0x00, 0x00, 0x00, 0x00, 
    0x3E, 0x00, 0x3D, 0x00, 0x7F, 0x00, 0xE0, 0x1F, 0xFF, 0x00, 0xFF, 0x00, 0xFF, 0xFF, 0xFD, 0xFD, 
    0x00, 0xFF, 0x18, 0xE7, 0x0C, 0xF3, 0x40, 0xBF, 0x21, 0xDE, 0x03, 0xFC, 0x00, 0x00, 0x02, 0x02, 
    0x13, 0x00, 0xFE, 0x00, 0xFF, 0x00, 0x3F, 0x00, 0xF8, 0x03, 0xF8, 0x00, 0xFF, 0xFF, 0xFF, 0xFF, 
    0x00, 0xFF, 0xFC, 0x03, 0x3F, 0xC0, 0x39, 0xC6, 0x00, 0xFF, 0x70, 0x8F, 0x00, 0x00, 0x00, 0x00, 
    0x00, 0x00, 0x00, 0x00, 0x00, 0x00, 0x00, 0x00, 0x00, 0x00, 0x00, 0x00, 0x00, 0x00, 0x00, 0x00, 
    0xFF, 0xFF, 0xFF, 0xFF, 0xFF, 0xFF, 0xFF, 0xFF, 0xFF, 0xFE, 0xFF, 0xFC, 0xFF, 0xFC, 0xFF, 0xE0, 
    0x00, 0x00, 0x00, 0x00, 0x00, 0x00, 0x00, 0x00, 0x00, 0x00, 0x00, 0x00, 0x00, 0x00, 0x00, 0x00, 
    0xFF, 0xFE, 0xFF, 0xF8, 0xFF, 0xE0, 0xFF, 0x80, 0xFF, 0x00, 0xFF, 0x00, 0xFF, 0x00, 0xFF, 0x00, 
    0xF7, 0x00, 0x63, 0x00, 0x63, 0x00, 0x3F, 0x00, 0x18, 0x00, 0xD1, 0x00, 0xF8, 0x00, 0xE7, 0x00, 
    0x02, 0xFD, 0x00, 0xFF, 0x00, 0xFF, 0x00, 0xFF, 0x00, 0xFF, 0x80, 0x7F, 0xA0, 0x5F, 0x03, 0xFC, 
    0xFF, 0x00, 0xFF, 0x00, 0xFF, 0x00, 0xBE, 0x00, 0x3F, 0x02, 0xFF, 0x1F, 0xFF, 0x1F, 0xFF, 0xFF, 
    0x7F, 0x80, 0x7F, 0x80, 0x7C, 0x83, 0x00, 0xFF, 0x07, 0xF8, 0xFF, 0x00, 0x7F, 0x80, 0xFF, 0x00, 
    0xE0, 0xFF, 0x00, 0xF0, 0x00, 0x00, 0x07, 0x07, 0x0E, 0x0E, 0x00, 0x20, 0x88, 0x88, 0xA3, 0xA3, 
    0x1F, 0xFF, 0xFF, 0xFF, 0xFF, 0xFF, 0xF8, 0xF8, 0xF1, 0xF1, 0xFF, 0xFF, 0x77, 0x77, 0x5C, 0x5C, 
    0x3C, 0xFC, 0x7C, 0x7C, 0xC0, 0xC0, 0x80, 0x80, 0x80, 0x80, 0x04, 0x04, 0x00, 0x00, 0x87, 0x87, 
    0xC3, 0xC3, 0x83, 0x83, 0x3F, 0x3F, 0x7F, 0x7F, 0x7F, 0x7F, 0xFB, 0xFB, 0xFF, 0xFF, 0x78, 0x78, 
    0x00, 0xC0, 0x00, 0xC3, 0x00, 0xFF, 0x00, 0xFF, 0x00, 0xFF, 0x00, 0xFF, 0x00, 0xFF, 0x00, 0xFF, 
    0x00, 0xFF, 0x40, 0xBF, 0x9F, 0x60, 0xFF, 0x00, 0xFF, 0x00, 0xFF, 0x00, 0xFF, 0x00, 0xFF, 0x00, 
    0x00, 0xFF, 0x00, 0xFF, 0x00, 0xFF, 0x00, 0xFF, 0x00, 0xFF, 0x00, 0xFF, 0x00, 0xFF, 0x00, 0xFF, 
    0x1F, 0xE0, 0x7F, 0x80, 0xFF, 0x00, 0xFF, 0x00, 0xFF, 0x00, 0xFF, 0x00, 0xFF, 0x00, 0xFF, 0x00, 
    0x00, 0xFC, 0x00, 0xF0, 0x4F, 0x7F, 0xF3, 0xF3, 0x20, 0x20, 0xC0, 0xE0, 0x80, 0x80, 0xC7, 0xC7, 
    0xFF, 0xFF, 0xFF, 0xFF, 0xB0, 0xB0, 0x0C, 0x0C, 0xDF, 0xDF, 0x3F, 0x3F, 0x7F, 0x7F, 0x38, 0x38, 
    0x00, 0x7F, 0x10, 0x1F, 0xFF, 0xFF, 0xA0, 0xA0, 0x70, 0x70, 0x7F, 0x7F, 0x7F, 0x7F, 0xFE, 0xFE, 
    0xFF, 0xFF, 0xEF, 0xEF, 0x00, 0x00, 0x5F, 0x5F, 0x8F, 0x8F, 0x80, 0x80, 0x80, 0x80, 0x01, 0x01, 
    0x00, 0x7F, 0xFF, 0xFF, 0xFE, 0x7A, 0xFF, 0x3E, 0xFF, 0x1E, 0xFD, 0xFD, 0xFF, 0xE7, 0xFC, 0xFC, 
    0xFF, 0xFF, 0x00, 0x00, 0xFF, 0x00, 0x7F, 0x80, 0xFF, 0x00, 0xFF, 0x00, 0xFF, 0x00, 0xFF, 0x00, 
    0x00, 0xFD, 0xFF, 0xFF, 0xFF, 0x99, 0xF7, 0x44, 0xFF, 0xDE, 0xFF, 0xFF, 0xFF, 0xFF, 0x7F, 0x7C, 
    0xFF, 0xFF, 0x00, 0x00, 0xFF, 0x00, 0xFC, 0x03, 0xFF, 0x00, 0xFF, 0x00, 0xFF, 0x00, 0xFE, 0x01, 
    0x21, 0x21, 0x80, 0x80, 0x98, 0x98, 0x00, 0x00, 0x10, 0x10, 0xB0, 0xA0, 0xA0, 0xA0, 0x39, 0x19, 
    0xFF, 0x00, 0xFF, 0x00, 0xFF, 0x00, 0xFF, 0x00, 0xFF, 0x00, 0xFF, 0x00, 0xFF, 0x00, 0xFF, 0x00, 
    0x3F, 0x20, 0x9F, 0x80, 0x1C, 0x1C, 0x30, 0x30, 0x00, 0x00, 0x00, 0x00, 0x00, 0x00, 0x80, 0x80, 
    0xFC, 0x03, 0xFB, 0x04, 0xFF, 0x00, 0xFF, 0x00, 0xFF, 0x00, 0xFF, 0x00, 0xFF, 0x00, 0xFF, 0x00, 
    0x80, 0x80, 0x80, 0x80, 0xA0, 0xA0, 0x00, 0x00, 0x00, 0x00, 0x00, 0x00, 0x40, 0x40, 0x00, 0x00, 
    0x7F, 0x7F, 0x7F, 0x7F, 0x5F, 0x5F, 0xFF, 0xFC, 0xFF, 0xE0, 0xFF, 0x80, 0xBF, 0x1F, 0xFF, 0x9C, 
    0x00, 0x00, 0x21, 0x21, 0x67, 0x67, 0x01, 0x01, 0x00, 0x00, 0x00, 0x00, 0x00, 0x00, 0x00, 0x00, 
    0xFF, 0xFF, 0xDE, 0xFD, 0x98, 0xFF, 0xFE, 0x7D, 0xFF, 0xF8, 0xFF, 0xF0, 0xFF, 0x80, 0xFF, 0x00, 
    0xFF, 0xFF, 0xFF, 0xFF, 0xFF, 0xFF, 0xFD, 0xFD, 0xF8, 0xF8, 0xE0, 0xE0, 0x80, 0x80, 0x00, 0x00, 
    0x00, 0x00, 0x00, 0x00, 0x00, 0x00, 0x02, 0x02, 0x07, 0x07, 0x1F, 0x1F, 0x7F, 0x7F, 0xFF, 0xFF, 
    0xF0, 0xF0, 0xF0, 0xF0, 0xF0, 0xF0, 0xC0, 0xC0, 0x01, 0x01, 0x07, 0x07, 0x0F, 0x0F, 0xFC, 0xFC, 
    0x0F, 0x0F, 0x0F, 0x0F, 0x0F, 0x0F, 0x3F, 0x3F, 0xFE, 0xFE, 0xF8, 0xF8, 0xF0, 0xF0, 0x03, 0x03, 
    0x1F, 0x1F, 0xFF, 0xC4, 0xFF, 0x00, 0xFF, 0x11, 0xFF, 0x3F, 0xFF, 0x7F, 0xFF, 0x6F, 0xFF, 0xFF, 
    0xFF, 0x00, 0xFF, 0x00, 0xAE, 0x51, 0xFF, 0x00, 0x7F, 0x80, 0x7F, 0x80, 0xFF, 0x00, 0xFF, 0x00, 
    0xFF, 0x80, 0xFF, 0x03, 0xFF, 0x7F, 0xFF, 0xFF, 0xFA, 0xFA, 0xFF, 0xFF, 0x93, 0x93, 0xDF, 0xDF, 
    0xF7, 0x08, 0xCF, 0x30, 0xFF, 0x00, 0xFF, 0x00, 0xFF, 0x00, 0xFF, 0x00, 0xFF, 0x00, 0xFF, 0x00, 
    0xFF, 0xFF, 0xFF, 0xFF, 0xFF, 0xF3, 0xFF, 0xFD, 0xFF, 0xC4, 0xFF, 0x00, 0xFF, 0x37, 0xFF, 0xE7, 
    0xFF, 0x00, 0xFF, 0x00, 0xFF, 0x00, 0xFF, 0x00, 0xFF, 0x00, 0x1F, 0xE0, 0xFF, 0x00, 0xFF, 0x00, 
    0xFF, 0xFF, 0xFF, 0xFF, 0xFF, 0xFE, 0xFF, 0xE0, 0xFF, 0x00, 0xFF, 0x00, 0xFF, 0x80, 0xFF, 0xC0, 
    0xFF, 0x00, 0xFF, 0x00, 0xFF, 0x00, 0xFF, 0x00, 0xFF, 0x00, 0xFF, 0x00, 0xDD, 0x22, 0xF9, 0x06, 
    0xFC, 0x00, 0xFF, 0x00, 0xFF, 0xE0, 0xFF, 0xF8, 0xFF, 0xF0, 0xFF, 0xF0, 0xFF, 0xF0, 0xFF, 0xF0, 
    0xE0, 0x1F, 0xF0, 0x0F, 0xF8, 0x07, 0xF8, 0x07, 0xF8, 0x07, 0xF8, 0x07, 0xF8, 0x07, 0xF8, 0x07, 
    0x00, 0x07, 0x20, 0x07, 0xF8, 0x03, 0xF8, 0x00, 0xFF, 0x00, 0xFF, 0x00, 0xFC, 0x00, 0xFF, 0x00, 
    0x00, 0xFF, 0x00, 0xFF, 0x00, 0xFF, 0x00, 0xFF, 0x00, 0xFF, 0x00, 0xFF, 0x00, 0xFF, 0x30, 0xCF, 
    0x9E, 0x9E, 0xDC, 0xDC, 0xC0, 0xC0, 0x00, 0x00, 0x01, 0x01, 0x8F, 0x8F, 0xEF, 0xEF, 0xFF, 0xFF, 
    0x61, 0x61, 0x23, 0x23, 0x3F, 0x3F, 0xFF, 0xFF, 0xFE, 0xFE, 0x70, 0x70, 0x10, 0x10, 0x00, 0x00, 
    0x00, 0x00, 0x3F, 0x3F, 0x1F, 0x1F, 0x1F, 0x1F, 0xFF, 0xFF, 0xFF, 0xFF, 0xFF, 0xFF, 0xFD, 0xFD, 
    0xFF, 0xFF, 0xC0, 0xC0, 0xE0, 0xE0, 0xE0, 0xE0, 0x00, 0x00, 0x00, 0x00, 0x00, 0x00, 0x02, 0x02, 
    0x0C, 0x0C, 0x0C, 0x0C, 0x00, 0x00, 0x00, 0x00, 0x00, 0x00, 0x00, 0x00, 0x00, 0x00, 0x00, 0x00, 
    0xF3, 0x2C, 0xF3, 0xCC, 0xFF, 0x00, 0xFF, 0x00, 0xFF, 0x00, 0xFF, 0x00, 0xFF, 0x00, 0xFF, 0x00, 
    0x00, 0x00, 0x00, 0x00, 0x00, 0x00, 0x00, 0x00, 0x00, 0x00, 0x00, 0x00, 0x00, 0x00, 0x00, 0x00, 
    0xFF, 0x03, 0xFF, 0xC3, 0xFF, 0x00, 0xFF, 0x20, 0xFF, 0x00, 0xFF, 0x00, 0xFF, 0x00, 0xFF, 0x00, 
    0xFF, 0x00, 0x80, 0x00, 0x00, 0x7C, 0x00, 0x7C, 0x00, 0x7F, 0x00, 0x7F, 0x00, 0xFF, 0x00, 0x7F, 
    0xFC, 0x03, 0x00, 0xFF, 0x00, 0xFF, 0x00, 0xFF, 0x00, 0xFF, 0x3F, 0xC0, 0x3F, 0xC0, 0x3F, 0xC0, 
    0xC0, 0x04, 0x00, 0x05, 0x00, 0x07, 0x00, 0x47, 0x00, 0xFF, 0x00, 0xFF, 0x00, 0xFF, 0x00, 0xFF, 
    0x00, 0xFF, 0x00, 0xFF, 0x00, 0xFF, 0x00, 0xFF, 0xFC, 0x03, 0xFC, 0x03, 0xFC, 0x03, 0xFC, 0x03, 
    0x84, 0x00, 0x98, 0x00, 0x60, 0x02, 0x40, 0x00, 0x01, 0x00, 0x37, 0x00, 0x9F, 0x00, 0xFF, 0x00, 
    0x00, 0xFF, 0x00, 0xFF, 0x00, 0xFF, 0x00, 0xFF, 0x00, 0xFF, 0x02, 0xFD, 0x07, 0xF8, 0xDF, 0x20, 
    0x7C, 0x00, 0x70, 0x00, 0xBC, 0x00, 0x40, 0x06, 0xF0, 0x07, 0xF0, 0x01, 0x87, 0x00, 0xFF, 0x07, 
    0x00, 0xFF, 0x00, 0xFF, 0x18, 0xE7, 0x00, 0xFF, 0xC0, 0x3F, 0x00, 0xFF, 0x06, 0xF9, 0x87, 0x78, 
    0xFF, 0x00, 0xEF, 0x00, 0xFF, 0x00, 0xCF, 0x00, 0x1F, 0x00, 0xFF, 0x01, 0xFF, 0x39, 0xFF, 0x0F, 
    0x19, 0xE6, 0x83, 0x7C, 0xC0, 0x3F, 0x01, 0xFE, 0x00, 0xFF, 0xDB, 0x24, 0xFF, 0x00, 0x3F, 0xC0, 
    0xFF, 0xC7, 0xFF, 0x79, 0xFF, 0x01, 0xFF, 0x82, 0xFF, 0x00, 0xFF, 0x18, 0xFF, 0xE0, 0xFF, 0xE3, 
    0xFF, 0x00, 0xFB, 0x04, 0x7B, 0x84, 0x9F, 0x60, 0x1E, 0xE1, 0x3C, 0xC3, 0xFC, 0x03, 0xEF, 0x10, 
    0xFF, 0x00, 0xFF, 0x00, 0xFF, 0x00, 0xFF, 0x00, 0xFF, 0x00, 0xFF, 0x00, 0xFF, 0x00, 0xFF, 0x00, 
    0xFF, 0x00, 0xFE, 0x01, 0xFF, 0x00, 0xFF, 0x00, 0xFF, 0x00, 0xFF, 0x00, 0xFF, 0x00, 0x8F, 0x70, 
    0xC0, 0x0F, 0xE0, 0x0F, 0xC0, 0x07, 0xE0, 0x0F, 0xE0, 0x0F, 0xC0, 0x03, 0xFC, 0x03, 0xF8, 0x03, 
    0x03, 0xFC, 0x07, 0xF8, 0x03, 0xFC, 0x07, 0xF8, 0x01, 0xFE, 0x80, 0x7F, 0x01, 0xFE, 0x01, 0xFE, 
    0x01, 0x00, 0x67, 0x00, 0xFF, 0xC7, 0xFE, 0xFE, 0xC0, 0xC0, 0x61, 0x61, 0x11, 0x11, 0x00, 0x00, 
    0x01, 0xFE, 0x03, 0xFC, 0xFF, 0x00, 0xFF, 0x00, 0xFF, 0x00, 0xFF, 0x00, 0xFF, 0x00, 0xFF, 0x00, 
    0xFF, 0x40, 0xFF, 0x4F, 0xFF, 0xFF, 0x3F, 0x20, 0xBF, 0xA1, 0xFC, 0x1C, 0xF0, 0xF0, 0x00, 0x00, 
    0xED, 0x12, 0xFF, 0x00, 0xFF, 0x00, 0xF9, 0x06, 0xED, 0x12, 0x7F, 0x80, 0xFF, 0x00, 0xFF, 0x00, 
    0xFF, 0xFF, 0xFF, 0xFE, 0xFF, 0xFD, 0xFE, 0xFA, 0xE0, 0xE0, 0xC0, 0xC0, 0x01, 0x01, 0x03, 0x03, 
    0x00, 0x00, 0x01, 0x00, 0x02, 0x00, 0x05, 0x00, 0x1F, 0x00, 0x3F, 0x00, 0xFF, 0x00, 0xFF, 0x00, 
    0xFC, 0xF4, 0xF8, 0xF8, 0x80, 0x80, 0x00, 0x00, 0x00, 0x00, 0x00, 0x00, 0x80, 0x80, 0xFB, 0xFB, 
    0x0B, 0x00, 0x07, 0x00, 0x7F, 0x00, 0xFF, 0x00, 0xFF, 0x00, 0xFF, 0x00, 0xFF, 0x00, 0xFF, 0x00, 
    0xE7, 0x10, 0xE0, 0x08, 0x03, 0xE0, 0x1F, 0x43, 0x03, 0x3C, 0x01, 0x00, 0x06, 0x80, 0xFF, 0x07, 
    0x61, 0x9E, 0x80, 0x7F, 0x00, 0xFF, 0x03, 0xFC, 0x01, 0xFE, 0x00, 0xFF, 0x06, 0xF9, 0xF8, 0x00, 
    0xF7, 0x20, 0x3F, 0x00, 0xFF, 0x00, 0xDF, 0x00, 0xFF, 0x00, 0xC3, 0x00, 0x7F, 0x00, 0xFF, 0xFF, 
    0x73, 0x8C, 0x00, 0xFF, 0xC9, 0x36, 0xF7, 0x08, 0xFF, 0x00, 0x00, 0xFF, 0x4F, 0xB0, 0x00, 0x00, 
    0xFF, 0x03, 0xFE, 0x1E, 0xFF, 0xFF, 0xFF, 0xF0, 0xFF, 0x00, 0xFF, 0x00, 0xFF, 0x00, 0xFF, 0x00, 
    0xFF, 0x00, 0xFF, 0x00, 0xFF, 0x00, 0xFF, 0x00, 0xFF, 0x00, 0xFF, 0x00, 0xFF, 0x00, 0xFF, 0x00, 
    0xFF, 0xFF, 0x7F, 0x70, 0xFF, 0x80, 0xFF, 0x00, 0xFF, 0x00, 0xFF, 0x00, 0xFF, 0x00, 0xFF, 0x00, 
    0xFF, 0x00, 0xFF, 0x00, 0xFF, 0x00, 0xFF, 0x00, 0xFF, 0x00, 0xFF, 0x00, 0xFF, 0x00, 0xFF, 0x00, 
    0xF0, 0xF2, 0x00, 0xDF, 0xFF, 0xFB, 0xFF, 0x31, 0xFF, 0x20, 0xFE, 0x00, 0xFF, 0x00, 0xFF, 0x01, 
    0x0F, 0x0F, 0xFF, 0xFF, 0x07, 0x00, 0x7B, 0x84, 0xFF, 0x00, 0xF0, 0x0F, 0x00, 0xFF, 0xCD, 0x32, 
    0x00, 0x7F, 0x00, 0xC0, 0xFF, 0x22, 0xFF, 0x00, 0x7C, 0x30, 0x7C, 0x00, 0x21, 0x00, 0x7F, 0x00, 
    0xFF, 0xFF, 0xFF, 0xFF, 0xFD, 0x00, 0xE0, 0x1F, 0x38, 0xC7, 0x78, 0x87, 0x00, 0xFF, 0x2F, 0xD0, 
    0xFF, 0xFF, 0xFF, 0xFF, 0xFF, 0xFF, 0xF9, 0xF9, 0xDF, 0xDF, 0x9F, 0x9F, 0xFF, 0xFF, 0xFF, 0xFF, 
    0x00, 0x00, 0x00, 0x00, 0x00, 0x00, 0x06, 0x06, 0x20, 0x20, 0x60, 0x60, 0x00, 0x00, 0x00, 0x00, 
    0x9F, 0x9F, 0xFF, 0xFF, 0xFF, 0xFF, 0xFF, 0xFF, 0xFC, 0xFC, 0xC7, 0xC7, 0xF7, 0xF7, 0xFF, 0xFF, 
    0x60, 0x60, 0x00, 0x00, 0x00, 0x00, 0x00, 0x00, 0x03, 0x03, 0x38, 0x38, 0x08, 0x08, 0x00, 0x00, 
    0xFF, 0x0C, 0xFF, 0x00, 0xFF, 0x00, 0xFF, 0x00, 0xFF, 0x00, 0xFF, 0x00, 0xFF, 0x00, 0xFF, 0x00, 
    0x0C, 0x0C, 0x00, 0x00, 0x00, 0x00, 0x00, 0x00, 0x00, 0x00, 0x00, 0x00, 0x00, 0x00, 0x00, 0x00, 
    0xFF, 0x00, 0xFF, 0x00, 0xFF, 0x00, 0xFF, 0x00, 0xFF, 0x00, 0xFF, 0x00, 0xFF, 0x00, 0xFF, 0x00, 
    0x00, 0x00, 0x00, 0x00, 0x00, 0x00, 0x00, 0x00, 0x00, 0x00, 0x00, 0x00, 0x00, 0x00, 0x00, 0x00, 
    0xFC, 0xFF, 0x00, 0xFF, 0x08, 0xFF, 0xF8, 0xFF, 0xE0, 0xFF, 0xFF, 0xFF, 0xDF, 0xFF, 0xDF, 0xFF, 
    0x03, 0xFF, 0xFF, 0xFF, 0xF7, 0xFF, 0x07, 0xFF, 0x1F, 0xFF, 0x00, 0xFF, 0x20, 0xFF, 0x20, 0xFF, 
    0x00, 0xFF, 0x00, 0xFF, 0x00, 0xFF, 0x03, 0xFF, 0x7F, 0xFF, 0xFF, 0xFF, 0xFF, 0xFF, 0xFF, 0xFF, 
    0xFF, 0xFF, 0xFF, 0xFF, 0xFF, 0xFF, 0xFC, 0xFF, 0x80, 0xFF, 0x00, 0xFF, 0x00, 0xFF, 0x00, 0xFF, 
    0xFF, 0xFF, 0xFF, 0xFF, 0xFF, 0xFF, 0xEF, 0xEF, 0xEF, 0xEF, 0xF9, 0xF9, 0xFF, 0xFF, 0xFF, 0xFF, 
    0x00, 0x00, 0x00, 0x00, 0x00, 0x00, 0x10, 0x10, 0x10, 0x10, 0x06, 0x06, 0x00, 0x00, 0x00, 0x00, 
    0xFF, 0xFF, 0xE7, 0xE7, 0xFE, 0xFE, 0xF9, 0xF9, 0xFF, 0xFF, 0xF8, 0xF8, 0x80, 0x80, 0x00, 0x00, 
    0x00, 0x00, 0x18, 0x18, 0x01, 0x01, 0x06, 0x06, 0x00, 0x00, 0x07, 0x07, 0x7F, 0x7F, 0xFF, 0xFF, 
    0x00, 0xFF, 0x00, 0xFF, 0x00, 0xFF, 0x00, 0xFF, 0x00, 0xFF, 0x00, 0xFF, 0x00, 0xFF, 0x00, 0xFF, 
    0x72, 0x8D, 0x72, 0x8D, 0xF2, 0x0D, 0xF2, 0x0D, 0xF2, 0x0D, 0xFE, 0x01, 0xFE, 0x01, 0xFE, 0x01, 
    0x3F, 0x00, 0x18, 0x80, 0x00, 0xC6, 0x20, 0x81, 0x20, 0x8C, 0x33, 0x40, 0x3F, 0x41, 0x3C, 0x44, 
    0x0E, 0xF1, 0x08, 0xF7, 0x00, 0xFF, 0xA0, 0x5F, 0x20, 0xDF, 0x01, 0xFE, 0x1F, 0xE0, 0x3B, 0xC0, 
    0xFF, 0x00, 0xFF, 0x00, 0xFF, 0x00, 0xFF, 0x00, 0xFF, 0x00, 0xFF, 0x00, 0xFF, 0x00, 0x1E, 0xE1, 
    0x7F, 0x7F, 0x7F, 0x7F, 0xFF, 0xFF, 0xFF, 0xFF, 0xFF, 0xFF, 0xFF, 0xFF, 0xFF, 0xFF, 0x1E, 0x1E, 
    0xFF, 0x00, 0xFF, 0x00, 0xFF, 0x00, 0xFF, 0x00, 0xF9, 0x06, 0xFF, 0x00, 0xE0, 0x1F, 0x00, 0xFF, 
    0xFF, 0xFF, 0xFF, 0xFF, 0xFF, 0xFF, 0xFF, 0xFF, 0xF9, 0xF9, 0xFF, 0xFF, 0xE0, 0xE0, 0x00, 0x00, 
    0xFC, 0xFC, 0xCF, 0xCF, 0xFD, 0xFD, 0xF7, 0xF7, 0xFF, 0xFF, 0xFF, 0xFF, 0xBF, 0xBF, 0xFF, 0xFF, 
    0x03, 0x03, 0x30, 0x30, 0x02, 0x02, 0x08, 0x08, 0x00, 0x00, 0x00, 0x00, 0x40, 0x40, 0x00, 0x00, 
    0xFF, 0xFF, 0xF7, 0xF7, 0xFF, 0xFF, 0xFF, 0xFF, 0xF7, 0xF7, 0xFF, 0xFF, 0xFE, 0xFE, 0xFC, 0xFC, 
    0x00, 0x00, 0x08, 0x08, 0x00, 0x00, 0x00, 0x00, 0x08, 0x08, 0x00, 0x00, 0x01, 0x01, 0x03, 0x03, 
    0xFF, 0x00, 0xFF, 0x00, 0xFF, 0x00, 0xFF, 0x00, 0xFF, 0x00, 0xFF, 0x00, 0x00, 0xFF, 0x00, 0xFF, 
    0xFF, 0xFF, 0xFF, 0xFF, 0xFF, 0xFF, 0xFF, 0xFF, 0xFF, 0xFF, 0xFF, 0xFF, 0x00, 0x00, 0x00, 0x00, 
    0xFF, 0x00, 0xFF, 0x00, 0xFF, 0x00, 0x8F, 0x70, 0xFF, 0x00, 0xFF, 0x00, 0x3F, 0xC0, 0x00, 0xFF, 
    0xFF, 0xFF, 0xFF, 0xFF, 0xFF, 0xFF, 0x8F, 0x8F, 0xFF, 0xFF, 0xFF, 0xFF, 0x3F, 0x3F, 0x00, 0x00, 
    0x00, 0xFF, 0x00, 0xFF, 0x00, 0xFF, 0x00, 0xFF, 0xE0, 0x0F, 0xF7, 0xC0, 0xFF, 0xF8, 0xF8, 0xC0, 
    0xFF, 0x00, 0xFF, 0x00, 0xFF, 0x00, 0x07, 0xF8, 0xC0, 0x3F, 0xF3, 0x0C, 0xFC, 0x03, 0xF8, 0x07, 
    0x00, 0xFF, 0x00, 0xFF, 0x00, 0xFF, 0x00, 0xFF, 0x00, 0xFF, 0xC0, 0x1F, 0x00, 0x03, 0x30, 0x01, 
    0xFF, 0x00, 0xFF, 0x00, 0xFF, 0x00, 0xFF, 0x00, 0x5F, 0xA0, 0x8F, 0x70, 0x01, 0xFE, 0x00, 0xFF, 
    0xEF, 0x00, 0xC8, 0x00, 0xCB, 0x00, 0xEF, 0xC0, 0xDF, 0x00, 0x3F, 0x86, 0xFF, 0x1C, 0xFB, 0x60, 
    0x85, 0x7A, 0x80, 0x7F, 0x01, 0xFE, 0xE7, 0x18, 0x97, 0x68, 0x1F, 0xE0, 0x3F, 0xC0, 0xF9, 0x06, 
    0xFF, 0x09, 0x7F, 0x0E, 0xFF, 0x3C, 0xFF, 0xC0, 0xF9, 0xC0, 0x8D, 0x00, 0xCF, 0x00, 0xFF, 0x0F, 
    0xCF, 0x30, 0x0F, 0xF0, 0x3E, 0xC1, 0xE9, 0x16, 0xE1, 0x1E, 0x00, 0xFF, 0x85, 0x7A, 0x7F, 0x80, 
    0x00, 0xFF, 0x00, 0xFF, 0x00, 0xFF, 0x00, 0xFF, 0x00, 0xFF, 0x00, 0xFF, 0xFC, 0x1B, 0xFF, 0x00, 
    0x00, 0x00, 0x00, 0x00, 0x00, 0x00, 0x00, 0x00, 0x00, 0x00, 0x00, 0x00, 0xFC, 0xFC, 0x00, 0x00, 
    0x00, 0xFF, 0x00, 0xFF, 0x00, 0xFF, 0x00, 0xFF, 0x00, 0xFF, 0x00, 0xFF, 0xFF, 0x4E, 0xFF, 0x00, 
    0x00, 0x00, 0x00, 0x00, 0x00, 0x00, 0x00, 0x00, 0x00, 0x00, 0x00, 0x00, 0xFF, 0xFF, 0x00, 0x00, 
    0x02, 0xFF, 0x3F, 0xFF, 0xFF, 0xFF, 0xFF, 0xFF, 0xFF, 0xFF, 0xFF, 0xFF, 0x7F, 0xFF, 0xFE, 0xFF, 
    0xFD, 0xFF, 0xC0, 0xFF, 0x00, 0xFF, 0x00, 0xFF, 0x00, 0xFF, 0x00, 0xFF, 0x80, 0xFF, 0x01, 0xFF, 
    0x7F, 0xFF, 0xFF, 0xFF, 0xFF, 0xFF, 0xFF, 0xFF, 0xF8, 0xFF, 0xFC, 0xFF, 0xF0, 0xFF, 0x00, 0xF8, 
    0x80, 0xFF, 0x00, 0xFF, 0x00, 0xFF, 0x00, 0xFF, 0x07, 0xFF, 0x03, 0xFF, 0x0F, 0xFF, 0xFF, 0xFF, 
    0x00, 0x00, 0x00, 0x00, 0x00, 0x00, 0x00, 0x00, 0x00, 0x00, 0x00, 0x00, 0x00, 0x00, 0x00, 0x00, 
    0xFF, 0x03, 0xFF, 0x01, 0xFF, 0x00, 0xFF, 0x00, 0xFF, 0x00, 0xFF, 0x00, 0xFF, 0x00, 0xFF, 0x00, 
    0x00, 0x00, 0x00, 0x00, 0x00, 0x00, 0x00, 0x00, 0x00, 0x00, 0x07, 0x07, 0x03, 0x03, 0x00, 0x00, 
    0xFF, 0xFF, 0xFF, 0xFF, 0xFF, 0x7F, 0xFF, 0x3F, 0xFF, 0x00, 0xFF, 0x40, 0xFF, 0x00, 0xFF, 0x00, 
    0x00, 0xFF, 0x00, 0xFF, 0x00, 0xFF, 0x00, 0xFF, 0x00, 0xFF, 0x00, 0xFF, 0x00, 0xFF, 0x00, 0xFF, 
    0xFF, 0x00, 0xFF, 0x00, 0xFF, 0x00, 0xFF, 0x00, 0xFF, 0x00, 0xFF, 0x00, 0xFF, 0x00, 0xFF, 0x00, 
    0x00, 0xF0, 0x00, 0xF0, 0x00, 0xF0, 0x00, 0xF0, 0x00, 0xE0, 0x00, 0xE0, 0x00, 0xF0, 0x00, 0xE0, 
    0xE0, 0x1F, 0xE0, 0x1F, 0xE0, 0x1F, 0xE0, 0x1F, 0xC0, 0x3F, 0xC0, 0x3F, 0xC0, 0x3F, 0xC0, 0x3F, 
    0xFF, 0x03, 0xFF, 0xDA, 0xF8, 0x07, 0x61, 0xFF, 0xFF, 0xFF, 0x07, 0xFF, 0x00, 0xFF, 0x04, 0xFF, 
    0x03, 0x03, 0xDB, 0xDB, 0xF8, 0xF8, 0x00, 0x61, 0x00, 0xFF, 0xF8, 0xFF, 0xFF, 0xFF, 0xFB, 0xFF, 
    0xFF, 0x00, 0xFF, 0x00, 0x00, 0xFF, 0xFF, 0xFF, 0xFF, 0xFF, 0xE6, 0xFF, 0x60, 0xFF, 0x70, 0xFF, 
    0x3F, 0x3F, 0xFF, 0xFF, 0x00, 0x00, 0x00, 0xFF, 0x00, 0xFF, 0x19, 0xFF, 0x9F, 0xFF, 0x8F, 0xFF, 
    0xFF, 0x00, 0xFF, 0x00, 0xFF, 0x00, 0xFF, 0x00, 0xFF, 0x00, 0xDF, 0xFF, 0x00, 0x02, 0x00, 0xFF, 
    0x00, 0x00, 0x00, 0x00, 0x00, 0x00, 0xFF, 0xFF, 0xFF, 0xFF, 0x00, 0xDF, 0xFF, 0xFF, 0xFF, 0xFF, 
    0xFF, 0x00, 0xFF, 0x08, 0xFF, 0x0B, 0xFF, 0x00, 0xF0, 0x0F, 0xE1, 0xE5, 0x48, 0x4B, 0x00, 0xFF, 
    0x00, 0x00, 0x08, 0x08, 0x0B, 0x0B, 0xFF, 0xFF, 0xF0, 0xF0, 0x1E, 0xFE, 0xB7, 0xB7, 0xFF, 0xFF, 
    0xF3, 0xF3, 0xFF, 0xFF, 0xFB, 0xFB, 0xFC, 0xFC, 0xFF, 0xFF, 0xFF, 0xFF, 0xFF, 0xFF, 0xFF, 0xFF, 
    0x0C, 0x0C, 0x00, 0x00, 0x04, 0x04, 0x03, 0x03, 0x00, 0x00, 0x00, 0x00, 0x00, 0x00, 0x00, 0x00, 
    0xFF, 0xFF, 0xFF, 0xFF, 0xFF, 0xFF, 0xFF, 0xFF, 0xFF, 0xFF, 0xFF, 0xFF, 0xFF, 0xFF, 0xFF, 0xFF, 
    0x00, 0x00, 0x00, 0x00, 0x00, 0x00, 0x00, 0x00, 0x00, 0x00, 0x00, 0x00, 0x00, 0x00, 0x00, 0x00, 
    0xFF, 0x01, 0xC2, 0x00, 0x03, 0x14, 0x23, 0x8C, 0x01, 0xDC, 0x00, 0xFF, 0x00, 0xFF, 0x00, 0x7F, 
    0x13, 0xEC, 0x82, 0x7D, 0x03, 0xFC, 0x07, 0xF8, 0x01, 0xFE, 0x00, 0xFF, 0x8F, 0x70, 0x07, 0xF8, 
    0xFB, 0x40, 0x47, 0x00, 0x6C, 0x80, 0x80, 0x22, 0x80, 0x18, 0x00, 0xFC, 0x00, 0xFE, 0x07, 0xD0, 
    0xEA, 0x15, 0x00, 0xFF, 0x08, 0xF7, 0x20, 0xDF, 0x00, 0xFF, 0x00, 0xFF, 0xF0, 0x0F, 0x80, 0x7F, 
    0xFF, 0x00, 0xFF, 0x00, 0xFF, 0x00, 0xFF, 0x00, 0xFF, 0x00, 0xFF, 0x00, 0xFF, 0x00, 0xFF, 0x00, 
    0x00, 0xFF, 0x00, 0xFF, 0x1F, 0xE0, 0xFB, 0x04, 0xFF, 0x00, 0xFE, 0x01, 0xF0, 0x0F, 0xFE, 0x01, 
    0xFF, 0x00, 0xFF, 0x00, 0xFF, 0x00, 0xFF, 0x00, 0xFF, 0x00, 0xFF, 0x00, 0xFF, 0x00, 0xFF, 0x00, 
    0x01, 0xFE, 0x21, 0xDE, 0x61, 0x9E, 0xE1, 0x1E, 0x63, 0x9C, 0xE3, 0x1C, 0xE0, 0x1F, 0xE0, 0x1F, 
    0xFF, 0xFF, 0xFE, 0xFE, 0x7F, 0x7F, 0xE0, 0xE0, 0x00, 0x00, 0x00, 0x00, 0x00, 0x00, 0x00, 0x00, 
    0x00, 0x00, 0x01, 0x01, 0x80, 0x80, 0x1F, 0x1F, 0xFF, 0xFF, 0xFF, 0xFF, 0xFF, 0xFF, 0xFF, 0xF9, 
    0x00, 0x00, 0x00, 0x00, 0x80, 0x80, 0x00, 0x00, 0x00, 0x00, 0x00, 0x00, 0x01, 0x01, 0x18, 0x18, 
    0xFF, 0xFF, 0xFF, 0xFF, 0x7F, 0x7F, 0xFF, 0xFF, 0xFF, 0xFF, 0xFF, 0xFF, 0xFE, 0xFF, 0xE7, 0xBF, 
    0x00, 0xFF, 0x00, 0xFF, 0x00, 0xFF, 0x00, 0xFF, 0x00, 0xFF, 0x00, 0xFF, 0x00, 0xFF, 0x00, 0xFF, 
    0xFF, 0xFF, 0xFF, 0xFF, 0xFF, 0xFF, 0xFF, 0xFF, 0xFF, 0xFF, 0xFF, 0xFF, 0xFF, 0xFF, 0xFF, 0xFF, 
    0x20, 0xFF, 0x38, 0xFF, 0x00, 0xFF, 0x00, 0xFF, 0x00, 0xFF, 0x00, 0xFF, 0x00, 0xFF, 0x00, 0xFF, 
    0xDF, 0xFF, 0xC7, 0xFF, 0xFF, 0xFF, 0xFF, 0xFF, 0xFF, 0xFF, 0xFF, 0xFF, 0xFF, 0xFF, 0xFF, 0xFF, 
    0xFC, 0xFC, 0x00, 0x00, 0x1D, 0x1D, 0xFF, 0xFF, 0xFF, 0xFF, 0x00, 0xFF, 0x00, 0xFF, 0xFF, 0x0C, 
    0xFF, 0x00, 0xFF, 0x00, 0xE2, 0x7F, 0x00, 0xFF, 0x00, 0xFF, 0x00, 0x00, 0x00, 0x00, 0xFF, 0xFF, 
    0xFF, 0xFF, 0x04, 0x04, 0xFF, 0xFF, 0xFF, 0xFF, 0xF8, 0xFF, 0x07, 0xF8, 0xFF, 0x06, 0xFF, 0xDF, 
    0xFF, 0x00, 0xFF, 0x00, 0x00, 0xFF, 0x00, 0xFF, 0x00, 0xF8, 0x07, 0x07, 0xFE, 0xFE, 0xFF, 0xFF, 
    0xC0, 0xC0, 0x8C, 0x8C, 0x4F, 0x4F, 0xFF, 0xFE, 0xFF, 0x31, 0xFF, 0xF0, 0xFD, 0x80, 0xE1, 0x00, 
    0xFF, 0x00, 0xFF, 0x00, 0xFF, 0x00, 0xFF, 0x00, 0xFF, 0x00, 0xFF, 0x00, 0xED, 0x12, 0x00, 0xFF, 
    0x00, 0x00, 0x0C, 0x0C, 0xFE, 0xFE, 0xFF, 0x07, 0xFF, 0x81, 0xFF, 0x00, 0xFF, 0x00, 0xFF, 0x00, 
    0xFF, 0x00, 0xF3, 0x00, 0xFF, 0x00, 0xFF, 0x00, 0xFF, 0x00, 0xFF, 0x00, 0x7F, 0x80, 0x7F, 0x80, 
    0xFF, 0xFF, 0xFF, 0xFF, 0xFF, 0xFF, 0xFF, 0xFF, 0xFF, 0xFF, 0xCB, 0xCB, 0x1B, 0x9B, 0x7F, 0x7F, 
    0x00, 0x00, 0x00, 0x00, 0x00, 0x00, 0x00, 0x00, 0x00, 0x00, 0x34, 0x34, 0xE4, 0xE4, 0x80, 0x80, 
    0xFF, 0xFF, 0xEF, 0xEF, 0xCF, 0xCF, 0xFF, 0xFF, 0xFF, 0xFF, 0xFF, 0xFF, 0xFF, 0xFF, 0xFF, 0xFF, 
    0x00, 0x00, 0x10, 0x10, 0x30, 0x30, 0x00, 0x00, 0x00, 0x00, 0x00, 0x00, 0x00, 0x00, 0x00, 0x00, 
    0x00, 0x00, 0x00, 0x00, 0x00, 0x00, 0x00, 0x00, 0x00, 0x00, 0x00, 0x00, 0x00, 0x00, 0x06, 0x06, 
    0xFF, 0x00, 0xFF, 0x00, 0xFF, 0x00, 0xFF, 0x00, 0xFF, 0x20, 0xFF, 0x00, 0xFF, 0x00, 0xFF, 0x00, 
    0x00, 0x00, 0x19, 0x19, 0x01, 0x01, 0x10, 0x10, 0xF8, 0xF8, 0xF0, 0x30, 0x80, 0x80, 0x00, 0x00, 
    0xFF, 0x00, 0xFF, 0x00, 0xFF, 0x00, 0xFF, 0x00, 0xFF, 0x00, 0xFF, 0x00, 0xFF, 0x00, 0xFF, 0x00, 
    0x00, 0x00, 0x00, 0x00, 0x05, 0x05, 0x0C, 0x0C, 0x07, 0x07, 0x00, 0x00, 0x06, 0x06, 0x07, 0x07, 
    0xFF, 0xF8, 0xFF, 0xDF, 0xFA, 0xC7, 0xF3, 0x2F, 0xF8, 0x87, 0xFF, 0x8F, 0xF9, 0x0E, 0xF8, 0x7F, 
    0x1F, 0x1F, 0x47, 0x47, 0xE7, 0xE7, 0xFC, 0xFC, 0xF8, 0xF8, 0xF8, 0xF8, 0x60, 0x60, 0xC0, 0xC0, 
    0xE0, 0x1F, 0xB8, 0x7F, 0x18, 0xFF, 0x03, 0xFC, 0x07, 0xF8, 0x07, 0xFB, 0x9F, 0x61, 0x3F, 0xC0, 
    0x00, 0xF3, 0xFF, 0x43, 0xFF, 0x4F, 0xFE, 0xFE, 0xFB, 0x3B, 0xC0, 0xC0, 0x83, 0x83, 0x67, 0x67, 
    0xFF, 0xFF, 0xFF, 0x00, 0xFF, 0x00, 0xFF, 0x00, 0xFF, 0x00, 0xFF, 0x00, 0xFF, 0x00, 0xFF, 0x00, 
    0x0C, 0xFC, 0xF9, 0x19, 0x0F, 0x0F, 0x4F, 0x4B, 0x10, 0x10, 0x00, 0x00, 0x80, 0x80, 0x80, 0x80, 
    0xF3, 0xF3, 0xF6, 0x00, 0xFF, 0x00, 0xFF, 0x00, 0xFF, 0x00, 0xFF, 0x00, 0xFF, 0x00, 0xFF, 0x00, 
    0x00, 0x00, 0x00, 0x00, 0x00, 0x00, 0x00, 0x00, 0x00, 0x00, 0x00, 0x00, 0x00, 0x00, 0x00, 0x00, 
    0xFF, 0xF0, 0xFF, 0xC0, 0xFF, 0x00, 0xFF, 0x00, 0xFF, 0x00, 0xFF, 0x00, 0xFF, 0x00, 0xFF, 0x00, 
    0x00, 0x00, 0x00, 0x00, 0x00, 0x00, 0x00, 0x00, 0x00, 0x00, 0x00, 0x00, 0x00, 0x00, 0x00, 0x00, 
    0xFF, 0x00, 0xFF, 0x00, 0xFF, 0x00, 0xFF, 0x00, 0xFF, 0x00, 0xFF, 0x00, 0xFF, 0x00, 0xFF, 0x00, 
    0xD0, 0xFF, 0x0F, 0x1F, 0x7C, 0x0C, 0xCE, 0x4F, 0x98, 0xFF, 0x90, 0xBF, 0x20, 0x3F, 0x80, 0xFF, 
    0x00, 0xD0, 0xF0, 0x9F, 0x33, 0xC3, 0xB0, 0x1E, 0x60, 0x78, 0x60, 0x70, 0xC0, 0xE0, 0x00, 0x80, 
    0x26, 0xD9, 0xF0, 0xFF, 0x30, 0x7F, 0x00, 0xFF, 0x1E, 0xE1, 0x30, 0xCF, 0x00, 0xFF, 0x00, 0xFF, 
    0x26, 0x26, 0x00, 0xF0, 0xC0, 0xF0, 0x00, 0x00, 0x1E, 0x1E, 0x30, 0x30, 0x00, 0x00, 0x00, 0x00, 
    0x00, 0xE1, 0xFC, 0xFC, 0x00, 0x00, 0x01, 0x01, 0x01, 0x01, 0x0F, 0x0E, 0x13, 0x13, 0x00, 0x00, 
    0xFF, 0xFF, 0x43, 0x03, 0xFF, 0x0C, 0xFF, 0x00, 0xFF, 0x00, 0xFF, 0x00, 0xFF, 0x00, 0xFF, 0x00, 
    0x00, 0xFE, 0x09, 0x09, 0x3C, 0x3C, 0xFC, 0xFC, 0xFC, 0x9C, 0xF3, 0x72, 0xF3, 0x32, 0xDF, 0xDD, 
    0xFF, 0xFF, 0xFF, 0x00, 0xFF, 0x00, 0xFF, 0x00, 0xFF, 0x00, 0xFF, 0x00, 0xFF, 0x00, 0xFF, 0x00, 
    0x40, 0xBF, 0xC0, 0xC0, 0x0D, 0x7F, 0x80, 0xFF, 0x00, 0xFF, 0x0F, 0xFF, 0xFF, 0xFF, 0xFF, 0xFF, 
    0x40, 0x40, 0x3F, 0xFF, 0xF2, 0xFF, 0x7F, 0xFF, 0xFF, 0xFF, 0xF0, 0xFF, 0x00, 0xFF, 0x00, 0xFF, 
    0x78, 0xF8, 0x00, 0x07, 0x80, 0xFF, 0x00, 0xFF, 0x03, 0xFF, 0xFF, 0xFF, 0xFF, 0xFF, 0xFF, 0xFF, 
    0x07, 0x7F, 0xFF, 0xFF, 0x7F, 0xFF, 0xFF, 0xFF, 0xFC, 0xFF, 0x00, 0xFF, 0x00, 0xFF, 0x00, 0xFF, 
    0x1F, 0x1F, 0x03, 0x03, 0x0D, 0x0D, 0xFF, 0xFF, 0xFD, 0xFD, 0xFD, 0xFD, 0xF3, 0xF3, 0xE7, 0xE7, 
    0xFF, 0x00, 0xFF, 0x00, 0xFF, 0x00, 0xFF, 0x00, 0xFF, 0x00, 0xFF, 0x00, 0xFF, 0x00, 0xFF, 0x00, 
    0xB7, 0xB7, 0x3F, 0x3F, 0x8F, 0x8F, 0x6F, 0x6D, 0xBF, 0xBF, 0xFF, 0xE3, 0xFF, 0xE0, 0xFF, 0x9C, 
    0xFF, 0x00, 0xFF, 0x00, 0xFF, 0x00, 0xFF, 0x00, 0xFF, 0x00, 0xFF, 0x00, 0xF3, 0x0C, 0xFF, 0x00, 
    0xF4, 0x94, 0x00, 0x00, 0x06, 0x06, 0x0F, 0x0F, 0x7F, 0x7F, 0x00, 0x00, 0x00, 0x00, 0x00, 0x00, 
    0xFF, 0x00, 0xFF, 0x00, 0xFF, 0x00, 0xFF, 0x00, 0xFF, 0x00, 0xFF, 0x00, 0xFF, 0x00, 0xFF, 0x00, 
    0x1F, 0x10, 0x3F, 0x39, 0xFF, 0xC9, 0xFF, 0x0B, 0xFF, 0x7F, 0x00, 0x00, 0x00, 0x00, 0x1F, 0x1F, 
    0xF9, 0x06, 0xF9, 0x06, 0xDD, 0x22, 0x1F, 0xE0, 0xFF, 0x00, 0xFF, 0x00, 0xFF, 0x00, 0xE0, 0xFF, 
    0xFF, 0xFF, 0xFF, 0xFF, 0xFF, 0xFF, 0xFF, 0xFF, 0xFF, 0xFF, 0xFF, 0xFF, 0xFF, 0xFF, 0xFF, 0xFF, 
    0x00, 0x00, 0x00, 0x00, 0x00, 0x00, 0x00, 0x00, 0x00, 0x00, 0x00, 0x00, 0x00, 0x00, 0x00, 0x00, 
    0xFF, 0xFF, 0xFF, 0xFF, 0xFF, 0xFF, 0xFF, 0xFF, 0xFF, 0xFF, 0xFF, 0xFF, 0xFF, 0xFF, 0xFF, 0xFF, 
    0x00, 0x00, 0x00, 0x00, 0x00, 0x00, 0x00, 0x00, 0x00, 0x00, 0x00, 0x00, 0x00, 0x00, 0x00, 0x00, 
    0x00, 0xFF, 0x00, 0xFF, 0x00, 0xFF, 0x00, 0xFF, 0x00, 0xFF, 0x00, 0xFF, 0x00, 0xFF, 0xFC, 0xFF, 
    0xFF, 0xFF, 0xFF, 0xFF, 0xFF, 0xFF, 0xFF, 0xFF, 0xFF, 0xFF, 0xFF, 0xFF, 0xFF, 0xFF, 0x03, 0x03, 
    0x00, 0xFF, 0x08, 0xFF, 0x1C, 0xFF, 0x0C, 0xFF, 0x00, 0xFF, 0x00, 0xFF, 0x00, 0xFF, 0x00, 0xFF, 
    0xFF, 0xFF, 0xF7, 0xFF, 0xE3, 0xFF, 0xF3, 0xFF, 0xFF, 0xFF, 0xFF, 0xFF, 0xFF, 0xFF, 0xFF, 0xFF, 
    0x00, 0xFF, 0x00, 0xFF, 0x00, 0xFF, 0x00, 0xFF, 0x00, 0xFF, 0x00, 0xFF, 0x00, 0xFF, 0x00, 0xFF, 
    0xFF, 0xFF, 0xFF, 0xFF, 0xFF, 0xFF, 0xFF, 0xFF, 0xFF, 0xFF, 0xFF, 0xFF, 0xFF, 0xFF, 0xFF, 0xFF, 
    0x00, 0xFF, 0x00, 0xFF, 0x00, 0xFF, 0x00, 0xFF, 0x3C, 0xFF, 0x70, 0xFF, 0x00, 0xFF, 0x00, 0xFF, 
    0xFF, 0xFF, 0xFF, 0xFF, 0xFF, 0xFF, 0xFF, 0xFF, 0xC3, 0xFF, 0x8F, 0xFF, 0xFF, 0xFF, 0xFF, 0xFF, 
    0x88, 0x77, 0x1E, 0xFE, 0xF0, 0xF8, 0x80, 0xE0, 0x03, 0x03, 0x3F, 0x3F, 0x70, 0x70, 0x8F, 0xAF, 
    0x88, 0x88, 0x01, 0x1F, 0x0F, 0xFF, 0x7F, 0xFE, 0xFC, 0xFC, 0xC0, 0xC0, 0x8F, 0x8F, 0x70, 0x70, 
    0x9E, 0x92, 0x0F, 0x0F, 0xE7, 0xE7, 0xF8, 0xF8, 0xFA, 0xFA, 0xC0, 0xC0, 0x00, 0x00, 0x80, 0x80, 
    0x6D, 0xE0, 0xF8, 0xC0, 0x18, 0x00, 0x07, 0x07, 0x05, 0x05, 0x3F, 0x3F, 0xFF, 0xFF, 0x7F, 0x7F, 
    0x00, 0x00, 0x00, 0x00, 0x00, 0x00, 0x00, 0x00, 0x00, 0x00, 0x03, 0x03, 0x00, 0x00, 0x00, 0x00, 
    0xFF, 0x00, 0xFF, 0x00, 0xFF, 0x00, 0xFF, 0x00, 0xFF, 0x00, 0xFF, 0x00, 0xFF, 0x00, 0xFF, 0x00, 
    0x00, 0x00, 0x00, 0x00, 0x00, 0x00, 0x01, 0x01, 0x21, 0x21, 0x00, 0x00, 0x03, 0x03, 0x3F, 0x3E, 
    0xFF, 0x00, 0xFF, 0x00, 0xFF, 0x00, 0xFF, 0x00, 0xFF, 0x00, 0xFF, 0x00, 0xFF, 0x00, 0xFF, 0x00, 
    0x43, 0x43, 0xFF, 0xFF, 0x83, 0x83, 0xE7, 0xE7, 0xFD, 0xFD, 0xBE, 0xBE, 0xFF, 0xFF, 0xEF, 0xEF, 
    0xBC, 0xBC, 0x00, 0x00, 0x7C, 0x7C, 0x18, 0x18, 0x02, 0x02, 0x41, 0x41, 0x00, 0x00, 0x10, 0x10, 
    0xFF, 0xFF, 0xE7, 0xE7, 0x81, 0x81, 0xB3, 0xB3, 0xB7, 0xB7, 0x3F, 0x3F, 0xFB, 0xFB, 0xFF, 0xFF, 
    0x00, 0x00, 0x18, 0x18, 0x7E, 0x7E, 0x4C, 0x4C, 0x48, 0x48, 0xC0, 0xC0, 0x04, 0x04, 0x00, 0x00, 
    0xFF, 0xFF, 0xF3, 0xF3, 0xFF, 0xFF, 0xFF, 0xFF, 0xF3, 0xF3, 0xF0, 0xF0, 0xE0, 0xE0, 0xC0, 0xC0, 
    0x00, 0x00, 0x0C, 0x0C, 0x00, 0x00, 0x00, 0x00, 0x0C, 0x0C, 0x0F, 0x0F, 0x1F, 0x1F, 0x3F, 0x3F, 
    0xFF, 0xFF, 0xF8, 0xF8, 0xFC, 0xFC, 0xE4, 0xE4, 0x80, 0x80, 0x03, 0x03, 0x00, 0x00, 0x4F, 0x4F, 
    0x00, 0x00, 0x07, 0x07, 0x03, 0x03, 0x1B, 0x1B, 0x7F, 0x7F, 0xFC, 0xFC, 0xFF, 0xFF, 0xB0, 0xB0, 
    0xFF, 0x03, 0xFF, 0x40, 0xDE, 0x40, 0xDC, 0x00, 0xDC, 0x01, 0xD0, 0x23, 0xC0, 0x3F, 0x40, 0x3F, 
    0xDF, 0x20, 0xDE, 0x21, 0xC0, 0x3F, 0xC0, 0x3F, 0xC0, 0x3F, 0x80, 0x7F, 0x87, 0x78, 0x1F, 0xE0, 
    0xFF, 0x04, 0x7F, 0x00, 0x78, 0x00, 0x00, 0x0F, 0x00, 0x9F, 0x00, 0xFF, 0x00, 0xFE, 0x00, 0xFF, 
    0x7F, 0x80, 0x7C, 0x83, 0x00, 0xFF, 0x00, 0xFF, 0x00, 0xFF, 0x90, 0x6F, 0xF8, 0x07, 0xFE, 0x01, 
    0x00, 0xFF, 0x00, 0xFF, 0x00, 0xFF, 0x00, 0xFF, 0x00, 0xFF, 0x00, 0xFF, 0x00, 0xFF, 0x00, 0xFF, 
    0xF8, 0x07, 0xF9, 0x06, 0xF8, 0x07, 0xFC, 0x03, 0xFC, 0x03, 0xFC, 0x03, 0xFF, 0x00, 0xFF, 0x00, 
    0x79, 0x5E, 0x79, 0x5E, 0x68, 0x9F, 0x6C, 0x9F, 0x6F, 0x9F, 0x1E, 0x83, 0x02, 0xD8, 0x01, 0xF9, 
    0x61, 0x99, 0x61, 0x99, 0x70, 0x98, 0x30, 0xDC, 0x30, 0xDF, 0x1D, 0xE1, 0x01, 0xFF, 0xE0, 0x1E, 
    0xFF, 0x40, 0x7F, 0x00, 0xFB, 0x00, 0xDE, 0x00, 0xEF, 0x00, 0xFF, 0x00, 0xEE, 0x00, 0xE0, 0x0E, 
    0xFB, 0x04, 0x3A, 0xC5, 0x9B, 0x64, 0x80, 0x7F, 0x40, 0xBF, 0xE8, 0x17, 0x00, 0xFF, 0x00, 0xFF, 
    0xFF, 0x83, 0xFB, 0x00, 0xF9, 0x02, 0x7C, 0x00, 0x1E, 0x00, 0x7F, 0x00, 0x40, 0x00, 0x20, 0x02, 
    0xC7, 0x38, 0x70, 0x8F, 0x60, 0x9F, 0x18, 0xE7, 0x00, 0xFF, 0x08, 0xF7, 0x00, 0xFF, 0x00, 0xFF, 
    0x80, 0x80, 0x80, 0x80, 0x09, 0x09, 0x7F, 0x7F, 0x7F, 0x7F, 0xFF, 0xFF, 0xFF, 0xC0, 0xFF, 0x80, 
    0xFF, 0x00, 0xFF, 0x00, 0xFF, 0x00, 0xFF, 0x00, 0xFF, 0x00, 0xFF, 0x00, 0xFF, 0x00, 0xFF, 0x00, 
    0x00, 0x00, 0x00, 0x00, 0x00, 0x00, 0xFF, 0xFF, 0xFF, 0xFF, 0xFF, 0xFC, 0xFF, 0x00, 0xFF, 0x00, 
    0xFF, 0x00, 0xFF, 0x00, 0xFF, 0x00, 0xFF, 0x00, 0xFF, 0x00, 0xFF, 0x00, 0xFF, 0x00, 0xFF, 0x00, 
    0x00, 0xF8, 0x00, 0xC0, 0x00, 0x00, 0x04, 0x04, 0x07, 0x07, 0x0F, 0x0F, 0xFC, 0xFC, 0xFD, 0xFD, 
    0xFF, 0xFF, 0xFF, 0xFF, 0xFF, 0xFF, 0xFB, 0xFB, 0xF8, 0xF8, 0xF0, 0xF0, 0x03, 0x03, 0x02, 0x02, 
    0x00, 0x00, 0x07, 0x0F, 0x66, 0x66, 0xFF, 0xFF, 0xDF, 0xDF, 0x0F, 0x0F, 0x1F, 0x1F, 0xF8, 0xF8, 
    0xFF, 0xFF, 0xF8, 0xF8, 0x99, 0x99, 0x00, 0x00, 0x20, 0x20, 0xF0, 0xF0, 0xE0, 0xE0, 0x07, 0x07, 
    0xF9, 0x3E, 0xD0, 0x1F, 0xFC, 0x1F, 0xED, 0x05, 0x1F, 0xC0, 0x07, 0xF0, 0x00, 0xD8, 0x00, 0xDE, 
    0xC1, 0x39, 0x60, 0x90, 0xF0, 0x0C, 0xE6, 0x19, 0x01, 0xFE, 0xC4, 0x3B, 0x80, 0x7F, 0x80, 0x7F, 
    0xFF, 0x61, 0x7E, 0x91, 0x00, 0xFF, 0x79, 0xF9, 0xDF, 0x40, 0x0F, 0x60, 0x00, 0x00, 0x02, 0x18, 
    0xE1, 0xE1, 0x7E, 0x7E, 0x00, 0x00, 0x06, 0x7B, 0xF1, 0x0E, 0x04, 0xFB, 0x00, 0xFF, 0x00, 0xFF, 
    0xEF, 0x00, 0xFE, 0x40, 0xFF, 0xF0, 0xFF, 0x40, 0xC0, 0x00, 0xE6, 0x00, 0xE2, 0x00, 0x3E, 0x00, 
    0x07, 0xF8, 0xFE, 0x01, 0xFE, 0x01, 0xE4, 0x1B, 0x00, 0xFF, 0x80, 0x7F, 0x00, 0xFF, 0x1C, 0xE3, 
    0xDF, 0x00, 0x00, 0xC6, 0x01, 0xC0, 0x83, 0x04, 0x01, 0xFC, 0x41, 0x20, 0x39, 0x01, 0x3B, 0x00, 
    0x80, 0x7F, 0x00, 0xFF, 0x00, 0xFF, 0x01, 0xFE, 0x00, 0xFF, 0x41, 0xBE, 0x49, 0xB6, 0x51, 0xAE, 
    0xBF, 0xBF, 0xFF, 0xFF, 0xFF, 0xFF, 0xF7, 0xF7, 0xFF, 0xFF, 0xFF, 0xFF, 0xFF, 0xFF, 0xDF, 0xDF, 
    0x40, 0x40, 0x00, 0x00, 0x00, 0x00, 0x08, 0x08, 0x00, 0x00, 0x00, 0x00, 0x00, 0x00, 0x20, 0x20, 
    0xFF, 0xFF, 0xFF, 0xFF, 0xFF, 0xFF, 0xFF, 0xFF, 0xFC, 0xFC, 0x3F, 0x7F, 0xFF, 0xFF, 0xFF, 0xFF, 
    0x00, 0x00, 0x00, 0x00, 0x00, 0x00, 0x00, 0x00, 0x03, 0x03, 0xC0, 0xC0, 0x00, 0x00, 0x00, 0x00, 
    0x7C, 0x7C, 0x80, 0xE0, 0x00, 0x00, 0x01, 0x01, 0x03, 0x03, 0x0F, 0x0F, 0x1F, 0x1F, 0xFF, 0xFF, 
    0x83, 0x83, 0x7F, 0x7F, 0xFF, 0xFF, 0xFE, 0xFE, 0xFC, 0xFC, 0xF0, 0xF0, 0xE0, 0xE0, 0x00, 0x00, 
    0x00, 0x00, 0x00, 0x00, 0x3E, 0x3E, 0xFF, 0xFF, 0xFF, 0xFF, 0xFF, 0xFF, 0xFF, 0x1F, 0xE7, 0xE7, 
    0xFF, 0xFF, 0xFF, 0xFF, 0xC1, 0xC1, 0x00, 0x00, 0x00, 0x00, 0x00, 0x00, 0xE0, 0x00, 0x18, 0x18, 
    0xFF, 0x81, 0xFF, 0xFF, 0xFF, 0xFF, 0xFF, 0xFF, 0xF6, 0xF6, 0xF4, 0xF4, 0xF0, 0xF0, 0xE0, 0xE0, 
    0xFF, 0x00, 0xFF, 0x00, 0xFF, 0x00, 0xFF, 0x00, 0xFF, 0x00, 0xFF, 0x00, 0xFF, 0x00, 0xFF, 0x00, 
    0xFF, 0xFF, 0xFC, 0xFC, 0xF0, 0xF0, 0xC0, 0xC0, 0x01, 0x01, 0x07, 0x07, 0x0F, 0x0F, 0x3F, 0x3F, 
    0xFF, 0x00, 0xFF, 0x00, 0xFF, 0x00, 0xFF, 0x00, 0xFF, 0x00, 0xFF, 0x00, 0xFF, 0x00, 0xFF, 0x00, 
    0xFF, 0xB0, 0xC0, 0xBF, 0x0C, 0xFC, 0xDF, 0xD7, 0xFF, 0x9F, 0xFF, 0xFF, 0xFF, 0xFF, 0xFF, 0xFF, 
    0xBF, 0xBF, 0xC0, 0xC0, 0x03, 0x0F, 0x28, 0xE0, 0x60, 0x00, 0x00, 0x00, 0x00, 0x00, 0x00, 0x00, 
    0x02, 0xFE, 0x6F, 0xEC, 0xFF, 0x9F, 0xFF, 0xFF, 0xFF, 0xFF, 0xFF, 0xFF, 0xFC, 0xFC, 0xFF, 0xFF, 
    0x01, 0x03, 0x13, 0x70, 0x60, 0x00, 0x00, 0x00, 0x00, 0x00, 0x00, 0x00, 0x03, 0x03, 0x00, 0x00, 
    0x00, 0x00, 0x00, 0x00, 0x00, 0x00, 0x00, 0x00, 0x00, 0x00, 0x00, 0x00, 0x00, 0x00, 0x03, 0x02, 
    0xFF, 0x00, 0xFF, 0x04, 0xFF, 0x18, 0xFF, 0x00, 0xFF, 0x00, 0xFF, 0x00, 0xFF, 0x00, 0xFF, 0x00, 
    0x00, 0x00, 0x00, 0x00, 0x00, 0x00, 0x02, 0x02, 0x06, 0x06, 0x78, 0x78, 0x18, 0x18, 0xE7, 0xE7, 
    0xFF, 0x00, 0xFF, 0x00, 0xFF, 0x00, 0xFF, 0x00, 0xFF, 0x00, 0xFF, 0x00, 0xFF, 0x00, 0xFF, 0x00, 
    0x01, 0x01, 0x1F, 0x1F, 0x7E, 0x7E, 0xC0, 0xC0, 0x00, 0x00, 0x00, 0x00, 0x00, 0x00, 0x00, 0x00, 
    0xFE, 0xFF, 0xE0, 0xFF, 0x81, 0xFF, 0x3F, 0xF7, 0xFF, 0xFF, 0xFF, 0xFF, 0xFF, 0xFF, 0xFF, 0xFF, 
    0xCC, 0xCC, 0x80, 0x80, 0x00, 0x00, 0x00, 0x00, 0x00, 0x00, 0x00, 0x00, 0x00, 0x00, 0x00, 0x00, 
    0x33, 0xFF, 0x7F, 0xDF, 0xFF, 0xFF, 0xFF, 0xFF, 0xFF, 0xFF, 0xFF, 0xFF, 0xFF, 0xFF, 0xFF, 0xFF, 
    0x00, 0xFF, 0x00, 0xFF, 0x00, 0xFF, 0x9F, 0x61, 0xBF, 0x5E, 0xFF, 0x18, 0xFF, 0x00, 0xFF, 0xC0, 
    0x00, 0x00, 0x00, 0x00, 0x00, 0x00, 0x9F, 0x9F, 0xBE, 0xBE, 0xF8, 0xF8, 0x00, 0x00, 0xC0, 0xC0, 
    0x00, 0xFF, 0x00, 0xFF, 0x07, 0xF8, 0xFF, 0xB8, 0xFF, 0x06, 0xFF, 0x84, 0xFF, 0x00, 0xFF, 0x00, 
    0x00, 0x00, 0x00, 0x00, 0x07, 0x07, 0xF8, 0xF8, 0x06, 0x06, 0x84, 0x84, 0x00, 0x00, 0x00, 0x00, 
    0x01, 0xFE, 0x00, 0xFF, 0x00, 0xFF, 0x00, 0xFF, 0x00, 0xFF, 0x00, 0xFF, 0xEF, 0xFF, 0xC1, 0xFF, 
    0x01, 0x01, 0x00, 0x00, 0x00, 0x00, 0x00, 0x00, 0x00, 0x00, 0x00, 0x00, 0x00, 0xEF, 0x00, 0xC1, 
    0x00, 0xFF, 0x00, 0xFF, 0x00, 0xFF, 0x00, 0xFF, 0x00, 0xFF, 0x00, 0xFF, 0x30, 0xF1, 0xFE, 0xFE, 
    0x00, 0x00, 0x00, 0x00, 0x00, 0x00, 0x00, 0x00, 0x00, 0x00, 0x00, 0x00, 0x0F, 0x3F, 0x01, 0xFF, 
    0xFF, 0xF0, 0xFF, 0x80, 0xFF, 0xE0, 0xFF, 0xF8, 0xFF, 0xFE, 0xFF, 0xF2, 0xFF, 0xFF, 0xFF, 0xFF, 
    0xFF, 0x00, 0xFF, 0x00, 0xFF, 0x00, 0xFF, 0x00, 0xFF, 0x00, 0xFF, 0x00, 0xFF, 0x00, 0xFF, 0x00, 
    0xFF, 0x00, 0xFF, 0x40, 0xFF, 0x00, 0xFF, 0x00, 0xFB, 0x00, 0xFF, 0x00, 0xFF, 0xE0, 0xFB, 0xE0, 
    0xE3, 0x1C, 0xE0, 0x1F, 0xF0, 0x0F, 0xE0, 0x1F, 0xE0, 0x1F, 0xF0, 0x0F, 0xE0, 0x1F, 0xF0, 0x0F, 
    0x1E, 0x1E, 0x7C, 0x7C, 0xFF, 0xFF, 0xBF, 0xBF, 0x1F, 0x1F, 0xFF, 0xFF, 0xFF, 0xFF, 0xFF, 0xFF, 
    0xE1, 0xE1, 0x83, 0x83, 0x00, 0x00, 0x40, 0x40, 0xE0, 0xE0, 0x00, 0x00, 0x00, 0x00, 0x00, 0x00, 
    0x3F, 0x3F, 0x7F, 0x7F, 0xFF, 0xFF, 0xFF, 0xFF, 0xFF, 0xFF, 0xFF, 0xFF, 0x81, 0x81, 0x9F, 0x9F, 
    0xC0, 0xC0, 0x80, 0x80, 0x00, 0x00, 0x00, 0x00, 0x00, 0x00, 0x00, 0x00, 0x7E, 0x7E, 0x60, 0x60, 
    0xFA, 0xC0, 0xF3, 0x00, 0xFF, 0x00, 0xFF, 0x80, 0xFF, 0x7C, 0xFE, 0x0C, 0xFF, 0x0C, 0xFF, 0x02, 
    0xE0, 0x1F, 0xF0, 0x0F, 0x80, 0x7F, 0xCF, 0x30, 0xFF, 0x00, 0xFC, 0x03, 0xFF, 0x00, 0x77, 0x88, 
    0x4F, 0x03, 0x1F, 0x07, 0xDF, 0x8C, 0xF7, 0xF5, 0xFF, 0xFE, 0xFF, 0x7C, 0xF8, 0xC0, 0xF0, 0x00, 
    0x07, 0xF8, 0x0F, 0xF0, 0xCD, 0x32, 0xFF, 0x00, 0xFF, 0x00, 0xFF, 0x00, 0xF8, 0x07, 0x40, 0xBF, 
    0x07, 0x06, 0x07, 0x07, 0x00, 0x00, 0x00, 0x00, 0x1C, 0x1C, 0xF0, 0xF0, 0xC0, 0xC0, 0x07, 0x07, 
    0xFF, 0x00, 0xFF, 0x00, 0xFF, 0x00, 0xFF, 0x00, 0xE3, 0x00, 0x8F, 0x00, 0x3F, 0x00, 0xFF, 0x00, 
    0xFC, 0x24, 0xD4, 0xD4, 0xD8, 0xD8, 0x00, 0x00, 0x00, 0x00, 0x01, 0x01, 0x3F, 0x3F, 0x7F, 0x7C, 
    0xFF, 0x00, 0xFF, 0x00, 0xBF, 0x00, 0xFF, 0x00, 0xFF, 0x00, 0xFF, 0x00, 0xFF, 0x00, 0xFF, 0x00, 
    0xE0, 0xE0, 0xC0, 0xC0, 0x00, 0x00, 0x00, 0x00, 0x00, 0x00, 0x00, 0x00, 0x00, 0x00, 0x07, 0x07, 
    0x1F, 0x1F, 0x3F, 0x3F, 0xFF, 0xFF, 0xFF, 0xF0, 0xFF, 0xE0, 0xFF, 0x00, 0xFF, 0x10, 0xF8, 0x27, 
    0x00, 0x00, 0x06, 0x06, 0x00, 0x00, 0x00, 0x00, 0x00, 0x00, 0x00, 0x00, 0x08, 0x08, 0x20, 0x20, 
    0xFF, 0xFF, 0xF9, 0xDF, 0xFF, 0x0F, 0xFF, 0x18, 0xFF, 0xF1, 0xFF, 0xE5, 0xF7, 0x28, 0xDF, 0x20, 
    0x00, 0xFF, 0x00, 0xFF, 0x00, 0xFF, 0x00, 0xFF, 0x00, 0xFF, 0x00, 0xFF, 0x00, 0xFF, 0x00, 0xFF, 
    0xFB, 0x04, 0x89, 0x76, 0xFF, 0x00, 0xFF, 0x00, 0xFF, 0x00, 0xFF, 0x00, 0xFF, 0x00, 0xFF, 0x00, 
    0x00, 0xFF, 0x00, 0xFF, 0x00, 0xFF, 0x00, 0xFF, 0x00, 0xFF, 0x00, 0xFF, 0x00, 0xFF, 0x00, 0xFF, 
    0x00, 0xFF, 0x80, 0x7F, 0xF0, 0x0F, 0x4F, 0xB0, 0x00, 0xFF, 0x06, 0xF9, 0xC7, 0x38, 0x77, 0x88, 
    0x00, 0x00, 0x00, 0x00, 0x00, 0x00, 0x00, 0x00, 0x03, 0x03, 0x07, 0x07, 0x0E, 0x0E, 0xCF, 0xCF, 
    0xFF, 0xFF, 0xFF, 0xFF, 0xFF, 0xFF, 0xFF, 0xFE, 0xFC, 0xFF, 0xF8, 0xFF, 0xF1, 0xCF, 0x30, 0xFF, 
    0x00, 0x00, 0x00, 0x00, 0x00, 0x00, 0x20, 0x20, 0xA0, 0xA0, 0x00, 0x00, 0x00, 0x00, 0x00, 0x00, 
    0xFF, 0xFC, 0xFF, 0xE8, 0xFF, 0xE0, 0xDF, 0x31, 0x5F, 0xAF, 0xFF, 0x0F, 0xFF, 0x7F, 0xFF, 0x0F, 
    0x4F, 0x4F, 0xDB, 0xDA, 0xDB, 0xD2, 0x83, 0x02, 0xFF, 0xF0, 0xFF, 0xF0, 0xFF, 0xFE, 0xFF, 0x4B, 
    0xFF, 0x00, 0xFF, 0x00, 0xFF, 0x00, 0xFF, 0x00, 0xFB, 0x04, 0xFF, 0x00, 0xFF, 0x00, 0xFF, 0x00, 
    0xE0, 0xE0, 0xF2, 0x72, 0xCF, 0x4C, 0xFE, 0xF0, 0xF8, 0xC0, 0x3C, 0x21, 0xFF, 0xC0, 0xCF, 0x14, 
    0xFF, 0x00, 0xFF, 0x00, 0xFF, 0x00, 0xFC, 0x03, 0xF8, 0x07, 0xF8, 0x07, 0xFF, 0x00, 0x8F, 0x70, 
    0xDF, 0xDF, 0xFF, 0xFF, 0x7F, 0x7F, 0xFF, 0xFF, 0xFF, 0xFF, 0xFF, 0xFF, 0xFF, 0xFF, 0xF7, 0xF7, 
    0x20, 0x20, 0x00, 0x00, 0x80, 0x80, 0x00, 0x00, 0x00, 0x00, 0x00, 0x00, 0x00, 0x00, 0x08, 0x08, 
    0xFF, 0xFF, 0xFF, 0xFF, 0xFF, 0xFF, 0xFF, 0xFF, 0xFF, 0xFF, 0xBE, 0xFE, 0xC7, 0xC7, 0x0F, 0x0F, 
    0x00, 0x00, 0x00, 0x00, 0x00, 0x00, 0x00, 0x00, 0x00, 0x00, 0x41, 0x41, 0x38, 0x38, 0xF0, 0xF0, 
    0xFF, 0xFF, 0xFF, 0xFF, 0xF3, 0xF3, 0xFF, 0xFF, 0xFF, 0xFF, 0xFF, 0xFF, 0xFF, 0xFF, 0xFF, 0xFF, 
    0x00, 0x00, 0x00, 0x00, 0x0C, 0x0C, 0x00, 0x00, 0x00, 0x00, 0x00, 0x00, 0x00, 0x00, 0x00, 0x00, 
    0xFF, 0xFF, 0xFB, 0xFB, 0xFF, 0xFF, 0xFF, 0xFF, 0xFF, 0xFF, 0xFF, 0xFF, 0xFF, 0xFF, 0xFF, 0xFF, 
    0x00, 0x00, 0x04, 0x04, 0x00, 0x00, 0x00, 0x00, 0x00, 0x00, 0x00, 0x00, 0x00, 0x00, 0x00, 0x00, 
    0x00, 0x00, 0x00, 0x00, 0x01, 0x01, 0x0E, 0x0E, 0xFC, 0xFC, 0xD8, 0xD8, 0x80, 0x82, 0x00, 0x00, 
    0xFF, 0xFF, 0xFF, 0xFF, 0xFE, 0xFE, 0xF1, 0xF1, 0x03, 0x03, 0x27, 0x27, 0x7F, 0x7F, 0xFF, 0xFF, 
    0x00, 0x00, 0x00, 0x00, 0x80, 0x80, 0x00, 0x00, 0x01, 0x03, 0x01, 0x01, 0x07, 0x07, 0xEF, 0xEF, 
    0xFF, 0xFF, 0xFF, 0xFF, 0x7F, 0x7F, 0xFF, 0xFF, 0xFE, 0xFE, 0xFE, 0xFE, 0xF8, 0xF8, 0x10, 0x10, 
    0xEF, 0xEF, 0x9F, 0x9F, 0x3F, 0x3F, 0x7F, 0x79, 0xFF, 0xF3, 0xFF, 0xFF, 0xFF, 0xF3, 0xFF, 0xE0, 
    0xFF, 0x00, 0xFF, 0x00, 0xFF, 0x00, 0xFB, 0x04, 0xFF, 0x00, 0xFF, 0x00, 0xFF, 0x00, 0xF1, 0x0E, 
    0xFF, 0xFF, 0xFF, 0xFF, 0xFF, 0xFC, 0xFF, 0xFC, 0xFF, 0xE1, 0xFF, 0xDE, 0xFF, 0xE7, 0xFF, 0x80, 
    0xFF, 0x00, 0xFF, 0x00, 0xFE, 0x01, 0xFF, 0x00, 0xFF, 0x00, 0xFF, 0x00, 0xFF, 0x00, 0xCF, 0x30, 
    0x00, 0xFF, 0x3B, 0x00, 0x33, 0x00, 0x00, 0xC4, 0x3C, 0xC0, 0x3F, 0x00, 0x40, 0x01, 0x00, 0x19, 
    0xE0, 0x1F, 0x10, 0xEF, 0x03, 0xFC, 0x00, 0xFF, 0x00, 0xFF, 0x3F, 0xC0, 0x00, 0xFF, 0x00, 0xFF, 
    0x00, 0xFC, 0xDF, 0x00, 0x8F, 0x00, 0x00, 0x0D, 0x18, 0x00, 0x1B, 0x60, 0x00, 0xF0, 0x00, 0xF0, 
    0x00, 0xFF, 0x88, 0x77, 0x00, 0xFF, 0x00, 0xFF, 0x18, 0xE7, 0x01, 0xFE, 0x00, 0xFF, 0x00, 0xFF, 
    0xFF, 0x00, 0xFF, 0x1F, 0xFF, 0x00, 0xE0, 0x1F, 0xC0, 0xE1, 0x07, 0x7F, 0x80, 0xFF, 0x00, 0xFF, 
    0x00, 0x00, 0x1F, 0x1F, 0xFF, 0xFF, 0xE0, 0xE0, 0x3F, 0xFF, 0xF8, 0xFF, 0x7F, 0xFF, 0xFF, 0xFF, 
    0xFF, 0x21, 0xFF, 0xF0, 0xFC, 0x03, 0xF0, 0xF8, 0x00, 0xFF, 0x00, 0xFF, 0x00, 0xFF, 0x00, 0xFF, 
    0x21, 0x21, 0xFF, 0xFF, 0xFC, 0xFC, 0x0F, 0xFF, 0xFF, 0xFF, 0xFF, 0xFF, 0xFF, 0xFF, 0xFF, 0xFF, 
    0x93, 0x93, 0xF2, 0xF2, 0xCF, 0xCB, 0xFF, 0x80, 0xFF, 0x00, 0xFF, 0x00, 0xFF, 0x00, 0xFF, 0x00, 
    0xFF, 0x00, 0xFF, 0x00, 0xFF, 0x00, 0xFF, 0x00, 0xFF, 0x00, 0xFE, 0x01, 0xFE, 0x01, 0xFB, 0x04, 
    0xF7, 0x97, 0x7F, 0x7F, 0xFF, 0x00, 0xFF, 0x00, 0xFF, 0x00, 0xF9, 0x00, 0xFF, 0x00, 0xFF, 0x0F, 
    0xFF, 0x00, 0xFF, 0x00, 0xFE, 0x01, 0xFC, 0x03, 0x98, 0x67, 0x91, 0x6E, 0x07, 0xF8, 0xFF, 0x00, 
    0xFD, 0x05, 0xDA, 0x02, 0xFF, 0x3F, 0xFF, 0x7F, 0xFF, 0xBE, 0xFF, 0x00, 0xFE, 0x06, 0xC0, 0x40, 
    0xF7, 0x08, 0xCF, 0x30, 0xFF, 0x00, 0xFF, 0x00, 0xFF, 0x00, 0xFF, 0x00, 0x3F, 0xC0, 0xFF, 0x00, 
    0xBF, 0xA0, 0x3F, 0x0F, 0xFF, 0x69, 0xFF, 0x3D, 0xFF, 0x38, 0xFF, 0x01, 0x17, 0x17, 0x3F, 0x3F, 
    0xFF, 0x00, 0xFF, 0x00, 0xFF, 0x00, 0xFF, 0x00, 0xFF, 0x00, 0xFF, 0x00, 0xFF, 0x00, 0xFF, 0x00, 
    0xFF, 0x02, 0xFF, 0x00, 0xFF, 0x00, 0xFF, 0x00, 0xFF, 0x00, 0xFF, 0x00, 0xFF, 0x00, 0xFF, 0x00, 
    0x02, 0x02, 0x00, 0x00, 0x00, 0x00, 0x00, 0x00, 0x00, 0x00, 0x00, 0x00, 0x00, 0x00, 0x00, 0x00, 
    0xFF, 0x27, 0xFF, 0x00, 0xFF, 0x00, 0xFF, 0x00, 0xFF, 0x00, 0xFF, 0x00, 0xFF, 0x00, 0xFF, 0x00, 
    0x27, 0x27, 0x00, 0x00, 0x00, 0x00, 0x00, 0x00, 0x00, 0x00, 0x00, 0x00, 0x00, 0x00, 0x00, 0x00, 
    0x00, 0xFF, 0x00, 0xFF, 0x00, 0xFF, 0x00, 0xFF, 0x00, 0xFF, 0x00, 0xFF, 0x00, 0xFF, 0x00, 0xFF, 
    0xFF, 0xFF, 0xFF, 0xFF, 0xFF, 0xFF, 0xFF, 0xFF, 0xFF, 0xFF, 0xFF, 0xFF, 0xFF, 0xFF, 0xFF, 0xFF, 
    0x00, 0xFF, 0x00, 0xFF, 0x00, 0xFF, 0x00, 0xFF, 0x00, 0xFF, 0x00, 0xFF, 0x00, 0xFF, 0x03, 0xFF, 
    0xFF, 0xFF, 0xFF, 0xFF, 0xFF, 0xFF, 0xFF, 0xFF, 0xFF, 0xFF, 0xFF, 0xFF, 0xFF, 0xFF, 0xFC, 0xFC, 
    0xFF, 0xDC, 0xFF, 0xC1, 0xFF, 0x81, 0xFF, 0x00, 0xFF, 0x00, 0xCF, 0xCC, 0xFF, 0xE4, 0xFF, 0x80, 
    0xFF, 0x00, 0xFF, 0x00, 0xFF, 0x00, 0xFF, 0x00, 0xFF, 0x00, 0xFE, 0x01, 0xFE, 0x01, 0xED, 0x12, 
    0xFE, 0x1E, 0xFF, 0x8F, 0xFF, 0x80, 0xFF, 0x00, 0xFD, 0x0D, 0xFD, 0x5D, 0xF9, 0x59, 0xF7, 0xF7, 
    0xE1, 0x00, 0x77, 0x00, 0xFF, 0x00, 0xEF, 0x10, 0xFF, 0x00, 0xFF, 0x00, 0xFF, 0x00, 0xFF, 0x00, 
    0xFF, 0x1E, 0xFF, 0xFF, 0xFF, 0xFF, 0xFF, 0xFF, 0xFF, 0x7F, 0xFF, 0x3F, 0xFF, 0x0F, 0xFF, 0x01, 
    0xE1, 0x00, 0x00, 0x00, 0x00, 0x00, 0x00, 0x00, 0x80, 0x00, 0x40, 0x80, 0xF0, 0x00, 0x0E, 0xF0, 
    0xFF, 0xF6, 0xFF, 0xC0, 0xFE, 0xF8, 0xFE, 0xFC, 0xFE, 0xFC, 0xFE, 0xFC, 0xFE, 0xFE, 0xFE, 0xFC, 
    0x3F, 0x00, 0x3E, 0x01, 0x06, 0x01, 0x02, 0x01, 0x02, 0x01, 0x02, 0x01, 0x00, 0x01, 0x02, 0x01, 
    0x00, 0xFF, 0x00, 0xFF, 0xC3, 0xFF, 0xFF, 0xFF, 0xFF, 0xFF, 0xFE, 0xFF, 0xF8, 0xFF, 0xE0, 0xFF, 
    0xFF, 0xFF, 0xFF, 0xFF, 0x3C, 0xFF, 0x00, 0xFF, 0x00, 0xFF, 0x01, 0xFF, 0x07, 0xFF, 0x1F, 0xFF, 
    0x00, 0xFF, 0x07, 0xFF, 0xFF, 0xFF, 0xFF, 0xFF, 0xF8, 0xFF, 0x00, 0xFF, 0x00, 0xFF, 0x00, 0xFF, 
    0xFF, 0xFF, 0xF8, 0xFF, 0x00, 0xFF, 0x00, 0xFF, 0x07, 0xFF, 0xFF, 0xFF, 0xFF, 0xFF, 0xFF, 0xFF, 
    0xFF, 0x00, 0xFF, 0xE3, 0xFF, 0xC8, 0xE0, 0x1F, 0x04, 0xFC, 0xE0, 0xF3, 0xC0, 0xFF, 0x00, 0xFF, 
    0x00, 0x00, 0xE3, 0xE3, 0xCF, 0xCF, 0xE0, 0xE0, 0x03, 0x07, 0x1F, 0xFF, 0x3F, 0x3F, 0xFF, 0xFF, 
    0xFF, 0x0C, 0xFF, 0xC1, 0xE7, 0x18, 0x33, 0xFC, 0x18, 0xFF, 0x7E, 0xFF, 0x7F, 0xFF, 0x3F, 0xFF, 
    0x0C, 0x0C, 0xFF, 0xFF, 0xE7, 0xE7, 0x03, 0x33, 0xE0, 0xF8, 0x80, 0xFE, 0x80, 0xFF, 0xC0, 0xFF, 
    0x00, 0xFE, 0x0F, 0x20, 0x8E, 0x30, 0x07, 0x00, 0x3F, 0x00, 0xFF, 0xFF, 0xFF, 0xFF, 0x00, 0x9F, 
    0x00, 0xFF, 0x07, 0xF8, 0x06, 0xF9, 0x00, 0xFF, 0x0F, 0xF0, 0x00, 0x00, 0x00, 0x00, 0xFF, 0xFF, 
    0x3E, 0x00, 0xFF, 0x60, 0x7B, 0x80, 0xFF, 0x00, 0xFF, 0x00, 0xFF, 0xFF, 0xC0, 0xC0, 0x00, 0xFF, 
    0x0C, 0xF3, 0xFA, 0x05, 0x39, 0xC6, 0x08, 0xF7, 0xFF, 0x00, 0x00, 0x00, 0x3F, 0x3F, 0xFF, 0xFF, 
    0xFF, 0x00, 0xFF, 0x00, 0xFF, 0x00, 0xFF, 0x00, 0xFF, 0x00, 0xFF, 0x0F, 0xFB, 0x7B, 0xFF, 0x3F, 
    0xFF, 0x00, 0xFF, 0x00, 0xFF, 0x00, 0xFF, 0x00, 0x3F, 0xC0, 0x7F, 0x80, 0xFF, 0x00, 0xFF, 0x00, 
    0xF0, 0x07, 0xF0, 0x07, 0xE0, 0x07, 0xE0, 0x07, 0xF8, 0x03, 0xF8, 0x83, 0xF8, 0xE3, 0xF8, 0xF3, 
    0x83, 0x7C, 0x83, 0x7C, 0x83, 0x7C, 0x03, 0xFC, 0x81, 0x7E, 0xE1, 0x1E, 0xF3, 0x0C, 0xF3, 0x0C, 
    0x00, 0x00, 0x00, 0x00, 0x00, 0x00, 0x00, 0x00, 0x00, 0x00, 0x00, 0x00, 0x00, 0x00, 0x00, 0x00, 
    0xFF, 0x00, 0xFF, 0x00, 0xFF, 0x00, 0xFF, 0x00, 0xFF, 0x00, 0xFF, 0x00, 0xFF, 0x00, 0xFF, 0x00, 
    0x00, 0x00, 0x00, 0x00, 0x00, 0x00, 0x00, 0x00, 0x00, 0x00, 0x00, 0x00, 0x01, 0x01, 0x03, 0x03, 
    0xFF, 0x00, 0xFF, 0x00, 0xFF, 0x00, 0xFF, 0x00, 0xFF, 0x00, 0xFF, 0x00, 0xFF, 0x00, 0xFF, 0x00, 
    0x00, 0xFF, 0x00, 0xFF, 0x00, 0xFF, 0x00, 0xFF, 0x00, 0xFF, 0x00, 0xFF, 0x00, 0xFF, 0x00, 0xFF, 
    0x00, 0xFF, 0x78, 0x87, 0x01, 0xFE, 0x7F, 0x80, 0xFF, 0x00, 0x3C, 0xC3, 0xFC, 0x03, 0xE3, 0x1C, 
    0x00, 0xFF, 0x00, 0xFF, 0x00, 0xFF, 0x00, 0xFF, 0x00, 0xFF, 0x00, 0xFF, 0x00, 0xFF, 0x00, 0xFF, 
    0x00, 0xFF, 0x0F, 0xF0, 0x01, 0xFE, 0x3C, 0xC3, 0xFE, 0x01, 0xFF, 0x00, 0xFC, 0x03, 0x84, 0x7B, 
    0x88, 0xFF, 0x20, 0xEF, 0x41, 0xFF, 0x03, 0xFF, 0x1F, 0xFF, 0x7F, 0xFF, 0xFF, 0xFF, 0xFF, 0xFF, 
    0x77, 0xFF, 0xDF, 0xFF, 0xBE, 0xFF, 0xFC, 0xFF, 0xE0, 0xFF, 0x80, 0xFF, 0x00, 0xFF, 0x00, 0xFF, 
    0x3F, 0xFF, 0xFF, 0xFF, 0xFF, 0xFF, 0xFF, 0xFF, 0xFF, 0xFF, 0xFF, 0xFF, 0xFF, 0xFF, 0xFE, 0xFE, 
    0xC0, 0xFF, 0x00, 0xFF, 0x00, 0xFF, 0x00, 0xFF, 0x00, 0xFF, 0x00, 0xFF, 0x00, 0xFF, 0x01, 0xFF, 
    0xFF, 0xFF, 0xFF, 0xFF, 0xFF, 0xFF, 0xFD, 0xFD, 0xFF, 0xFF, 0xD7, 0xD7, 0xF7, 0xF7, 0xFF, 0xFF, 
    0x00, 0x00, 0x00, 0x00, 0x00, 0x00, 0x02, 0x02, 0x00, 0x00, 0x28, 0x28, 0x08, 0x08, 0x00, 0x00, 
    0xFF, 0xFF, 0xB7, 0xB7, 0xF7, 0xF7, 0xFF, 0xFF, 0xFF, 0xFF, 0xFF, 0xFF, 0xFF, 0xFF, 0xFC, 0xFC, 
    0x00, 0x00, 0x48, 0x48, 0x08, 0x08, 0x00, 0x00, 0x00, 0x00, 0x00, 0x00, 0x00, 0x00, 0x03, 0x03, 
    0xFF, 0xFF, 0xFF, 0xFF, 0xFF, 0xFF, 0xFF, 0xFF, 0xFF, 0xFF, 0xFF, 0xFF, 0x3C, 0x3C, 0xE0, 0xE0, 
    0x00, 0x00, 0x00, 0x00, 0x00, 0x00, 0x00, 0x00, 0x00, 0x00, 0x00, 0x00, 0xC3, 0xC3, 0x1F, 0x1F, 
    0xFF, 0xFF, 0xFF, 0xFF, 0xFF, 0xFF, 0xFF, 0xFF, 0xFF, 0xFF, 0xE0, 0xE0, 0x80, 0x80, 0x00, 0x00, 
    0x00, 0x00, 0x00, 0x00, 0x00, 0x00, 0x00, 0x00, 0x00, 0x00, 0x1F, 0x1F, 0x7F, 0x7F, 0xFF, 0xFF, 
    0x03, 0xFF, 0x17, 0xFF, 0x06, 0xFF, 0x04, 0xFF, 0x26, 0xEE, 0x40, 0xEF, 0x01, 0xFF, 0x00, 0xFF, 
    0xFC, 0xFF, 0xE8, 0xFF, 0xF9, 0xFF, 0xFB, 0xFF, 0xD9, 0xFF, 0xBF, 0xFF, 0xFE, 0xFF, 0xFF, 0xFF, 
    0xEB, 0xFF, 0x7F, 0xFF, 0x7F, 0xFF, 0xFC, 0xFF, 0x70, 0xFF, 0xF8, 0xFF, 0xFF, 0xFF, 0xFF, 0xFF, 
    0x10, 0xFB, 0x80, 0xFF, 0x80, 0xFF, 0x03, 0xFF, 0x8F, 0xFF, 0x07, 0xFF, 0x00, 0xFF, 0x00, 0xFF, 
    0xFE, 0x01, 0xC0, 0x3F, 0x07, 0xFF, 0xFF, 0xFF, 0x81, 0xFF, 0x01, 0xFF, 0x00, 0xFF, 0x07, 0xFF, 
    0xFE, 0xFE, 0xC0, 0xC0, 0x00, 0x07, 0x00, 0xFF, 0x7E, 0xFF, 0xFE, 0xFF, 0xFF, 0xFF, 0xF8, 0xFF, 
    0x00, 0xFF, 0x00, 0xFF, 0xFF, 0xFF, 0xFF, 0xFF, 0xFF, 0xFF, 0xC1, 0xFF, 0x2F, 0xFF, 0xFF, 0xFF, 
    0x00, 0x00, 0x00, 0x00, 0x00, 0xFF, 0x00, 0xFF, 0x00, 0xFF, 0x3E, 0xFF, 0xD0, 0xFF, 0x00, 0xFF, 
    0xFF, 0x00, 0xF8, 0x00, 0x70, 0x00, 0xF8, 0x00, 0xF8, 0x01, 0xEC, 0x01, 0xFC, 0x01, 0xFC, 0x00, 
    0x00, 0xFF, 0x00, 0xFF, 0x00, 0xFF, 0x00, 0xFF, 0x00, 0xFF, 0x80, 0x7F, 0x00, 0xFF, 0x00, 0xFF, 
    0x80, 0x3F, 0x00, 0x3F, 0x00, 0x3F, 0x00, 0x3F, 0x00, 0x1F, 0x00, 0x1F, 0x00, 0x1F, 0x00, 0x1F, 
    0x0F, 0xF0, 0x1F, 0xE0, 0x1F, 0xE0, 0x1F, 0xE0, 0x0F, 0xF0, 0x0F, 0xF0, 0x0F, 0xF0, 0x0F, 0xF0, 
    0xFF, 0x08, 0xFF, 0x90, 0xFF, 0x20, 0xFE, 0x60, 0xFC, 0x00, 0xF8, 0x00, 0xFF, 0x00, 0xFF, 0x00, 
    0x3A, 0xC5, 0xFE, 0x01, 0xF8, 0x07, 0xF8, 0x07, 0xE0, 0x1F, 0xC0, 0x3F, 0xF0, 0x0F, 0x00, 0xFF, 
    0xE0, 0x0C, 0xC0, 0x0F, 0xC0, 0x1F, 0x80, 0x3F, 0x80, 0x1F, 0x80, 0x1F, 0x80, 0x1E, 0x00, 0x1F, 
    0x00, 0xFF, 0x02, 0xFD, 0x0F, 0xF0, 0x0F, 0xF0, 0x0F, 0xF0, 0x0C, 0xF3, 0x0C, 0xF3, 0x0C, 0xF3, 
    0xFF, 0xFF, 0xFF, 0xFF, 0xFF, 0xFF, 0xFF, 0xFF, 0xFF, 0xFF, 0xFF, 0xFF, 0xFC, 0xFC, 0xFF, 0xFF, 
    0x00, 0x00, 0x00, 0x00, 0x00, 0x00, 0x00, 0x00, 0x00, 0x00, 0x00, 0x00, 0x03, 0x03, 0x00, 0x00, 
    0xFF, 0xFF, 0xFF, 0xFF, 0xFF, 0xFF, 0xFF, 0xFF, 0xFF, 0xFF, 0xFF, 0xFF, 0xDC, 0xFC, 0xFC, 0xFC, 
    0x00, 0x00, 0x00, 0x00, 0x00, 0x00, 0x00, 0x00, 0x00, 0x00, 0x00, 0x00, 0x23, 0x23, 0x03, 0x03, 
    0xFF, 0xFC, 0xFF, 0x81, 0xF2, 0x92, 0xC0, 0x40, 0x80, 0x80, 0x00, 0x00, 0xE4, 0x04, 0xF7, 0xD5, 
    0x03, 0x00, 0x7E, 0x00, 0x7D, 0x00, 0xFF, 0x00, 0xFF, 0x00, 0xFF, 0x00, 0xFF, 0x00, 0xFE, 0x00, 
    0xF0, 0x10, 0xB0, 0xB0, 0x30, 0x30, 0x00, 0x00, 0x00, 0x00, 0x21, 0x21, 0x7F, 0x57, 0xFF, 0xDF, 
    0xFF, 0x00, 0x7F, 0x00, 0xFF, 0x00, 0xFF, 0x00, 0xFF, 0x00, 0xFE, 0x00, 0xE8, 0x00, 0x60, 0x00, 
    0xFF, 0xF3, 0xFC, 0xCB, 0xE0, 0xBF, 0xBD, 0x7D, 0xEF, 0xE8, 0x7F, 0x4F, 0xFF, 0x1F, 0xFF, 0xFF, 
    0xF3, 0xF3, 0xCC, 0xCC, 0xA0, 0xA0, 0x82, 0xBE, 0x17, 0xF0, 0xB0, 0x80, 0x60, 0x80, 0x00, 0x00, 
    0xEF, 0x9F, 0x3B, 0xF8, 0xBF, 0xB1, 0xFF, 0x07, 0xFF, 0xFF, 0xFE, 0xFE, 0xF3, 0xF3, 0xBF, 0xBF, 
    0xE0, 0xEF, 0x07, 0x3C, 0x4E, 0xC0, 0xF8, 0x00, 0x00, 0x00, 0x01, 0x01, 0x0C, 0x0C, 0x40, 0x40, 
    0x80, 0xFF, 0x00, 0xFF, 0x00, 0xFF, 0x00, 0xFF, 0x00, 0xFF, 0x00, 0xFF, 0x00, 0xFF, 0x00, 0xFF, 
    0x7F, 0xFF, 0xFF, 0xFF, 0xFF, 0xFF, 0xFF, 0xFF, 0xFF, 0xFF, 0xFF, 0xFF, 0xFF, 0xFF, 0xFF, 0xFF, 
    0x00, 0xFF, 0x00, 0xFF, 0x00, 0xFF, 0x00, 0xFF, 0x00, 0xFF, 0x00, 0xFF, 0x00, 0xFF, 0x00, 0xFF, 
    0xFF, 0xFF, 0xFF, 0xFF, 0xFF, 0xFF, 0xFF, 0xFF, 0xFF, 0xFF, 0xFF, 0xFF, 0xFF, 0xFF, 0xFF, 0xFF, 
    0x00, 0x00, 0x00, 0x00, 0x00, 0x00, 0x00, 0x00, 0x00, 0x00, 0x00, 0x00, 0x00, 0x00, 0x00, 0x00, 
    0xFF, 0x00, 0xFF, 0x00, 0xFF, 0x00, 0xFF, 0x00, 0xFF, 0x00, 0xFF, 0x00, 0xFF, 0x00, 0xFF, 0x00, 
    0x00, 0x00, 0x00, 0x00, 0x00, 0x00, 0x00, 0x00, 0x00, 0x00, 0x00, 0x00, 0x02, 0x02, 0x33, 0x33, 
    0xFF, 0x00, 0xFF, 0x00, 0xFF, 0x00, 0xFF, 0x00, 0xFF, 0x00, 0xFF, 0x00, 0xFF, 0x00, 0xFF, 0x00, 
    0x00, 0xFF, 0x00, 0xFF, 0x00, 0xFF, 0x00, 0xFF, 0x00, 0xFF, 0x00, 0xFF, 0x00, 0xFF, 0x00, 0xFF, 
    0xF9, 0x06, 0xFF, 0x00, 0xFB, 0x04, 0xFF, 0x00, 0xFC, 0x03, 0xF8, 0x07, 0xFC, 0x03, 0xF9, 0x06, 
    0x39, 0x59, 0xE7, 0x07, 0xFE, 0x1F, 0xFC, 0x3F, 0xF9, 0x3E, 0xF9, 0x3E, 0x71, 0x7E, 0x71, 0x7E, 
    0x26, 0xC7, 0xB8, 0x4F, 0x60, 0x9E, 0x40, 0x9C, 0xC1, 0x19, 0x41, 0x99, 0x01, 0x91, 0x01, 0x91, 
    0x7F, 0xBF, 0x7F, 0xBF, 0x7F, 0x3F, 0x7F, 0x3F, 0x7F, 0xBF, 0x7F, 0xBF, 0x7F, 0xBF, 0x7F, 0xBF, 
    0x40, 0x80, 0x40, 0x80, 0x40, 0x80, 0x40, 0x80, 0x40, 0x80, 0x40, 0x80, 0x40, 0x80, 0x40, 0x80, 
    0xE8, 0xEA, 0xEB, 0xEB, 0xFC, 0xFC, 0xC0, 0xC0, 0x00, 0x00, 0x04, 0x04, 0xFF, 0xFF, 0xF8, 0xF8, 
    0x17, 0x17, 0x14, 0x14, 0x03, 0x03, 0x3F, 0x3F, 0xFF, 0xFF, 0xFB, 0xFB, 0x00, 0x00, 0x07, 0x07, 
    0xFB, 0x32, 0xAD, 0x21, 0xFC, 0xD4, 0x9C, 0x90, 0x7E, 0xF8, 0xC7, 0xC5, 0xFF, 0x00, 0xFF, 0xFF, 
    0xFB, 0x04, 0x3F, 0xC0, 0xFF, 0x00, 0x7F, 0x80, 0x0F, 0x70, 0x3F, 0xE0, 0xFF, 0x00, 0xFF, 0x00, 
    0xFF, 0x7F, 0xFF, 0x3F, 0xFF, 0xA0, 0xDE, 0x80, 0x7F, 0x42, 0xFE, 0x06, 0xFD, 0x00, 0xFF, 0xCC, 
    0xFF, 0x00, 0x7F, 0x80, 0xF6, 0x09, 0x8E, 0x71, 0xFF, 0x00, 0xEE, 0x11, 0xE0, 0x1F, 0xFE, 0x01, 
    0xF9, 0xF9, 0xDF, 0xDF, 0xFF, 0xFF, 0xFF, 0xFF, 0xFF, 0xFF, 0xFF, 0xFF, 0xFF, 0xFF, 0xFF, 0xFF, 
    0x06, 0x06, 0x20, 0x20, 0x00, 0x00, 0x00, 0x00, 0x00, 0x00, 0x00, 0x00, 0x00, 0x00, 0x00, 0x00, 
    0xFF, 0xFF, 0xFF, 0xFF, 0xFF, 0xFF, 0xFF, 0xFF, 0xFF, 0xFF, 0xFF, 0xFF, 0xC5, 0xC7, 0xFF, 0xFF, 
    0x00, 0x00, 0x00, 0x00, 0x00, 0x00, 0x00, 0x00, 0x00, 0x00, 0x00, 0x00, 0x3A, 0x3A, 0x00, 0x00, 
    0xFF, 0xFF, 0xFF, 0xFF, 0xFF, 0xFF, 0xFF, 0xFF, 0xFF, 0xFF, 0xFF, 0x7F, 0xFF, 0xFF, 0x9F, 0x9F, 
    0xFF, 0x00, 0xFF, 0x00, 0xFF, 0x00, 0xFF, 0x00, 0xFF, 0x00, 0xFF, 0x00, 0xFF, 0x00, 0xFF, 0x00, 
    0xFF, 0xFF, 0xFF, 0xFF, 0xFF, 0xFF, 0xFF, 0xFF, 0xFF, 0xFF, 0xFF, 0xFF, 0xFE, 0xFE, 0xE0, 0xE0, 
    0xFF, 0x00, 0xFF, 0x00, 0xFF, 0x00, 0xFF, 0x00, 0xFF, 0x00, 0xFF, 0x00, 0xFF, 0x00, 0xFF, 0x00, 
    0x00, 0xFF, 0x00, 0xFF, 0x00, 0xFF, 0x00, 0xFE, 0x20, 0xE7, 0x70, 0xF7, 0x00, 0xE7, 0x00, 0xFC, 
    0xFF, 0xFF, 0xFF, 0xFF, 0xFF, 0xFF, 0xFF, 0xFF, 0xDF, 0xDF, 0x8F, 0x8F, 0xFF, 0xFF, 0xFF, 0xFF, 
    0x00, 0xFF, 0x00, 0xFF, 0x00, 0xFF, 0x00, 0xF8, 0x00, 0x0F, 0x00, 0xFF, 0x00, 0xFF, 0x00, 0x7F, 
    0xFF, 0xFF, 0xFF, 0xFF, 0xFF, 0xFF, 0xFF, 0xFF, 0xFF, 0xFF, 0xFF, 0xFF, 0xFF, 0xFF, 0xFF, 0xFF, 
    0xFF, 0x00, 0xFF, 0x00, 0xFF, 0x00, 0xFF, 0x00, 0xFF, 0x00, 0xFF, 0x00, 0xFF, 0x00, 0xFF, 0x00, 
    0xFF, 0x00, 0xFF, 0x00, 0xFF, 0x00, 0xFF, 0x00, 0xFF, 0x00, 0xFF, 0x00, 0xFF, 0x00, 0xDC, 0x23, 
    0xFF, 0x00, 0xFF, 0x00, 0xFF, 0x00, 0xFE, 0x00, 0xFC, 0x00, 0xF8, 0x00, 0xF9, 0x00, 0xF7, 0x00, 
    0xFF, 0x00, 0xFF, 0x00, 0xFF, 0x00, 0xFE, 0x01, 0xF8, 0x07, 0xF0, 0x0F, 0x00, 0xFF, 0x13, 0xEC, 
    0xFF, 0xFF, 0xFF, 0xFF, 0x7E, 0xFE, 0x30, 0x30, 0x00, 0x00, 0x00, 0x00, 0x00, 0x00, 0x00, 0x00, 
    0x00, 0xFF, 0x00, 0xFF, 0x81, 0xFF, 0xCF, 0xFF, 0xFF, 0xFF, 0xFF, 0xFF, 0xFF, 0xFF, 0xFF, 0xFF, 
    0xF0, 0xF8, 0x80, 0x80, 0x00, 0x00, 0x07, 0x07, 0x1F, 0x9F, 0x7F, 0x7F, 0xDF, 0xDF, 0xFF, 0xFF, 
    0x0F, 0xFF, 0x7F, 0xFF, 0xFF, 0xFF, 0xF8, 0xF8, 0xE0, 0xE0, 0x80, 0x80, 0x20, 0x20, 0x00, 0x00, 
    0x00, 0xFF, 0x00, 0xFF, 0x00, 0xFF, 0x00, 0xFF, 0x00, 0xFF, 0x00, 0xFF, 0x00, 0xFF, 0x00, 0xFF, 
    0xFF, 0x00, 0xFF, 0x00, 0xFF, 0x00, 0xFF, 0x00, 0xFF, 0x00, 0xFF, 0x00, 0xFF, 0x00, 0xFF, 0x00, 
    0x00, 0xFF, 0x00, 0xFF, 0x00, 0xFF, 0x00, 0xFF, 0x00, 0xFF, 0x00, 0xFF, 0x00, 0xFF, 0x00, 0xFF, 
    0xFF, 0x00, 0xFE, 0x01, 0xFE, 0x01, 0xFE, 0x01, 0xFE, 0x01, 0xFE, 0x01, 0xFE, 0x01, 0xFE, 0x01, 
    0xFF, 0xFF, 0xFF, 0xFF, 0xFF, 0xFF, 0xFE, 0xFF, 0x00, 0xFF, 0x00, 0xFE, 0x00, 0xF0, 0x00, 0x00, 
    0x00, 0xFF, 0x00, 0xFF, 0x00, 0xFF, 0x01, 0xFF, 0xFF, 0xFF, 0xFF, 0xFF, 0xFF, 0xFF, 0xFF, 0xFF, 
    0xFF, 0xFF, 0xE0, 0xFF, 0xC0, 0xFF, 0x00, 0xFF, 0x00, 0xF8, 0x00, 0x00, 0x00, 0x00, 0x00, 0x00, 
    0x00, 0xFF, 0x1F, 0xFF, 0x3F, 0xFF, 0xFF, 0xFF, 0xFF, 0xFF, 0xFF, 0xFF, 0xFF, 0xFF, 0xFF, 0xFF, 
    0xFF, 0xFF, 0xFF, 0xFF, 0xFF, 0xFF, 0x1F, 0x1F, 0x7F, 0x7F, 0xFF, 0xFF, 0xFF, 0xFF, 0xFF, 0xFF, 
    0x00, 0x00, 0x00, 0x00, 0x00, 0x00, 0xE0, 0xE0, 0x80, 0x80, 0x00, 0x00, 0x00, 0x00, 0x00, 0x00, 
    0xFF, 0xFF, 0xFF, 0xFF, 0xFF, 0xFF, 0xFF, 0xFF, 0xFF, 0xFF, 0xFF, 0xFF, 0xFF, 0xFF, 0xFF, 0xFF, 
    0x00, 0x00, 0x00, 0x00, 0x00, 0x00, 0x00, 0x00, 0x00, 0x00, 0x00, 0x00, 0x00, 0x00, 0x00, 0x00, 
    0xFF, 0xFF, 0xFF, 0xFF, 0xFF, 0xFF, 0xFF, 0xFF, 0xFF, 0xFF, 0xFF, 0xFF, 0xFE, 0xFE, 0xDC, 0xDC, 
    0x00, 0x00, 0x00, 0x00, 0x00, 0x00, 0x00, 0x00, 0x00, 0x00, 0x00, 0x00, 0x01, 0x01, 0x23, 0x20, 
    0xFF, 0xFF, 0xFF, 0xFF, 0xFF, 0xFF, 0xF0, 0xF0, 0xE0, 0xE0, 0x80, 0x80, 0x00, 0x00, 0x00, 0x00, 
    0x00, 0x00, 0x00, 0x00, 0x00, 0x00, 0x0F, 0x0F, 0x1F, 0x1F, 0x7F, 0x77, 0xFF, 0x60, 0xFF, 0x60, 
    0xBF, 0xFF, 0xFF, 0xFF, 0xF9, 0xFF, 0x06, 0xFF, 0x67, 0xFF, 0x0F, 0xFF, 0x5E, 0xFF, 0xF8, 0xFF, 
    0x00, 0xBF, 0x00, 0xFF, 0x06, 0xFF, 0xF9, 0xFF, 0x98, 0xFF, 0xF0, 0xFF, 0xA1, 0xFF, 0x07, 0xFF, 
    0xFF, 0xFF, 0xFF, 0xFF, 0x0F, 0xFF, 0x3E, 0xFF, 0xE0, 0xFF, 0x00, 0xFF, 0x00, 0xFF, 0x00, 0xFC, 
    0x00, 0xFF, 0x00, 0xFF, 0xF0, 0xFF, 0xC1, 0xFF, 0x1F, 0xFF, 0xFF, 0xFF, 0xFF, 0xFF, 0xFF, 0xFF, 
    0x00, 0x00, 0x00, 0x00, 0x0E, 0x0E, 0x3F, 0x3F, 0xFB, 0xFB, 0xFB, 0xFB, 0xFF, 0xFF, 0xFF, 0xFF, 
    0xFF, 0xFF, 0xFF, 0xFF, 0xF1, 0xF1, 0xC0, 0xC0, 0x04, 0x04, 0x04, 0x04, 0x00, 0x00, 0x00, 0x00, 
    0x00, 0x00, 0x00, 0x00, 0x67, 0x7F, 0xFF, 0xFF, 0xFF, 0xFF, 0xFF, 0xFF, 0xF9, 0xF9, 0xFF, 0xFF, 
    0xFF, 0xFF, 0xFF, 0xFF, 0x98, 0x98, 0x00, 0x00, 0x00, 0x00, 0x00, 0x00, 0x06, 0x06, 0x00, 0x00, 
    0xFF, 0xFF, 0xFC, 0xFC, 0xE0, 0xE0, 0x00, 0x00, 0x00, 0x00, 0x00, 0x00, 0x07, 0x07, 0xFF, 0xFF, 
    0x00, 0x00, 0x03, 0x03, 0x1F, 0x1F, 0xFF, 0xFF, 0xFF, 0xFF, 0xFF, 0xFF, 0xF8, 0xF8, 0x00, 0x00, 
    0x00, 0x00, 0x00, 0x00, 0x0F, 0x0F, 0x1F, 0x1F, 0x30, 0x30, 0x60, 0x60, 0xFF, 0xFF, 0xFF, 0xFF, 
    0xFF, 0xFF, 0xFF, 0xFF, 0xF0, 0xF0, 0xE0, 0xE0, 0xCF, 0xCF, 0x9F, 0x9F, 0x00, 0x00, 0x00, 0x00, 
    0x00, 0xFE, 0x00, 0xFD, 0x00, 0xFF, 0x00, 0xFF, 0x00, 0xFD, 0x00, 0xFF, 0x00, 0xFF, 0x00, 0xFF, 
    0xF4, 0x0B, 0xE4, 0x1B, 0xF0, 0x0F, 0xFC, 0x03, 0xFC, 0x03, 0xFC, 0x03, 0xF4, 0x0B, 0xF4, 0x0B, 
    0x61, 0x00, 0x41, 0x80, 0x07, 0xE0, 0x07, 0xC0, 0x3E, 0xC0, 0x7E, 0x80, 0x7D, 0xA8, 0x3F, 0x00, 
    0x40, 0xBF, 0x00, 0xFF, 0x03, 0xFC, 0x03, 0xFC, 0x1E, 0xE1, 0x3C, 0xC3, 0x78, 0x87, 0x2F, 0xD0, 
    0x00, 0xFC, 0x00, 0x7C, 0x00, 0xFC, 0x00, 0xFC, 0x00, 0xFC, 0x00, 0x7F, 0x00, 0x7F, 0x00, 0x7F, 
    0x40, 0xBF, 0x00, 0xFF, 0x00, 0xFF, 0x00, 0xFF, 0x00, 0xFF, 0x04, 0xFB, 0x3D, 0xC2, 0x3C, 0xC3, 
    0x3F, 0x00, 0x3D, 0x00, 0x3F, 0x80, 0x0F, 0x00, 0x0F, 0x80, 0x0C, 0xC0, 0x0E, 0xE0, 0x0F, 0xF0, 
    0x00, 0xFF, 0x01, 0xFE, 0x01, 0xFE, 0x02, 0xFD, 0x04, 0xFB, 0x80, 0x7F, 0xC0, 0x3F, 0xC0, 0x3F, 
    0xFF, 0x00, 0xFF, 0x20, 0xFF, 0xE0, 0xFF, 0x30, 0x7F, 0x94, 0x3F, 0xC4, 0x1F, 0xE0, 0x06, 0xF9, 
    0x00, 0x00, 0x20, 0x20, 0xE0, 0xE0, 0xF0, 0xF0, 0x74, 0x74, 0x34, 0x34, 0x1D, 0x1D, 0x06, 0x06, 
    0xFF, 0x00, 0xFF, 0x00, 0xFF, 0x00, 0xFF, 0x00, 0xFF, 0x00, 0xFF, 0x6C, 0xFF, 0x00, 0xFF, 0x07, 
    0x00, 0x00, 0x00, 0x00, 0x00, 0x00, 0x00, 0x00, 0x00, 0x00, 0x6C, 0x6C, 0x80, 0x80, 0xF7, 0xF7, 
    0xFC, 0x1B, 0xF0, 0xEF, 0xC3, 0x3F, 0x80, 0x7F, 0xFF, 0x00, 0xFF, 0x3D, 0xFF, 0x01, 0xFF, 0x01, 
    0x1C, 0x1C, 0xF0, 0xF0, 0xC0, 0xC3, 0x80, 0x80, 0x1F, 0x1F, 0x3D, 0x3D, 0x01, 0x01, 0x01, 0x01, 
    0x60, 0xE0, 0x9F, 0x9F, 0xBF, 0xFF, 0x1F, 0xDF, 0x9E, 0x5E, 0x9D, 0x5D, 0x9E, 0xDE, 0x9E, 0x5E, 
    0x3F, 0x40, 0x60, 0x9F, 0x00, 0xBF, 0x20, 0x1F, 0x21, 0x1E, 0x22, 0x1D, 0xA1, 0x9E, 0x21, 0x1E, 
    0x00, 0x3C, 0x00, 0x00, 0x00, 0xFF, 0x00, 0xFF, 0x00, 0xFF, 0x00, 0xFF, 0x00, 0xFF, 0x00, 0xFF, 
    0x00, 0xFF, 0x00, 0xFF, 0x04, 0xFB, 0xFF, 0x00, 0xFF, 0x00, 0xFF, 0x00, 0xFF, 0x00, 0xFF, 0x00, 
    0x00, 0x00, 0x00, 0x03, 0x00, 0xFF, 0x00, 0xFF, 0x00, 0xFF, 0x00, 0xFF, 0x00, 0xFF, 0x00, 0xFF, 
    0x00, 0xFF, 0x00, 0xFF, 0xFF, 0x00, 0xFF, 0x00, 0xFF, 0x00, 0xFF, 0x00, 0xFF, 0x00, 0xFF, 0x00, 
    0x00, 0xFF, 0x00, 0xFF, 0x80, 0xFF, 0x00, 0xFE, 0x03, 0xFF, 0x20, 0xA0, 0x80, 0x80, 0x00, 0x00, 
    0xFF, 0xFF, 0xFF, 0xFF, 0x7F, 0x7F, 0xFF, 0xFF, 0xFC, 0xFC, 0xDF, 0xDF, 0x7F, 0x7F, 0xFF, 0xFF, 
    0x00, 0xFF, 0x00, 0xFF, 0x00, 0xFF, 0x00, 0x20, 0x00, 0x00, 0x00, 0x00, 0x01, 0x01, 0x01, 0x01, 
    0xFF, 0xFF, 0xFF, 0xFF, 0xFF, 0xFF, 0xFF, 0xFF, 0xFF, 0xFF, 0xFF, 0xFF, 0xFE, 0xFE, 0xFE, 0xFE, 
    0xFF, 0x01, 0xFF, 0xFF, 0xFF, 0xFF, 0xFF, 0xFF, 0xFF, 0xFF, 0xFF, 0xBF, 0xFF, 0xFC, 0xFF, 0xE0, 
    0xFF, 0x00, 0xFF, 0x00, 0xFF, 0x00, 0xFF, 0x00, 0xFF, 0x00, 0xFF, 0x00, 0xFF, 0x00, 0xFF, 0x00, 
    0xFF, 0xFF, 0xFF, 0xFE, 0xFF, 0xFC, 0xFF, 0xFF, 0xFF, 0x80, 0xFF, 0xF0, 0xFF, 0xBF, 0xFF, 0x7E, 
    0xFF, 0x00, 0xFF, 0x00, 0xFE, 0x01, 0xFF, 0x00, 0xFF, 0x00, 0xFF, 0x00, 0xFF, 0x00, 0xFF, 0x00, 
    0xFC, 0xFC, 0x00, 0x00, 0xFF, 0xFF, 0xFF, 0xFF, 0x00, 0xFF, 0xFF, 0x00, 0xFF, 0x00, 0xFE, 0x9D, 
    0xFF, 0x00, 0xFF, 0x0D, 0x00, 0xFF, 0x00, 0xFF, 0x00, 0x00, 0xFE, 0xFE, 0x79, 0x79, 0x9E, 0x9E, 
    0x7F, 0x7F, 0x3B, 0x3B, 0xFB, 0xFB, 0x73, 0xF3, 0xB2, 0x72, 0xB3, 0x73, 0xE2, 0x62, 0x62, 0xE2, 
    0xC1, 0x3E, 0xC5, 0x3A, 0x05, 0xFA, 0x0D, 0x72, 0x8D, 0xB2, 0x0D, 0x32, 0xBD, 0xC2, 0x3D, 0x42, 
    0xDE, 0xFE, 0xFF, 0xFF, 0x1F, 0x1F, 0xFF, 0xFF, 0xE1, 0xE1, 0xE3, 0xE3, 0xFF, 0xFF, 0xED, 0xED, 
    0x21, 0x21, 0x00, 0x00, 0xE0, 0xE0, 0x00, 0x00, 0x1E, 0x1E, 0x1C, 0x1C, 0x00, 0x00, 0x12, 0x12, 
    0x07, 0x07, 0x7F, 0x7F, 0xFF, 0xFF, 0xC7, 0xC7, 0xFF, 0xFF, 0xFF, 0xFF, 0xFF, 0xFF, 0xFF, 0xFF, 
    0xF8, 0xF8, 0x80, 0x80, 0x00, 0x00, 0x38, 0x38, 0x00, 0x00, 0x00, 0x00, 0x00, 0x00, 0x00, 0x00, 
    0xFF, 0x80, 0xFF, 0x00, 0xFF, 0xE0, 0xFF, 0x40, 0xF9, 0x00, 0xC3, 0x08, 0x21, 0x80, 0x00, 0x37, 
    0xFE, 0x01, 0xFF, 0x00, 0xFF, 0x00, 0xFE, 0x01, 0xD0, 0x2F, 0x80, 0x7F, 0x00, 0xFF, 0x00, 0xFF, 
    0xFF, 0x20, 0xFF, 0x04, 0xFF, 0x18, 0xFC, 0x08, 0xFF, 0x00, 0x03, 0x08, 0x00, 0x00, 0x00, 0x20, 
    0x7E, 0x81, 0x7F, 0x80, 0xFF, 0x00, 0x18, 0xE7, 0x08, 0xF7, 0x01, 0xFE, 0x00, 0xFF, 0x00, 0xFF, 
    0xFF, 0xFF, 0xFF, 0xFF, 0xFF, 0xFF, 0xFF, 0xFF, 0xFF, 0xFF, 0xCF, 0xCF, 0xEF, 0xEF, 0xFF, 0xFF, 
    0x00, 0x00, 0x00, 0x00, 0x00, 0x00, 0x00, 0x00, 0x00, 0x00, 0x30, 0x30, 0x10, 0x10, 0x00, 0x00, 
    0xFF, 0xFF, 0xFF, 0xFF, 0xFF, 0xFF, 0xFF, 0xFF, 0xFF, 0xFF, 0xFF, 0xFF, 0xFF, 0xFF, 0xFF, 0xFF, 
    0x00, 0x00, 0x00, 0x00, 0x00, 0x00, 0x00, 0x00, 0x00, 0x00, 0x00, 0x00, 0x00, 0x00, 0x00, 0x00, 
    0xFF, 0xF8, 0xFF, 0xF8, 0xFF, 0xF0, 0xFF, 0xF0, 0xFF, 0xF0, 0xFF, 0x78, 0xFF, 0x38, 0xFF, 0x00, 
    0xFC, 0x03, 0xFC, 0x03, 0xFA, 0x05, 0xF8, 0x07, 0xF8, 0x07, 0xF8, 0x07, 0x78, 0x87, 0x38, 0xC7, 
    0xFF, 0x00, 0xFF, 0x00, 0xFF, 0x00, 0xFF, 0x10, 0xFF, 0x00, 0xFF, 0x00, 0xFF, 0x00, 0xFC, 0x01, 
    0x30, 0xCF, 0x38, 0xC7, 0x38, 0xC7, 0x38, 0xC7, 0x38, 0xC7, 0x78, 0x87, 0x30, 0xCF, 0x00, 0xFF, 
    0x00, 0x00, 0x00, 0x00, 0x00, 0x00, 0x00, 0x00, 0x00, 0x00, 0x00, 0x00, 0x00, 0x00, 0x00, 0x00, 
    0xFF, 0x00, 0xFF, 0x00, 0xFF, 0x00, 0xFF, 0x00, 0xFF, 0x00, 0xFF, 0x00, 0xFF, 0x00, 0xFF, 0x00, 
    0x00, 0x00, 0x00, 0x00, 0x00, 0x00, 0x00, 0x00, 0x00, 0x00, 0x00, 0x00, 0x00, 0x00, 0x00, 0x00, 
    0xFF, 0x00, 0xFF, 0x00, 0xFF, 0x00, 0xFF, 0x00, 0xFF, 0x00, 0xFF, 0x00, 0xFF, 0x00, 0xFF, 0x00, 
    0x3C, 0x00, 0xFF, 0x00, 0x03, 0x7C, 0x03, 0xF8, 0x27, 0x00, 0xFF, 0x0F, 0xFF, 0xFF, 0x00, 0xFF, 
    0x04, 0xFB, 0xC1, 0x3E, 0x01, 0xFE, 0x00, 0xFF, 0x00, 0xFF, 0xF0, 0x00, 0x00, 0x00, 0xFF, 0xFF, 
    0x44, 0x11, 0xFC, 0x00, 0xFF, 0x00, 0xF8, 0x00, 0xF0, 0x00, 0xFF, 0xEF, 0xFF, 0xFF, 0x04, 0xF5, 
    0x00, 0xFF, 0x84, 0x7B, 0xEE, 0x11, 0x30, 0xCF, 0xE0, 0x1F, 0x10, 0x00, 0x00, 0x00, 0xFB, 0xFB, 
    0xFF, 0xFF, 0xFF, 0xFF, 0xFF, 0xFF, 0xFF, 0x00, 0xFF, 0x64, 0xFF, 0xFF, 0xCF, 0x81, 0xEF, 0x80, 
    0x00, 0x00, 0x00, 0x00, 0x00, 0x00, 0xFF, 0x00, 0xFF, 0x00, 0xFF, 0x00, 0xCF, 0x30, 0x85, 0x7A, 
    0xFC, 0xFC, 0xFC, 0xFC, 0xFF, 0xFF, 0xFF, 0x24, 0xDF, 0xDE, 0xFF, 0xCF, 0xFF, 0xF0, 0xFE, 0x00, 
    0x03, 0x00, 0x03, 0x00, 0x07, 0x00, 0xFF, 0x00, 0xFF, 0x00, 0xFF, 0x00, 0xFD, 0x02, 0x04, 0xFB, 
    0xFF, 0xFF, 0xFF, 0xFF, 0xFF, 0xFF, 0xFF, 0xFF, 0xFF, 0xFF, 0xFF, 0xFF, 0xFF, 0xFF, 0xFF, 0xFF, 
    0xFF, 0x00, 0xFF, 0x00, 0xFF, 0x00, 0xFF, 0x00, 0xFF, 0x00, 0xFF, 0x00, 0xFF, 0x00, 0xFF, 0x00, 
    0xFF, 0xFF, 0xFF, 0xFF, 0xFF, 0xFF, 0xFF, 0xFF, 0xFF, 0xFF, 0xFF, 0xFF, 0xFF, 0xFF, 0xFF, 0xFF, 
    0xFF, 0x00, 0xFF, 0x00, 0xFF, 0x00, 0xFF, 0x00, 0xFF, 0x00, 0xFF, 0x00, 0xFF, 0x00, 0xFF, 0x00, 
    0xCF, 0x00, 0x3F, 0x00, 0xB7, 0x00, 0xFF, 0x21, 0xFF, 0x70, 0xFF, 0x0E, 0xF7, 0x00, 0xF1, 0x80, 
    0xC1, 0x3E, 0x01, 0xFE, 0x03, 0xFC, 0x73, 0x8C, 0xF9, 0x06, 0xFF, 0x00, 0x87, 0x78, 0xE0, 0x1F, 
    0xBF, 0x00, 0xBF, 0x00, 0xFC, 0xE0, 0xFF, 0xC0, 0xE0, 0x00, 0xF3, 0x24, 0x1F, 0x00, 0x87, 0x20, 
    0x27, 0xD8, 0xB7, 0x48, 0xFC, 0x03, 0xE0, 0x1F, 0xE0, 0x1F, 0xB1, 0x4E, 0x03, 0xFC, 0x83, 0x7C, 
    0xFF, 0xFF, 0xFF, 0xE0, 0xFF, 0x00, 0xFF, 0x00, 0xFF, 0x00, 0xFF, 0x07, 0xFF, 0xC4, 0xFF, 0x80, 
    0xFF, 0x00, 0xFF, 0x00, 0x1F, 0xE0, 0x0F, 0xF0, 0x1E, 0xE1, 0xEF, 0x10, 0xEF, 0x10, 0xDE, 0x21, 
    0xFF, 0xC0, 0xF8, 0x00, 0xFE, 0x00, 0xFE, 0x00, 0x7C, 0x00, 0xE0, 0x00, 0x80, 0x0F, 0x90, 0x07, 
    0xFD, 0x02, 0xF8, 0x07, 0xFC, 0x03, 0xE0, 0x1F, 0x00, 0xFF, 0x80, 0x7F, 0x80, 0x7F, 0x01, 0xFE, 
    0xE6, 0x05, 0x64, 0x05, 0x24, 0x05, 0x04, 0xC3, 0x04, 0xFB, 0x00, 0xFB, 0x00, 0xFF, 0x00, 0xFF, 
    0x04, 0xFB, 0x04, 0xFB, 0x04, 0xFB, 0x05, 0xFA, 0xD9, 0x26, 0xD3, 0x2C, 0xF3, 0x0C, 0xFB, 0x04, 
    0x03, 0x98, 0x67, 0x90, 0x27, 0x90, 0x0F, 0xF0, 0x27, 0xC0, 0x37, 0xC0, 0x2F, 0xC0, 0x3B, 0xD0, 
    0x01, 0xFE, 0x21, 0xDE, 0x01, 0xFE, 0x03, 0xFC, 0xA1, 0x5E, 0xC7, 0x38, 0xB2, 0x4D, 0x30, 0xCF, 
    0x00, 0xFF, 0x00, 0xFF, 0x00, 0xFF, 0x00, 0xFF, 0x08, 0xF7, 0x00, 0xFF, 0x0F, 0xFF, 0x7F, 0xFF, 
    0x00, 0x00, 0x00, 0x00, 0x00, 0x00, 0x00, 0x00, 0x08, 0x08, 0x00, 0x00, 0x00, 0x0F, 0x00, 0x7F, 
    0x00, 0xFF, 0x00, 0xFF, 0x00, 0xFF, 0x00, 0xFF, 0x00, 0xFF, 0xC0, 0xFF, 0x7F, 0x7F, 0xFF, 0xFF, 
    0x00, 0x00, 0x00, 0x00, 0x00, 0x00, 0x00, 0x00, 0x00, 0x00, 0x00, 0xC0, 0x80, 0xFF, 0x00, 0xFF, 
    0x00, 0x00, 0x00, 0x00, 0x00, 0x00, 0x00, 0x00, 0x00, 0x00, 0x32, 0x32, 0x30, 0x30, 0x00, 0x00, 
    0xFF, 0x00, 0xFF, 0x00, 0xFF, 0x00, 0xFF, 0x00, 0xFF, 0x00, 0xFF, 0x00, 0xFF, 0x00, 0xFF, 0x00, 
    0x00, 0x00, 0x00, 0x00, 0x00, 0x00, 0x00, 0x00, 0x00, 0x00, 0x00, 0x00, 0x00, 0x00, 0x00, 0x00, 
    0xFF, 0x00, 0xFF, 0x00, 0xFF, 0x00, 0xFF, 0x00, 0xFF, 0x00, 0xFF, 0x00, 0xFF, 0x00, 0xFF, 0x00, 
    0xF3, 0x9F, 0xDE, 0x7E, 0x77, 0xF1, 0xDC, 0xC4, 0xF0, 0x11, 0xE0, 0xE7, 0xE0, 0xEF, 0x8F, 0x9F, 
    0x90, 0x93, 0x41, 0x5F, 0x0E, 0x70, 0x3B, 0xE3, 0xFF, 0x0F, 0x1F, 0x1F, 0x1F, 0x1F, 0x70, 0x70, 
    0xCF, 0xCF, 0xE0, 0xE7, 0x00, 0x3F, 0x00, 0xFF, 0x00, 0xFF, 0x00, 0xFF, 0x00, 0xFF, 0x88, 0xFF, 
    0x30, 0xF0, 0x1F, 0x1F, 0xFF, 0xFF, 0xFF, 0xFF, 0xFF, 0xFF, 0xFF, 0xFF, 0xFF, 0xFF, 0x77, 0x77, 
    0x00, 0xFF, 0x00, 0x60, 0x9F, 0x9F, 0x13, 0x13, 0x3F, 0x8F, 0x19, 0x19, 0x00, 0x00, 0xFF, 0x81, 
    0xFF, 0xFF, 0xFF, 0xFF, 0x60, 0x60, 0xEC, 0xCC, 0xF0, 0xC0, 0xFE, 0x87, 0xFF, 0x1B, 0xFF, 0x00, 
    0x00, 0xFF, 0xE0, 0xFF, 0xE0, 0xBF, 0x40, 0x5F, 0x5F, 0x7F, 0xFF, 0xFF, 0xFF, 0xFF, 0xFF, 0x86, 
    0xFF, 0xFF, 0x1F, 0x1F, 0x5F, 0x1F, 0xBF, 0xBF, 0xA0, 0xBF, 0x00, 0xFF, 0x00, 0xFF, 0xFF, 0x00, 
    0x00, 0x00, 0x00, 0x00, 0x00, 0x00, 0x00, 0x00, 0x00, 0x00, 0x00, 0x00, 0x00, 0x00, 0x00, 0x00, 
    0xFF, 0x80, 0xFF, 0x00, 0xFF, 0x00, 0xFF, 0x00, 0xFF, 0x00, 0xFF, 0x00, 0xFF, 0x00, 0xFF, 0x00, 
    0x00, 0x00, 0x00, 0x00, 0x00, 0x00, 0x00, 0x00, 0x00, 0x00, 0x00, 0x00, 0x00, 0x00, 0x00, 0x00, 
    0xFF, 0x00, 0xFF, 0x00, 0xFF, 0x00, 0xFF, 0x00, 0xFF, 0x00, 0xFF, 0x00, 0xFF, 0x00, 0xFF, 0x00, 
    0x00, 0x00, 0x01, 0x01, 0x06, 0x06, 0x0C, 0x0C, 0x8B, 0x8B, 0x8F, 0x8F, 0xFF, 0xFF, 0xFF, 0xFF, 
    0xFF, 0xFF, 0xFE, 0xFE, 0xF9, 0xF9, 0xF3, 0xF3, 0x74, 0x74, 0x70, 0x70, 0x00, 0x00, 0x00, 0x00, 
    0x23, 0x23, 0xDE, 0xDE, 0x0C, 0x0C, 0x3F, 0x3F, 0xFF, 0xFF, 0xFF, 0xFF, 0xFF, 0xFF, 0xFF, 0xFF, 
    0xDC, 0xDC, 0x21, 0x21, 0xF3, 0xF3, 0xC0, 0xC0, 0x00, 0x00, 0x00, 0x00, 0x00, 0x00, 0x00, 0x00, 
    0x00, 0x00, 0xC0, 0xC0, 0xC0, 0xC0, 0x10, 0x10, 0xFD, 0xFD, 0x00, 0x00, 0x00, 0x00, 0x00, 0x00, 
    0xFF, 0x00, 0xFF, 0x00, 0xFF, 0x00, 0xFF, 0x00, 0xFF, 0x00, 0xFF, 0x00, 0xFF, 0x00, 0xFF, 0x0E, 
    0xC0, 0xC0, 0xC0, 0xC0, 0x00, 0x00, 0x02, 0x02, 0x82, 0x82, 0x00, 0x00, 0x00, 0x00, 0x00, 0x00, 
    0xFF, 0x00, 0xFF, 0x00, 0xFF, 0x00, 0xFF, 0x00, 0xFF, 0x00, 0xFF, 0x00, 0xFF, 0x00, 0xFF, 0x40, 
    0xEF, 0x04, 0xED, 0x00, 0x3D, 0x80, 0x1C, 0xC0, 0x13, 0x00, 0x00, 0xFE, 0x3E, 0x00, 0xFF, 0x08, 
    0x47, 0xB8, 0x48, 0xB7, 0x00, 0xFF, 0x10, 0xEF, 0x00, 0xFF, 0x00, 0xFF, 0x00, 0xFF, 0x5C, 0xA3, 
    0xCF, 0x00, 0x87, 0x70, 0x84, 0x00, 0x00, 0x81, 0x00, 0x71, 0x00, 0x37, 0xC0, 0x03, 0xE0, 0x0C, 
    0x00, 0xFF, 0x00, 0xFF, 0x00, 0xFF, 0x00, 0xFF, 0x00, 0xFF, 0x00, 0xFF, 0x00, 0xFF, 0x00, 0xFF, 
    0x07, 0xFF, 0x0B, 0xFF, 0x00, 0xFF, 0x00, 0xFF, 0x00, 0xFF, 0x00, 0xFF, 0x00, 0xFF, 0x00, 0xFE, 
    0xF8, 0xFF, 0xF4, 0xFF, 0xFF, 0xFF, 0xFF, 0xFF, 0xFF, 0xFF, 0xFF, 0xFF, 0xFF, 0xFF, 0xFF, 0xFF, 
    0xFF, 0xFF, 0xFF, 0xFF, 0x7C, 0xFF, 0x00, 0xFE, 0x00, 0xFE, 0x00, 0x80, 0x00, 0x80, 0x00, 0x00, 
    0x00, 0xFF, 0x00, 0xFF, 0x83, 0xFF, 0xFF, 0xFF, 0xFF, 0xFF, 0xFF, 0xFF, 0xFF, 0xFF, 0xFF, 0xFF, 
    0x3E, 0x3E, 0x2C, 0x2C, 0x00, 0x00, 0x00, 0x00, 0x00, 0x00, 0x00, 0x00, 0x00, 0x00, 0x00, 0x00, 
    0xC1, 0xC1, 0xD3, 0xD0, 0xFF, 0xFC, 0xFF, 0xFC, 0xFF, 0xF0, 0xFF, 0xF1, 0xFF, 0x3F, 0xFF, 0x3B, 
    0x00, 0x00, 0x00, 0x00, 0x00, 0x00, 0x00, 0x00, 0x00, 0x00, 0x00, 0x00, 0x00, 0x00, 0x00, 0x00, 
    0xFF, 0x81, 0xFF, 0x02, 0xFF, 0x00, 0xFF, 0x78, 0xFF, 0x78, 0xFF, 0xF8, 0xFF, 0xE0, 0xFF, 0xC0, 
    0xFF, 0x01, 0xFF, 0x00, 0xFF, 0x00, 0xFF, 0x00, 0xFF, 0x02, 0xFE, 0x1F, 0xFC, 0x17, 0xFC, 0x0B, 
    0x01, 0x01, 0x00, 0x00, 0x00, 0x00, 0x00, 0x00, 0x03, 0x03, 0x1E, 0x1E, 0x14, 0x14, 0x0C, 0x0C, 
    0x9A, 0x5A, 0x8A, 0x4A, 0x88, 0x48, 0x80, 0x40, 0xF0, 0x70, 0x7F, 0xDF, 0x73, 0xF3, 0xC7, 0xC7, 
    0x25, 0x1A, 0x35, 0x0A, 0x37, 0x08, 0xBF, 0x80, 0xBF, 0xC0, 0x3F, 0x40, 0x3F, 0x40, 0x3F, 0xC0, 
    0xFF, 0x00, 0xFF, 0xF8, 0xFF, 0xF2, 0xFC, 0x73, 0x02, 0xFE, 0x13, 0xF0, 0x3F, 0x21, 0xFF, 0x7F, 
    0x00, 0x00, 0xF8, 0xF8, 0xF3, 0xF3, 0x7C, 0x7C, 0x01, 0x03, 0x0F, 0x18, 0xDE, 0x80, 0x80, 0x00, 
    0xFE, 0xC9, 0xE0, 0x1F, 0x9C, 0x7C, 0xEF, 0xE9, 0x78, 0x48, 0xFE, 0x3E, 0xF0, 0xF0, 0xE0, 0xE0, 
    0xCE, 0xCE, 0x20, 0x20, 0x83, 0x9C, 0x1E, 0xE0, 0xB7, 0x01, 0xC1, 0x00, 0x0F, 0x07, 0x1F, 0x1F, 
    0x00, 0x00, 0x00, 0x00, 0x00, 0x00, 0x00, 0x00, 0x00, 0x00, 0x00, 0x00, 0x00, 0x00, 0x00, 0x00, 
    0xFF, 0x07, 0xFF, 0x7F, 0xFF, 0xFF, 0xFF, 0xFF, 0xFF, 0xFF, 0xFF, 0xFF, 0xFF, 0xFF, 0xFF, 0xFF, 
    0x00, 0x00, 0x00, 0x00, 0x00, 0x00, 0x00, 0x00, 0x00, 0x00, 0x00, 0x00, 0x00, 0x00, 0x00, 0x00, 
    0xFF, 0xFF, 0xFF, 0xFF, 0xFF, 0xFF, 0xFF, 0xFF, 0xFF, 0xFF, 0xFF, 0xFF, 0xFF, 0xFF, 0xFF, 0xFF, 
    0x1F, 0x1F, 0xFF, 0xE0, 0xFF, 0x00, 0xFF, 0x0C, 0xFF, 0xFF, 0xFF, 0xF8, 0xFC, 0x01, 0x66, 0x01, 
    0xE3, 0x00, 0xFF, 0x00, 0xFF, 0x00, 0xFE, 0x01, 0xFF, 0x00, 0xFD, 0x02, 0xB8, 0x47, 0x04, 0xFB, 
    0xFF, 0x0C, 0xFF, 0x00, 0xFF, 0x04, 0xFF, 0x44, 0xFF, 0xFF, 0xFF, 0x07, 0x1F, 0x05, 0x3F, 0x00, 
    0xF3, 0x00, 0xFE, 0x01, 0xE6, 0x19, 0xEF, 0x10, 0xFF, 0x00, 0xEF, 0x10, 0x0F, 0xF0, 0x1C, 0xE3, 
    0xFF, 0x00, 0xFB, 0x00, 0xF7, 0x01, 0xFF, 0xFF, 0xFF, 0xFF, 0xFF, 0xFF, 0xFF, 0xFE, 0xFF, 0xF2, 
    0xF2, 0x0D, 0xE9, 0x16, 0xC3, 0x3C, 0xFF, 0x00, 0xFF, 0x00, 0xFF, 0x00, 0xFF, 0x00, 0xFE, 0x01, 
    0xFF, 0x00, 0xFF, 0x0F, 0xFF, 0xFF, 0xFF, 0xFF, 0xFF, 0xFD, 0xFF, 0xF9, 0xFF, 0x3F, 0xFF, 0x3E, 
    0x1C, 0xE3, 0x7F, 0x80, 0xFF, 0x00, 0xFF, 0x00, 0xFF, 0x00, 0xFF, 0x00, 0xFF, 0x00, 0x7F, 0x80, 
    0xFF, 0xFF, 0xFF, 0xFF, 0xFF, 0xFF, 0xFF, 0xFF, 0xFF, 0xFE, 0xFF, 0xFC, 0xFF, 0xF0, 0xFF, 0x80, 
    0x00, 0x00, 0x00, 0x00, 0x00, 0x00, 0x00, 0x00, 0x01, 0x00, 0x03, 0x00, 0x1E, 0x01, 0x78, 0x07, 
    0xFF, 0xFF, 0xFF, 0xFC, 0xFD, 0xC0, 0xF7, 0x80, 0xEF, 0x00, 0xEF, 0x00, 0x6D, 0x00, 0x53, 0x03, 
    0x00, 0x00, 0x03, 0x00, 0x38, 0x07, 0x72, 0x0D, 0x07, 0xF8, 0x00, 0xFF, 0x40, 0xBF, 0x03, 0xFC, 
    0x00, 0x00, 0x00, 0x00, 0x00, 0x00, 0x00, 0x00, 0x04, 0x04, 0x04, 0x04, 0x0C, 0x0C, 0x20, 0x20, 
    0xFF, 0x00, 0xFF, 0x00, 0xFF, 0x00, 0xFF, 0x00, 0xFF, 0x00, 0xFF, 0x00, 0xFF, 0x00, 0xFF, 0x00, 
    0x00, 0x00, 0x00, 0x00, 0x00, 0x00, 0x00, 0x00, 0xB0, 0xB0, 0x00, 0x00, 0x00, 0x00, 0x00, 0x00, 
    0xFF, 0x00, 0xFF, 0x00, 0xFF, 0x00, 0xFF, 0x00, 0xFF, 0x00, 0xFF, 0x00, 0xFF, 0x00, 0xFF, 0x00, 
    0x00, 0xFF, 0x00, 0x7F, 0x00, 0x3F, 0x00, 0xFF, 0x00, 0x3F, 0x00, 0x3F, 0x00, 0x3F, 0x00, 0x3F, 
    0x3E, 0xC1, 0x3E, 0xC1, 0x3E, 0xC1, 0x3C, 0xC3, 0x1C, 0xE3, 0x0C, 0xF3, 0x04, 0xFB, 0x04, 0xFB, 
    0x00, 0xFF, 0x00, 0xFF, 0x00, 0xFF, 0x00, 0xFF, 0x00, 0xFF, 0x00, 0xBF, 0x00, 0xFF, 0x00, 0xFF, 
    0xFC, 0x03, 0x3C, 0xC3, 0x3C, 0xC3, 0x64, 0x9B, 0x00, 0xFF, 0x00, 0xFF, 0x04, 0xFB, 0xBE, 0x41, 
    0xFF, 0xEC, 0x3F, 0xC3, 0x01, 0xFE, 0xA0, 0xBF, 0xF6, 0x37, 0xFD, 0x01, 0xBF, 0x00, 0xBF, 0x00, 
    0xEC, 0xEC, 0x3F, 0x3F, 0x01, 0x01, 0x40, 0xE0, 0xF8, 0x06, 0xFE, 0x01, 0x3F, 0xC0, 0x07, 0xF8, 
    0xFF, 0x63, 0xFF, 0xC4, 0xFF, 0x32, 0x7B, 0x97, 0x1D, 0xFD, 0xF5, 0xF0, 0xBF, 0x23, 0xDF, 0x07, 
    0x63, 0x63, 0xC4, 0xC4, 0xF3, 0xF3, 0x78, 0x7B, 0x03, 0x1E, 0x0D, 0xFA, 0xFC, 0x00, 0x48, 0xB0, 
    0xFF, 0xFF, 0xFF, 0xF0, 0xFF, 0xF0, 0xFF, 0xC0, 0xF3, 0xC1, 0xCF, 0x00, 0xEF, 0x00, 0x7F, 0x00, 
    0xFF, 0x00, 0xF3, 0x0C, 0xFC, 0x03, 0xE9, 0x16, 0xF1, 0x0E, 0x01, 0xFE, 0x80, 0x7F, 0x00, 0xFF, 
    0xFF, 0xFF, 0xFF, 0x33, 0xFF, 0x3F, 0xFF, 0xFB, 0xFF, 0xFE, 0xFE, 0x41, 0xCC, 0x00, 0x00, 0x1B, 
    0xFF, 0x00, 0xFF, 0x00, 0xFF, 0x00, 0xFF, 0x00, 0xFF, 0x00, 0xF0, 0x0F, 0x44, 0xBB, 0x00, 0xFF, 
    0x00, 0xF1, 0xFD, 0xFD, 0xFF, 0x00, 0xFF, 0x60, 0xFF, 0x7C, 0xFF, 0xF4, 0xF7, 0xC3, 0xFF, 0x03, 
    0xFF, 0xFF, 0x02, 0x02, 0xEE, 0x11, 0xF2, 0x0D, 0xFE, 0x01, 0xFF, 0x00, 0xE3, 0x1C, 0x67, 0x98, 
    0x00, 0xBC, 0xFF, 0x00, 0xFF, 0x00, 0xFF, 0x0F, 0xFF, 0x9F, 0xFF, 0x1F, 0xFE, 0x3E, 0xFF, 0x6D, 
    0xFF, 0xFF, 0xFF, 0x00, 0x77, 0x88, 0xDF, 0x20, 0xDF, 0x20, 0xFF, 0x00, 0x7F, 0x80, 0xFF, 0x00, 
    0xFF, 0x00, 0x0F, 0x00, 0xFF, 0x02, 0xFB, 0x7A, 0xFA, 0x78, 0xFB, 0x78, 0x03, 0x02, 0x03, 0x02, 
    0x0F, 0xF0, 0x01, 0xFE, 0xFF, 0x00, 0xFF, 0x00, 0xFE, 0x01, 0xFE, 0x01, 0xFE, 0x01, 0xFE, 0x01, 
    0xFF, 0x00, 0xF1, 0x00, 0xFF, 0x00, 0xFF, 0x03, 0x1F, 0x43, 0xB7, 0x11, 0xE0, 0x00, 0xC0, 0x00, 
    0xF9, 0x06, 0x80, 0x7F, 0xFF, 0x00, 0xBF, 0x40, 0x1F, 0xE0, 0x1F, 0xE0, 0x1F, 0xE4, 0x1F, 0xE0, 
    0xFF, 0xFF, 0xFF, 0xFF, 0xFF, 0xFF, 0xFF, 0xFF, 0xFF, 0xFF, 0xF8, 0xF8, 0xF0, 0xF0, 0x00, 0x00, 
    0x00, 0x00, 0x00, 0x00, 0x00, 0x00, 0x00, 0x00, 0x00, 0x00, 0x07, 0x00, 0x0F, 0x00, 0xFF, 0x00, 
    0x98, 0x98, 0xFB, 0xFB, 0xF8, 0xF8, 0xE0, 0xE0, 0x80, 0x00, 0x00, 0x00, 0x00, 0x00, 0x00, 0x00, 
    0x67, 0x65, 0x04, 0x00, 0x07, 0x00, 0x1F, 0x00, 0xFF, 0x00, 0xFF, 0x00, 0xFF, 0x10, 0xFF, 0x40, 
    0xC0, 0x3F, 0x00, 0x3A, 0x8F, 0x76, 0x87, 0x50, 0x0F, 0x20, 0x3F, 0x00, 0xFF, 0xFF, 0xF0, 0xF0, 
    0x00, 0xFF, 0x00, 0xFF, 0x87, 0x78, 0x03, 0xFC, 0x00, 0xFF, 0x3F, 0xC0, 0x00, 0x00, 0x0F, 0x0F, 
    0x43, 0x00, 0xFF, 0x10, 0xBF, 0x06, 0xBF, 0x00, 0xFF, 0x00, 0xFF, 0x00, 0xFF, 0xFF, 0x03, 0x1B, 
    0x01, 0xFE, 0xFD, 0x02, 0xBF, 0x40, 0x07, 0xF8, 0x7C, 0x83, 0xFF, 0x00, 0x00, 0x00, 0xFC, 0xFC, 
    0x02, 0x02, 0x00, 0x00, 0x00, 0x00, 0x00, 0x00, 0x00, 0x00, 0x00, 0x00, 0xE0, 0xE0, 0xF6, 0x76, 
    0xFF, 0x00, 0xFF, 0x00, 0xFF, 0x00, 0xFF, 0x00, 0xFF, 0x00, 0xFF, 0x00, 0xFF, 0x00, 0xFF, 0x00, 
    0x00, 0x00, 0x00, 0x00, 0x00, 0x00, 0x00, 0x00, 0x00, 0x00, 0x00, 0x00, 0x37, 0x37, 0x7F, 0x7F, 
    0xFF, 0x00, 0xFF, 0x00, 0xFF, 0x00, 0xFF, 0x00, 0xFF, 0x00, 0xFF, 0x00, 0xFF, 0x00, 0xFF, 0x00, 
    0x00, 0x00, 0x18, 0x18, 0xC0, 0xC0, 0x00, 0x00, 0x00, 0x00, 0x00, 0x00, 0x00, 0x00, 0x00, 0x00, 
    0xFF, 0xFF, 0xE7, 0x18, 0x3F, 0xC0, 0xFF, 0x00, 0xFF, 0x00, 0xFF, 0x00, 0xFF, 0x00, 0xFF, 0x00, 
    0x00, 0x00, 0x00, 0x00, 0x00, 0x00, 0x00, 0x00, 0x00, 0x00, 0x00, 0x00, 0x00, 0x00, 0x00, 0x00, 
    0xFF, 0x80, 0xFF, 0x00, 0xFF, 0x00, 0xFF, 0x00, 0xFF, 0x00, 0xFF, 0x00, 0xFF, 0x00, 0xFF, 0x00, 
    0xDF, 0xDF, 0x7F, 0x7E, 0xE3, 0xDB, 0x70, 0x33, 0xDA, 0x9B, 0x7F, 0x7F, 0x00, 0x00, 0xFF, 0x00, 
    0x20, 0x00, 0x81, 0xFC, 0x3C, 0x9C, 0xCF, 0x8F, 0xE5, 0x07, 0x80, 0xFF, 0xFF, 0x00, 0xFF, 0x00, 
    0x00, 0xFF, 0x00, 0x7F, 0x80, 0xFF, 0x18, 0xFF, 0xE1, 0xFF, 0xE1, 0xE1, 0x1F, 0x18, 0xC9, 0x00, 
    0xFF, 0xFF, 0xFF, 0xFF, 0x7F, 0x7F, 0xE7, 0xFF, 0x1E, 0xFE, 0x1E, 0xFE, 0xE7, 0x00, 0x80, 0x7F, 
    0xFF, 0xFF, 0xFF, 0xFF, 0xF3, 0xF3, 0xC3, 0xC3, 0x87, 0x87, 0x03, 0x03, 0x03, 0x03, 0x83, 0x83, 
    0xFF, 0x00, 0xFF, 0x00, 0xFF, 0x00, 0xFF, 0x00, 0xFF, 0x00, 0xFF, 0x00, 0xFF, 0x00, 0xFF, 0x00, 
    0xFF, 0xE0, 0xFF, 0xE0, 0xF7, 0xE0, 0xFF, 0xE0, 0xFF, 0xE0, 0xFF, 0xF0, 0xFF, 0xF0, 0xFF, 0xF0, 
    0xF0, 0x0F, 0xE0, 0x1F, 0xE0, 0x1F, 0xF1, 0x0E, 0xF3, 0x0C, 0xF3, 0x0C, 0xF1, 0x0E, 0xFB, 0x04, 
    0xFF, 0xFF, 0xF8, 0xF8, 0x80, 0x80, 0x00, 0x00, 0x00, 0x00, 0x00, 0x00, 0x00, 0x00, 0x00, 0x00, 
    0x00, 0x00, 0x07, 0x07, 0x7F, 0x7F, 0xFF, 0xFF, 0xFF, 0xFF, 0xFF, 0xFF, 0xFF, 0xFF, 0xFF, 0xFD, 
    0x80, 0x80, 0x00, 0x00, 0x00, 0x00, 0x00, 0x00, 0x00, 0x00, 0x00, 0x00, 0x0E, 0x0E, 0x0C, 0x0C, 
    0x7F, 0x7F, 0xFF, 0xFF, 0xFF, 0xFF, 0xFF, 0xFF, 0xFF, 0xFF, 0xFF, 0xFF, 0xF1, 0xFF, 0xF3, 0xDE, 
    0x00, 0xFF, 0x1F, 0xE6, 0xFF, 0x40, 0xFF, 0x10, 0xFF, 0x00, 0xFF, 0x00, 0xFF, 0x00, 0xFF, 0x00, 
    0x00, 0x00, 0x1E, 0x1E, 0xC0, 0xC0, 0x10, 0x10, 0x00, 0x00, 0x00, 0x00, 0x00, 0x00, 0x00, 0x00, 
    0xCF, 0x30, 0xFF, 0x20, 0xFF, 0x02, 0xFF, 0x03, 0xFF, 0x00, 0xFF, 0x00, 0xFF, 0x00, 0xFF, 0x00, 
    0xCF, 0xCF, 0x20, 0x20, 0x02, 0x02, 0x03, 0x03, 0x00, 0x00, 0x00, 0x00, 0x00, 0x00, 0x00, 0x00, 
    0x00, 0xFF, 0x00, 0xFF, 0x00, 0xFF, 0x00, 0xFF, 0x00, 0xFF, 0x00, 0xFF, 0x00, 0xFF, 0x00, 0xFF, 
    0xFF, 0x00, 0xFF, 0x00, 0xFF, 0x00, 0xFF, 0x00, 0xFF, 0x00, 0xFF, 0x00, 0xFF, 0x00, 0xFF, 0x00, 
    0x00, 0xFF, 0x00, 0xFF, 0x00, 0xF8, 0x00, 0xF0, 0x00, 0xF0, 0x00, 0xE7, 0x00, 0xFF, 0x00, 0xFF, 
    0xD8, 0x27, 0xE0, 0x1F, 0xF0, 0x0F, 0xE0, 0x1F, 0xE0, 0x1F, 0xC0, 0x3F, 0xE7, 0x18, 0xFF, 0x00, 
    0xFF, 0x00, 0xFF, 0x00, 0xEF, 0x00, 0xFF, 0x00, 0xFF, 0xFF, 0xFF, 0xFF, 0xFF, 0xFF, 0xFF, 0xFF, 
    0xFF, 0x00, 0xFF, 0x00, 0xC1, 0x3E, 0x37, 0xC8, 0xFF, 0x00, 0xFF, 0x00, 0xFF, 0x00, 0xFF, 0x00, 
    0xFF, 0x00, 0xFF, 0x00, 0xFF, 0x00, 0xFF, 0x00, 0xFF, 0xF7, 0xFF, 0xFF, 0xFF, 0xFF, 0xFF, 0xFF, 
    0xFF, 0x00, 0xFF, 0x00, 0xFC, 0x03, 0x73, 0x8C, 0xFF, 0x00, 0xFF, 0x00, 0xFF, 0x00, 0xFF, 0x00, 
    0xDF, 0x03, 0xFF, 0x06, 0xBF, 0x1E, 0xFF, 0x39, 0xFF, 0x3F, 0x00, 0x00, 0x7F, 0xFF, 0xFF, 0xFF, 
    0x8F, 0x70, 0x0F, 0xF0, 0x3F, 0xC0, 0x3F, 0xC0, 0xFF, 0x00, 0xFF, 0xFF, 0x80, 0xFF, 0x00, 0xFF, 
    0xEF, 0x06, 0xFF, 0x0E, 0xFE, 0xC0, 0xF7, 0x40, 0xFF, 0xFF, 0x00, 0x00, 0xFF, 0xFF, 0xF8, 0xFF, 
    0xCF, 0x30, 0x1F, 0xE0, 0xE0, 0x1F, 0xE6, 0x19, 0xFF, 0x00, 0xFF, 0xFF, 0x00, 0xFF, 0x00, 0xF8, 
    0xC1, 0xC7, 0x06, 0x3F, 0x30, 0xFF, 0xEC, 0xFF, 0xC0, 0xFF, 0x00, 0xFF, 0x00, 0xFF, 0x00, 0xFF, 
    0x3E, 0x3F, 0xF9, 0xFF, 0xCF, 0xFF, 0x13, 0xFF, 0x3F, 0xFF, 0xFF, 0xFF, 0xFF, 0xFF, 0xFF, 0xFF, 
    0xDC, 0xFF, 0x04, 0xFF, 0x00, 0xFF, 0x00, 0xFF, 0x00, 0xFF, 0x00, 0xFF, 0x00, 0xFF, 0x00, 0xFF, 
    0x23, 0xFF, 0xFB, 0xFF, 0xFF, 0xFF, 0xFF, 0xFF, 0xFF, 0xFF, 0xFF, 0xFF, 0xFF, 0xFF, 0xFF, 0xFF, 
    0xF9, 0xF9, 0x23, 0x23, 0x27, 0x27, 0x7F, 0x7F, 0x3B, 0x3B, 0xE0, 0xE0, 0xF0, 0xF0, 0x80, 0x80, 
    0x06, 0x06, 0xDC, 0xDC, 0xD8, 0xD8, 0x80, 0x80, 0xC4, 0xC4, 0x1F, 0x1F, 0x0F, 0x0F, 0x7F, 0x7F, 
    0xFE, 0xFE, 0xFC, 0xFC, 0xFE, 0xFE, 0xE3, 0xE3, 0x03, 0x03, 0x1F, 0x1F, 0x7F, 0x7F, 0xFF, 0xFF, 
    0x01, 0x01, 0x03, 0x03, 0x01, 0x01, 0x1C, 0x1C, 0xFC, 0xFC, 0xE0, 0xE0, 0x80, 0x80, 0x00, 0x00, 
    0xFF, 0x00, 0xFF, 0x00, 0xFF, 0x00, 0xFF, 0x60, 0xFF, 0xDD, 0xF0, 0x6F, 0x83, 0x7F, 0x7F, 0xFE, 
    0x00, 0x00, 0x00, 0x00, 0x00, 0x00, 0x60, 0x60, 0xDF, 0xDF, 0x70, 0x70, 0x80, 0x83, 0x01, 0x70, 
    0xFF, 0x07, 0xFF, 0x00, 0xFF, 0x0F, 0xFE, 0x11, 0xC1, 0x3F, 0x11, 0xF0, 0x3F, 0xA1, 0xFF, 0x7F, 
    0x07, 0x07, 0x00, 0x00, 0x0F, 0x0F, 0x1E, 0x1E, 0xC0, 0xC1, 0x0F, 0x1E, 0xDE, 0xC0, 0x80, 0x00, 
    0xFF, 0xFF, 0xFF, 0xFE, 0xFF, 0x86, 0xFF, 0x01, 0xFF, 0x61, 0xFF, 0xE7, 0xFB, 0xFA, 0xF9, 0xF9, 
    0xFF, 0x00, 0xFF, 0x00, 0xFE, 0x01, 0xE7, 0x18, 0xF3, 0x0C, 0xFF, 0x00, 0xFF, 0x00, 0xFF, 0x00, 
    0xFF, 0xEC, 0xFF, 0x3C, 0xFF, 0x78, 0xFB, 0xF0, 0xFF, 0x30, 0xFF, 0x38, 0xFF, 0x60, 0xE3, 0xC0, 
    0xFF, 0x00, 0x7F, 0x80, 0xFD, 0x02, 0xF9, 0x06, 0xF8, 0x07, 0xFE, 0x01, 0xFF, 0x00, 0xC0, 0x3F, 
    0x47, 0x5F, 0x70, 0xFF, 0x03, 0xFF, 0x7F, 0xFF, 0xFF, 0xFF, 0xFF, 0xFF, 0xFF, 0xFF, 0xFF, 0xFF, 
    0xB8, 0xBF, 0x8F, 0xFF, 0xFC, 0xFF, 0x80, 0xFF, 0x00, 0xFF, 0x00, 0xFF, 0x00, 0xFF, 0x00, 0xFF, 
    0xFF, 0xFF, 0xFF, 0xFF, 0xFF, 0xFF, 0xFF, 0xFF, 0xFF, 0xFF, 0xFD, 0xFF, 0xE7, 0xFF, 0xC1, 0xFF, 
    0x00, 0xFF, 0x00, 0xFF, 0x00, 0xFF, 0x00, 0xFF, 0x00, 0xFF, 0x00, 0xFD, 0x00, 0xE7, 0x00, 0xC1, 
    0x00, 0xFF, 0x00, 0xFF, 0x00, 0xFF, 0x00, 0xFF, 0x00, 0xFF, 0x00, 0xFF, 0x00, 0xFF, 0x00, 0xFF, 
    0xFF, 0x00, 0xFF, 0x00, 0xFF, 0x00, 0xFF, 0x00, 0xFF, 0x00, 0xFF, 0x00, 0xFF, 0x00, 0xFF, 0x00, 
    0x00, 0xE0, 0x00, 0xE0, 0x00, 0xE0, 0x00, 0xF1, 0x00, 0xF1, 0x00, 0xF1, 0x00, 0xF0, 0x00, 0xE0, 
    0xC0, 0x3F, 0xC0, 0x3F, 0xC0, 0x3F, 0xC0, 0x3F, 0xC0, 0x3F, 0xC0, 0x3F, 0xC0, 0x3F, 0xC0, 0x3F, 
    0x00, 0xFF, 0x00, 0xFF, 0x00, 0xFF, 0x00, 0xFF, 0x00, 0xFF, 0x47, 0xFF, 0xF0, 0xF8, 0xE1, 0xE1, 
    0x00, 0x00, 0x00, 0x00, 0x00, 0x00, 0x00, 0x00, 0x00, 0x00, 0x00, 0x47, 0x0F, 0xFF, 0x1E, 0xFD, 
    0xC0, 0x3F, 0x00, 0xFF, 0x00, 0xFF, 0x00, 0xFF, 0x00, 0xFF, 0xF9, 0xFD, 0x67, 0x64, 0xC3, 0xC1, 
    0xC0, 0xC0, 0x00, 0x00, 0x00, 0x00, 0x00, 0x00, 0x00, 0x00, 0x06, 0xFF, 0x9F, 0xF0, 0x3F, 0xC0, 
    0x0F, 0xFF, 0x1F, 0xFF, 0xFF, 0xFF, 0xFE, 0xFF, 0xFF, 0xFF, 0xFF, 0xFF, 0xFF, 0xFF, 0xFE, 0xFF, 
    0xF0, 0xFF, 0xE0, 0xFF, 0x00, 0xFF, 0x01, 0xFF, 0x00, 0xFF, 0x00, 0xFF, 0x00, 0xFF, 0x01, 0xFF, 
    0x00, 0xFF, 0x80, 0xFF, 0xBF, 0xFF, 0xFF, 0xFF, 0xFF, 0xFF, 0xFF, 0xFF, 0xFF, 0xFF, 0x78, 0xFF, 
    0xFF, 0xFF, 0x7F, 0xFF, 0x40, 0xFF, 0x00, 0xFF, 0x00, 0xFF, 0x00, 0xFF, 0x00, 0xFF, 0x87, 0xFF, 
    0xBE, 0xBE, 0xFF, 0xFF, 0xFB, 0xFB, 0xF9, 0xF9, 0xFF, 0xE0, 0xFF, 0x40, 0xFF, 0x3F, 0xFF, 0x18, 
    0x41, 0x41, 0x00, 0x00, 0x04, 0x04, 0x06, 0x00, 0x3F, 0x00, 0xFF, 0x00, 0xFF, 0x00, 0x3F, 0xC0, 
    0x7E, 0x7E, 0xFA, 0xFA, 0xFE, 0xFE, 0xFB, 0xFB, 0xFF, 0x0C, 0xFF, 0x1E, 0xFF, 0xFE, 0xFF, 0x7C, 
    0x81, 0x81, 0x05, 0x05, 0x01, 0x01, 0x04, 0x04, 0xF7, 0x00, 0xFF, 0x00, 0xFF, 0x00, 0xFF, 0x00, 
    0x03, 0x03, 0x01, 0x01, 0xEF, 0xEF, 0xFF, 0xFF, 0xFF, 0xFF, 0xFF, 0x60, 0xFF, 0x00, 0xFF, 0x00, 
    0xFF, 0x00, 0xFF, 0x00, 0xFF, 0x00, 0xFF, 0x00, 0xFF, 0x00, 0xFF, 0x00, 0xFF, 0x00, 0xFF, 0x00, 
    0xFF, 0xF0, 0xFF, 0xF0, 0xFF, 0xF8, 0xFF, 0xF0, 0xFF, 0xF0, 0xFF, 0x00, 0xFF, 0x00, 0xFF, 0x00, 
    0xFB, 0x04, 0xFB, 0x04, 0xFF, 0x00, 0xFF, 0x00, 0xFF, 0x00, 0xF9, 0x06, 0xF8, 0x07, 0xE0, 0x1F, 
    0x00, 0xBF, 0x00, 0xBF, 0x00, 0x9F, 0x00, 0x37, 0x00, 0x9F, 0x00, 0xB7, 0x00, 0xB3, 0x00, 0xA3, 
    0x1F, 0xE0, 0x1F, 0xE0, 0x03, 0xFC, 0x07, 0xF8, 0x07, 0xF8, 0x03, 0xFC, 0x03, 0xFC, 0x01, 0xFE, 
    0x00, 0xFF, 0x00, 0xFF, 0x00, 0xFF, 0x00, 0xFF, 0x00, 0xFF, 0x00, 0xFF, 0x00, 0xFF, 0x00, 0xFF, 
    0xFE, 0x01, 0xFF, 0x00, 0xFF, 0x00, 0xFC, 0x03, 0xFC, 0x03, 0xFF, 0x00, 0xFF, 0x00, 0xFE, 0x01, 
    0xFF, 0xFF, 0xFF, 0x00, 0xFF, 0x00, 0xFF, 0x00, 0xFF, 0x00, 0xFF, 0x00, 0xFF, 0x00, 0xFF, 0x00, 
    0xFF, 0xFF, 0x00, 0x00, 0x00, 0x00, 0x00, 0x00, 0x00, 0x00, 0x00, 0x00, 0x00, 0x00, 0x00, 0x00, 
    0xFF, 0xC0, 0xFF, 0x00, 0xFF, 0x00, 0xFF, 0x00, 0xFF, 0x00, 0xFF, 0x00, 0xFF, 0x00, 0xFF, 0x00, 
    0xC0, 0xC0, 0x00, 0x00, 0x00, 0x00, 0x00, 0x00, 0x00, 0x00, 0x00, 0x00, 0x00, 0x00, 0x00, 0x00, 
    0xFF, 0x07, 0xEF, 0x00, 0xFF, 0x80, 0xFF, 0xF8, 0xFF, 0xFF, 0xFF, 0xFF, 0xFF, 0xFF, 0xFF, 0x3F, 
    0x6F, 0x90, 0x86, 0x79, 0x8F, 0x70, 0xFF, 0x00, 0xFF, 0x00, 0xFF, 0x00, 0xFF, 0x00, 0x3F, 0xC0, 
    0xFF, 0xC7, 0xFD, 0x65, 0xFF, 0xE2, 0xFF, 0xE0, 0xFF, 0xF0, 0xC3, 0xC2, 0xF9, 0x89, 0xFF, 0xDF, 
    0xEF, 0x10, 0xFF, 0x00, 0xFF, 0x00, 0xF7, 0x08, 0xFE, 0x01, 0xFF, 0x00, 0xDF, 0x20, 0xFF, 0x00, 
    0x37, 0x37, 0x00, 0x00, 0x90, 0x90, 0x00, 0x00, 0x00, 0x00, 0x00, 0x00, 0x00, 0x00, 0x00, 0x00, 
    0xC8, 0x77, 0xFF, 0xF8, 0x6F, 0x90, 0xFF, 0x07, 0xFF, 0x00, 0xFF, 0x00, 0xFF, 0x30, 0xFF, 0x00, 
    0x00, 0x00, 0x00, 0x00, 0x00, 0x00, 0x00, 0x00, 0x00, 0x00, 0x00, 0x00, 0x00, 0x00, 0x00, 0x00, 
    0xFF, 0x00, 0xFF, 0x40, 0xFF, 0x00, 0xFF, 0x00, 0xFF, 0x00, 0xFF, 0x00, 0xFF, 0x00, 0xFF, 0x00, 
    0xFF, 0x00, 0xFF, 0x00, 0xFF, 0x00, 0xFF, 0x00, 0xFF, 0x00, 0xFF, 0x00, 0xFF, 0x00, 0xFF, 0x01, 
    0x00, 0x00, 0x00, 0x00, 0x00, 0x00, 0x00, 0x00, 0x00, 0x00, 0x00, 0x00, 0x00, 0x00, 0x01, 0x01, 
    0xFF, 0x00, 0xFF, 0x00, 0xFF, 0x00, 0xFF, 0x00, 0xFF, 0x00, 0xFF, 0x00, 0xFF, 0x00, 0xFF, 0xC0, 
    0x00, 0x00, 0x00, 0x00, 0x00, 0x00, 0x00, 0x00, 0x00, 0x00, 0x00, 0x00, 0x00, 0x00, 0xC0, 0xC0, 
    0xFF, 0x00, 0xFF, 0xFF, 0xFF, 0x03, 0xFF, 0x00, 0xFC, 0x03, 0x38, 0x7B, 0xFF, 0xFF, 0xFF, 0xFF, 
    0x00, 0x00, 0xFF, 0xFF, 0x03, 0x03, 0x7B, 0x7B, 0xFC, 0xFC, 0xC7, 0xFF, 0x00, 0xFF, 0x00, 0xFF, 
    0xFF, 0x00, 0xFF, 0xF8, 0xFF, 0xFD, 0xFF, 0x00, 0x0F, 0xFF, 0x03, 0xBB, 0xFD, 0xFF, 0xFF, 0xFF, 
    0x00, 0x00, 0xF8, 0xF8, 0xFD, 0xFD, 0xF3, 0xF3, 0x00, 0x0F, 0xFC, 0xFF, 0x00, 0xFD, 0x00, 0xFF, 
    0x00, 0x00, 0x00, 0x00, 0x00, 0x00, 0x00, 0x00, 0x01, 0x01, 0x01, 0x01, 0x00, 0x00, 0x00, 0x00, 
    0xFF, 0x00, 0xFF, 0x00, 0xFF, 0x00, 0xFF, 0x00, 0xFF, 0x00, 0xFF, 0x00, 0xFF, 0x00, 0xFF, 0x00, 
    0x00, 0x00, 0x01, 0x01, 0x20, 0x20, 0x20, 0x20, 0x83, 0x83, 0x87, 0x87, 0x3F, 0x3F, 0x7F, 0x7F, 
    0xFF, 0x00, 0xFF, 0x00, 0xFF, 0x00, 0xFF, 0x00, 0xFF, 0x00, 0xFF, 0x00, 0xFF, 0x00, 0xFF, 0x00, 
    0x83, 0x78, 0x39, 0x39, 0x46, 0xC6, 0x3F, 0x32, 0xDF, 0x48, 0xFF, 0xDE, 0x61, 0x01, 0x7B, 0x1B, 
    0x01, 0xFE, 0x26, 0xC3, 0x79, 0xA7, 0x5D, 0xE0, 0xB7, 0x40, 0xFF, 0x00, 0xFF, 0x00, 0xDF, 0x20, 
    0xBF, 0x00, 0xDF, 0x80, 0x47, 0x20, 0xC3, 0x00, 0xF7, 0x40, 0xBF, 0xBB, 0x80, 0x80, 0xE2, 0x62, 
    0x9F, 0x60, 0x4F, 0xB0, 0xC3, 0x3C, 0x03, 0xFC, 0xE3, 0x1C, 0xFF, 0x00, 0xFF, 0x0F, 0xFF, 0x00, 
    0x00, 0xFF, 0x00, 0xFF, 0x00, 0xFF, 0x00, 0xFF, 0x00, 0xFF, 0x00, 0xFF, 0x00, 0xFF, 0x00, 0xFF, 
    0xFF, 0x00, 0xFF, 0x00, 0xFF, 0x00, 0xFF, 0x00, 0xFF, 0x00, 0xFF, 0x00, 0xFF, 0x00, 0xFF, 0x00, 
    0x00, 0xFF, 0x00, 0xFE, 0x00, 0xFC, 0x00, 0xFD, 0x00, 0xFC, 0x00, 0xF8, 0x00, 0xF8, 0x00, 0xF0, 
    0xFC, 0x03, 0xFC, 0x03, 0xF8, 0x07, 0xF8, 0x07, 0xF8, 0x07, 0xF0, 0x0F, 0xE0, 0x1F, 0xE0, 0x1F, 
    0x00, 0xFF, 0x00, 0xFF, 0x00, 0xFF, 0x00, 0xFF, 0x00, 0xFF, 0x02, 0xFF, 0xED, 0xFF, 0xFF, 0xFF, 
    0x00, 0x00, 0x00, 0x00, 0x00, 0x00, 0x00, 0x00, 0x00, 0x00, 0x00, 0x02, 0x00, 0xED, 0x00, 0xFF, 
    0x00, 0xFF, 0x00, 0xFF, 0x02, 0xFF, 0x40, 0xFF, 0x01, 0xFF, 0x03, 0xFF, 0x0F, 0xFF, 0x3F, 0xFF, 
    0x00, 0x00, 0x00, 0x00, 0x00, 0x02, 0x00, 0x40, 0x00, 0x01, 0x00, 0x03, 0x00, 0x0F, 0x00, 0x3F, 
    0xFC, 0x7F, 0xFE, 0x7F, 0xFE, 0x7F, 0xFE, 0x7F, 0xFF, 0x3F, 0x7F, 0x3F, 0x7F, 0xBF, 0x7F, 0xBF, 
    0x83, 0x03, 0x81, 0x01, 0x81, 0x01, 0x01, 0x81, 0x40, 0x80, 0x40, 0x80, 0x40, 0x80, 0x40, 0x80, 
    0x07, 0xFF, 0x67, 0xFF, 0x7F, 0xFF, 0x6F, 0xEF, 0x0E, 0xEE, 0x1F, 0x3F, 0x69, 0x6F, 0xE9, 0xEF, 
    0xF8, 0xF8, 0x98, 0x98, 0x80, 0x80, 0x90, 0x90, 0xF1, 0xF1, 0xE0, 0xE0, 0x96, 0x96, 0x16, 0x16, 
    0x00, 0x00, 0x00, 0x00, 0x00, 0x00, 0x00, 0x00, 0x00, 0x00, 0x00, 0x00, 0x00, 0x00, 0x00, 0x00, 
    0xFF, 0x00, 0xFF, 0x18, 0xFF, 0x00, 0xFF, 0x00, 0xFF, 0x00, 0xFF, 0x00, 0xFF, 0x00, 0xFF, 0x00, 
    0x00, 0x00, 0x00, 0x00, 0x00, 0x00, 0x00, 0x00, 0x00, 0x00, 0x00, 0x00, 0x00, 0x00, 0x00, 0x00, 
    0xFF, 0x00, 0xFF, 0x00, 0xFF, 0x00, 0xFF, 0x00, 0xFF, 0x00, 0xFF, 0x00, 0xFF, 0x00, 0xFF, 0x00, 
    0xFF, 0xFF, 0xFF, 0xFF, 0xFF, 0xFF, 0xFF, 0xFF, 0xFF, 0xFF, 0xFF, 0xFF, 0xFF, 0xFF, 0xFF, 0xFF, 
    0x00, 0x00, 0x00, 0x00, 0x00, 0x00, 0x00, 0x00, 0x00, 0x00, 0x00, 0x00, 0x00, 0x00, 0x00, 0x00, 
    0xFF, 0xFF, 0xFF, 0xFF, 0xF6, 0xF6, 0xFD, 0xFD, 0xFF, 0xFF, 0xFF, 0xFF, 0xFF, 0xFF, 0xFF, 0xFF, 
    0x00, 0x00, 0x00, 0x00, 0x09, 0x09, 0x02, 0x02, 0x00, 0x00, 0x00, 0x00, 0x00, 0x00, 0x00, 0x00, 
    0x00, 0xFF, 0x00, 0x1F, 0x00, 0xB1, 0x03, 0x80, 0x01, 0xE0, 0x00, 0xC0, 0x0F, 0xF0, 0xF3, 0x03, 
    0x0F, 0xF0, 0x0F, 0xF0, 0x00, 0xFF, 0x00, 0xFF, 0x00, 0xFF, 0x00, 0xFF, 0x05, 0xFA, 0x3F, 0xC0, 
    0x00, 0xFF, 0x00, 0xFF, 0x00, 0xFF, 0xF0, 0x01, 0x3F, 0x00, 0x0F, 0x03, 0xF3, 0x73, 0xC3, 0xC3, 
    0xFD, 0x02, 0xFF, 0x00, 0x07, 0xF8, 0x00, 0xFF, 0x03, 0xFC, 0x0F, 0xF0, 0xFF, 0x00, 0xFF, 0x00, 
    0x00, 0x7F, 0x00, 0x7F, 0x00, 0x7F, 0x00, 0x7F, 0x00, 0xFF, 0x00, 0xFF, 0x00, 0xFF, 0x00, 0xFF, 
    0x1E, 0xE1, 0x3E, 0xC1, 0x3F, 0xC0, 0x7E, 0x81, 0x7E, 0x81, 0xFE, 0x01, 0xFF, 0x00, 0xFF, 0x00, 
    0x07, 0xF3, 0x07, 0xF3, 0x0F, 0xE3, 0x07, 0xF0, 0x07, 0xE0, 0x07, 0xE3, 0x07, 0xF1, 0x07, 0xF0, 
    0xC7, 0x38, 0xC7, 0x38, 0xC7, 0x38, 0xC2, 0x3D, 0x43, 0xBC, 0xC3, 0x3C, 0xC3, 0x3C, 0xE1, 0x1E, 
    0x00, 0x00, 0x01, 0x01, 0x07, 0x07, 0x3F, 0x3F, 0xFF, 0xFF, 0xFF, 0xFF, 0xFF, 0xFF, 0xFF, 0xFF, 
    0xFF, 0xFF, 0xFE, 0xFE, 0xF8, 0xF8, 0xC0, 0xC0, 0x00, 0x00, 0x00, 0x00, 0x00, 0x00, 0x00, 0x00, 
    0xFF, 0xFF, 0xFF, 0xFF, 0xFF, 0xFF, 0xFF, 0xFF, 0xFF, 0xFF, 0xFF, 0xFF, 0xFF, 0xFF, 0xFF, 0xFF, 
    0x00, 0x00, 0x00, 0x00, 0x00, 0x00, 0x00, 0x00, 0x00, 0x00, 0x00, 0x00, 0x00, 0x00, 0x00, 0x00, 
    0xFF, 0xD0, 0xFF, 0x60, 0xDB, 0x00, 0x3F, 0x18, 0x7E, 0xBD, 0x4C, 0x00, 0xFF, 0x20, 0xFF, 0x00, 
    0xFF, 0x00, 0xFC, 0x03, 0x00, 0xFF, 0x1E, 0xE1, 0x7E, 0x81, 0x00, 0xFF, 0xFF, 0x00, 0xBE, 0x41, 
    0xFF, 0x1C, 0x1F, 0x05, 0x7F, 0x00, 0xFF, 0x32, 0x9F, 0x00, 0x70, 0x00, 0xFA, 0x00, 0xFC, 0x00, 
    0xFF, 0x00, 0x0F, 0xF0, 0x01, 0xFE, 0x37, 0xC8, 0x7D, 0x82, 0x00, 0xFF, 0xF0, 0x0F, 0x80, 0x7F, 
    0xFF, 0xFF, 0xFF, 0xFF, 0xFF, 0xFF, 0xFF, 0xFF, 0xFF, 0xFF, 0xFF, 0xFF, 0xEF, 0xEF, 0x9F, 0x9F, 
    0x00, 0x00, 0x00, 0x00, 0x00, 0x00, 0x00, 0x00, 0x00, 0x00, 0x00, 0x00, 0x10, 0x10, 0x60, 0x60, 
    0xFF, 0xFF, 0xFF, 0xFF, 0xFF, 0xFF, 0xBF, 0xBF, 0xFF, 0xFF, 0xFF, 0xFF, 0xFF, 0xFF, 0xFF, 0xFF, 
    0x00, 0x00, 0x00, 0x00, 0x00, 0x00, 0x40, 0x40, 0x00, 0x00, 0x00, 0x00, 0x00, 0x00, 0x00, 0x00, 
    0x00, 0x07, 0xB0, 0x03, 0x80, 0x20, 0x00, 0xDE, 0xC0, 0x37, 0xC0, 0x27, 0x00, 0x27, 0x00, 0x7F, 
    0x03, 0xFC, 0x00, 0xFF, 0x00, 0xFF, 0x00, 0xFF, 0x00, 0xFF, 0x80, 0x7F, 0x00, 0xFF, 0x24, 0xDB, 
    0x18, 0x00, 0x0F, 0x20, 0x00, 0x00, 0x00, 0x1F, 0x00, 0x1F, 0x00, 0xBF, 0x00, 0xDF, 0x00, 0xFD, 
    0x00, 0xFF, 0x04, 0xFB, 0x00, 0xFF, 0x02, 0xFD, 0x02, 0xFD, 0x00, 0xFF, 0x80, 0x7F, 0x00, 0xFF, 
    0x00, 0x1F, 0x00, 0xFF, 0x00, 0xFF, 0x01, 0xFF, 0xFF, 0xFF, 0xFF, 0xFF, 0xFF, 0xFF, 0xFF, 0xFF, 
    0xFF, 0xFF, 0xFF, 0xFF, 0xFF, 0xFF, 0xFE, 0xFF, 0x00, 0xFF, 0x00, 0xFF, 0x00, 0xFF, 0x00, 0xFF, 
    0x00, 0xFF, 0x00, 0xFF, 0x02, 0xFF, 0xFF, 0xFF, 0xFF, 0xFF, 0xFF, 0xFF, 0xFF, 0xFF, 0xE3, 0xFF, 
    0xFF, 0xFF, 0xFF, 0xFF, 0xFD, 0xFF, 0x00, 0xFF, 0x00, 0xFF, 0x00, 0xFF, 0x00, 0xFF, 0x1C, 0xFF, 
    0x00, 0xFF, 0x30, 0xFF, 0x00, 0xFF, 0xB0, 0xFF, 0xF8, 0xF9, 0xFF, 0xFF, 0x03, 0x03, 0xFF, 0xBB, 
    0xFF, 0xFF, 0xCF, 0xCF, 0xFF, 0xFF, 0x4F, 0xFF, 0x07, 0xFF, 0x00, 0xFF, 0xFC, 0xFF, 0xFC, 0x00, 
    0x03, 0xFF, 0x03, 0xFE, 0x03, 0xFF, 0x02, 0xE2, 0x00, 0xE0, 0xE2, 0xE2, 0x00, 0x00, 0xFF, 0x9F, 
    0xFC, 0xFC, 0xFD, 0xFC, 0xFC, 0xFC, 0xFD, 0xFC, 0xFF, 0xFE, 0x1D, 0xFF, 0xFF, 0xC0, 0xFF, 0x00, 
    0xFB, 0xFB, 0xFF, 0xFF, 0xCF, 0xCF, 0x3E, 0x3E, 0x3F, 0x3F, 0xFF, 0xFF, 0xFF, 0xFF, 0xFF, 0xFF, 
    0x04, 0x04, 0x00, 0x00, 0x30, 0x30, 0xC1, 0xC1, 0xC0, 0xC0, 0x00, 0x00, 0x00, 0x00, 0x00, 0x00, 
    0xFF, 0xFF, 0xFF, 0xFF, 0xFF, 0xFF, 0x7F, 0x7F, 0xFF, 0xFF, 0xDB, 0xDF, 0xFF, 0xFF, 0xDE, 0xDE, 
    0x00, 0x00, 0x00, 0x00, 0x00, 0x00, 0x80, 0x80, 0x00, 0x00, 0x24, 0x24, 0x00, 0x00, 0x21, 0x21, 
    0xE0, 0xDF, 0x0F, 0xFF, 0xE9, 0xE9, 0xE0, 0xEF, 0x00, 0x7F, 0x00, 0xFF, 0x00, 0xFF, 0x00, 0xFF, 
    0xE0, 0xE0, 0x00, 0x0F, 0x16, 0xF6, 0x1F, 0x1F, 0xFF, 0xFF, 0xFF, 0xFF, 0xFF, 0xFF, 0xFF, 0xFF, 
    0xB7, 0x7D, 0x7C, 0x7C, 0x80, 0x8C, 0x00, 0xFF, 0x07, 0xFF, 0x0E, 0xFF, 0x06, 0xFF, 0x00, 0xFF, 
    0x8A, 0xB8, 0x83, 0x83, 0x7F, 0x7F, 0xFF, 0xFF, 0xF8, 0xFF, 0xF1, 0xFF, 0xF9, 0xFF, 0xFF, 0xFF, 
    0x00, 0xFF, 0x00, 0xFF, 0x00, 0xFF, 0x00, 0xFF, 0x00, 0xFF, 0x00, 0xFF, 0x00, 0xFF, 0x00, 0xFF, 
    0x5E, 0xA1, 0xFF, 0x00, 0xFF, 0x00, 0xFF, 0x00, 0xFF, 0x00, 0xFF, 0x00, 0xFF, 0x00, 0xFF, 0x00, 
    0x00, 0xFF, 0x00, 0xFF, 0x00, 0xFF, 0x00, 0xFF, 0x00, 0xFF, 0x00, 0xFF, 0x00, 0xFF, 0x00, 0xFF, 
    0xC3, 0x3C, 0xFF, 0x00, 0xFF, 0x00, 0xFF, 0x00, 0xFF, 0x00, 0xFF, 0x00, 0xFF, 0x00, 0xFF, 0x00, 
    0xFF, 0xFE, 0xFF, 0xF0, 0xFF, 0x00, 0xFF, 0x00, 0xFF, 0x00, 0xFF, 0x00, 0xBF, 0x00, 0xFF, 0x10, 
    0xFF, 0x00, 0xF8, 0x07, 0x30, 0xCF, 0xC9, 0x36, 0xD9, 0x26, 0x07, 0xF8, 0x37, 0xC8, 0xF0, 0x0F, 
    0xFF, 0x00, 0xFF, 0x01, 0xFF, 0x01, 0xFF, 0x0F, 0xFF, 0xD8, 0xFE, 0xE0, 0xFF, 0x00, 0xFF, 0x00, 
    0x61, 0x9E, 0x03, 0xFC, 0x07, 0xF8, 0xFF, 0x00, 0xFF, 0x00, 0xFE, 0x01, 0xC3, 0x3C, 0x08, 0xF7, 
    0x27, 0x00, 0x7F, 0x03, 0xF7, 0x40, 0xFE, 0x00, 0xFF, 0x07, 0xFF, 0xFE, 0xC0, 0xC0, 0x00, 0x00, 
    0x26, 0xD9, 0x27, 0xD8, 0xE3, 0x1C, 0xE4, 0x1B, 0xFF, 0x00, 0xFF, 0x00, 0xFF, 0x00, 0xFF, 0xFF, 
    0xFF, 0xFF, 0xFF, 0x80, 0xFF, 0x8C, 0xFF, 0x18, 0xFF, 0x0F, 0xFF, 0x7F, 0x00, 0x00, 0x00, 0x00, 
    0xFF, 0x00, 0xFF, 0x00, 0xDF, 0x20, 0xDE, 0x21, 0x9F, 0x60, 0xFF, 0x00, 0xFF, 0x00, 0xFF, 0xFF, 
    0xB2, 0xB2, 0x80, 0x80, 0x83, 0x83, 0xEF, 0xA9, 0x0F, 0x01, 0x0E, 0x08, 0xA3, 0xA3, 0x70, 0x70, 
    0x4D, 0x4D, 0xFF, 0x00, 0xFF, 0x00, 0xFB, 0x04, 0xFB, 0x04, 0xFF, 0x00, 0xFF, 0x00, 0xFF, 0x00, 
    0x60, 0x62, 0xE0, 0xE0, 0xC0, 0x40, 0x60, 0x60, 0x04, 0x04, 0x01, 0x01, 0x9B, 0x9B, 0x3D, 0x34, 
    0x9F, 0x9F, 0xFF, 0x00, 0xFF, 0x00, 0xFF, 0x00, 0xFF, 0x00, 0xFF, 0x00, 0xFF, 0x00, 0xFF, 0x00, 
    0x00, 0xF7, 0x00, 0x97, 0x00, 0x3F, 0x00, 0xFF, 0x00, 0x7F, 0x00, 0xFF, 0x00, 0xFF, 0x00, 0xFF, 
    0x00, 0xFF, 0x02, 0xFD, 0x00, 0xFF, 0x17, 0xE8, 0x17, 0xE8, 0xFF, 0x00, 0xFF, 0x00, 0xFF, 0x00, 
    0x00, 0xF0, 0x00, 0xFC, 0x00, 0x7F, 0x00, 0xFF, 0x00, 0xFF, 0x00, 0xFF, 0x00, 0xFF, 0x00, 0xFF, 
    0x00, 0xFF, 0x00, 0xFF, 0x00, 0xFF, 0xFF, 0x00, 0xFF, 0x00, 0xFF, 0x00, 0xFF, 0x00, 0xFF, 0x00, 
    0xFF, 0xFF, 0x70, 0xFF, 0x00, 0xFF, 0x00, 0xFF, 0x00, 0xFF, 0x00, 0xFF, 0xFF, 0x20, 0xFF, 0x00, 
    0x00, 0xFF, 0x00, 0x70, 0x00, 0x00, 0x00, 0x00, 0x00, 0x00, 0x00, 0x00, 0xFF, 0xFF, 0x00, 0x00, 
    0xFF, 0xFF, 0x20, 0xFF, 0x00, 0xFF, 0x20, 0xFF, 0x26, 0xFF, 0x00, 0xFF, 0xFF, 0x00, 0xFF, 0xF8, 
    0x00, 0xFF, 0x00, 0x20, 0x00, 0x00, 0x00, 0x20, 0x00, 0x26, 0x00, 0x00, 0xFF, 0xFF, 0xF8, 0xF8, 
    0x83, 0x83, 0x07, 0x07, 0x1F, 0x1F, 0xBF, 0xBF, 0xF8, 0xF8, 0xF0, 0xF0, 0x00, 0x00, 0x00, 0x00, 
    0x7C, 0x7C, 0xF8, 0xF8, 0xE0, 0xE0, 0x40, 0x40, 0x07, 0x07, 0x0F, 0x0F, 0xFF, 0xFF, 0xFF, 0xFF, 
    0xFF, 0xFF, 0xFC, 0xFC, 0xE0, 0xE0, 0x01, 0x01, 0x03, 0x03, 0x07, 0x07, 0x01, 0x01, 0x00, 0x00, 
    0x00, 0x00, 0x03, 0x03, 0x1F, 0x1F, 0xFE, 0xFE, 0xFC, 0xFC, 0xF8, 0xF8, 0xFE, 0xBE, 0xFF, 0xFF, 
    0xFF, 0xFF, 0xFF, 0xFF, 0xFF, 0xFF, 0xFF, 0xFF, 0xFF, 0xFF, 0xFF, 0x00, 0xFF, 0x00, 0xFB, 0x31, 
    0x00, 0x00, 0x00, 0x00, 0x00, 0x00, 0x00, 0x00, 0x00, 0x00, 0xFF, 0x00, 0x3F, 0xC0, 0x7B, 0x84, 
    0xFF, 0xFF, 0xFF, 0xFF, 0xFF, 0xFF, 0xFF, 0xD7, 0xFF, 0x06, 0xDF, 0x00, 0xFF, 0x00, 0xFF, 0x60, 
    0x00, 0x00, 0x00, 0x00, 0x00, 0x00, 0x28, 0x00, 0xF9, 0x00, 0x8F, 0x70, 0xD7, 0x28, 0xE2, 0x1D, 
    0xFF, 0xF7, 0xF7, 0xF7, 0xFF, 0xF8, 0xFF, 0xF4, 0xFF, 0xF8, 0xFF, 0x80, 0xD7, 0x00, 0xFF, 0xC0, 
    0xF7, 0x08, 0xFF, 0x00, 0xFF, 0x00, 0xFE, 0x01, 0xFC, 0x03, 0xE8, 0x17, 0x86, 0x79, 0xFE, 0x01, 
    0xFF, 0x7F, 0xFF, 0xFF, 0xFF, 0x7E, 0xFF, 0x38, 0xFF, 0xF0, 0xFD, 0x20, 0xFF, 0x00, 0xFF, 0x00, 
    0x7F, 0x80, 0xFF, 0x00, 0xFF, 0x00, 0xFE, 0x01, 0xFD, 0x02, 0xF8, 0x07, 0xFC, 0x03, 0x57, 0xA8, 
    0x00, 0x00, 0x80, 0x80, 0x00, 0x00, 0x00, 0x00, 0x00, 0x00, 0x00, 0x00, 0x00, 0x00, 0x00, 0x00, 
    0xFF, 0xE1, 0x7F, 0x00, 0xFF, 0x40, 0xFF, 0x00, 0xFF, 0x00, 0xFF, 0x00, 0xFF, 0x00, 0xFF, 0x00, 
    0x00, 0x00, 0x00, 0x00, 0x00, 0x00, 0x00, 0x00, 0x00, 0x00, 0x00, 0x00, 0x00, 0x00, 0x00, 0x00, 
    0xFF, 0xF0, 0xFF, 0x38, 0xFF, 0x3C, 0xFF, 0x80, 0xFF, 0x80, 0xFF, 0x00, 0xFF, 0x00, 0xFF, 0x00, 
    0xFF, 0x00, 0xFF, 0x00, 0xFF, 0x00, 0xFF, 0x00, 0xFF, 0x00, 0xFF, 0x00, 0xFF, 0x00, 0xFF, 0x00, 
    0xFF, 0x00, 0xFF, 0x00, 0xFF, 0x00, 0xFF, 0x00, 0xFF, 0x00, 0xFF, 0x00, 0xFE, 0x01, 0xF8, 0x07, 
    0xFF, 0x00, 0xFF, 0x00, 0xFF, 0x00, 0xFF, 0x00, 0xFF, 0x00, 0xFF, 0x00, 0xFF, 0x00, 0xFE, 0x00, 
    0xFF, 0x00, 0xFF, 0x00, 0xFF, 0x00, 0xFF, 0x00, 0xFF, 0x00, 0xFF, 0x00, 0x7F, 0x80, 0xDC, 0x23, 
    0xFC, 0x34, 0xFB, 0x23, 0x60, 0x60, 0x00, 0x00, 0x3F, 0xFF, 0xFF, 0xFF, 0x00, 0xFF, 0x00, 0xFF, 
    0xBF, 0x40, 0xFF, 0x00, 0xFF, 0x00, 0xFF, 0xFF, 0xC0, 0xFF, 0x00, 0xFF, 0x00, 0x00, 0x00, 0x00, 
    0xC3, 0xC3, 0xFF, 0xFF, 0x1C, 0x1C, 0x00, 0x00, 0xFF, 0xFF, 0xFF, 0xFF, 0x00, 0xFF, 0x00, 0xFF, 
    0xFF, 0x00, 0xFF, 0x00, 0xFF, 0x00, 0xFF, 0xFF, 0x00, 0xFF, 0x00, 0xFF, 0x00, 0x00, 0x00, 0x00, 
    0x07, 0x07, 0xFF, 0xFF, 0xFE, 0xFE, 0xCF, 0xCF, 0x87, 0x87, 0x01, 0x01, 0x07, 0x07, 0x1F, 0x1F, 
    0xF8, 0xF8, 0x00, 0x00, 0x01, 0x01, 0x30, 0x30, 0x78, 0x78, 0xFE, 0xFE, 0xF8, 0xF8, 0xE0, 0xE0, 
    0x8E, 0x8E, 0x07, 0x07, 0xFF, 0xFF, 0x1F, 0x1F, 0xBF, 0xBF, 0xFF, 0xFF, 0xFF, 0xFF, 0xFF, 0xFF, 
    0x71, 0x71, 0xF8, 0xF8, 0x00, 0x00, 0xE0, 0xE0, 0x40, 0x40, 0x00, 0x00, 0x00, 0x00, 0x00, 0x00, 
    0xFF, 0x01, 0xFF, 0x01, 0xFF, 0x81, 0xF9, 0xF9, 0xFF, 0x3F, 0x7C, 0x00, 0x78, 0x04, 0x80, 0x0E, 
    0xF7, 0x08, 0xF3, 0x0C, 0xF3, 0x0C, 0xFF, 0x00, 0xFF, 0x00, 0x28, 0xD7, 0x00, 0xFF, 0x00, 0xFF, 
    0xC7, 0xC7, 0xFF, 0xF3, 0xFF, 0xFE, 0xFF, 0xEE, 0xED, 0x80, 0x0F, 0x00, 0x07, 0x00, 0x00, 0x00, 
    0xFF, 0x00, 0xFF, 0x00, 0xFF, 0x00, 0xFF, 0x00, 0xCC, 0x33, 0x06, 0xF9, 0x02, 0xFD, 0x00, 0xFF, 
    0xFF, 0xFF, 0xFF, 0xFF, 0xFF, 0xFF, 0xFF, 0xFF, 0xFF, 0xFF, 0xFF, 0xFF, 0xCF, 0xCF, 0x00, 0x00, 
    0xFF, 0x00, 0xFF, 0x00, 0xFF, 0x00, 0xFF, 0x00, 0xFF, 0x00, 0xFF, 0x00, 0xFF, 0x00, 0xFF, 0x00, 
    0xFF, 0xFF, 0xFF, 0xFC, 0xFF, 0xFC, 0xFF, 0xFC, 0xFF, 0xFC, 0xFF, 0xFF, 0xFF, 0xFF, 0xFF, 0xFF, 
    0xFF, 0x00, 0xFF, 0x00, 0xFF, 0x00, 0xFF, 0x00, 0xFF, 0x00, 0xFF, 0x00, 0xFF, 0x00, 0xFF, 0x00, 
    0x08, 0xFF, 0x00, 0xF0, 0x00, 0x00, 0x00, 0x00, 0x00, 0x00, 0x00, 0x00, 0x00, 0x00, 0x00, 0x00, 
    0xF7, 0xFF, 0xFF, 0xFF, 0xFF, 0xFF, 0xFF, 0xFF, 0xFF, 0xFF, 0xFF, 0xFF, 0xFF, 0xFF, 0xFF, 0xFF, 
    0x00, 0x00, 0x00, 0x00, 0x19, 0x19, 0x1E, 0x1E, 0x3C, 0x3C, 0x30, 0x30, 0x3C, 0x3C, 0xFF, 0xFF, 
    0xFF, 0xFF, 0xFF, 0xFF, 0xE6, 0xE6, 0xE1, 0xE1, 0xC3, 0xC3, 0xCF, 0xCF, 0xC3, 0xC3, 0x00, 0x00, 
    0xFF, 0x00, 0x7F, 0x00, 0x7F, 0x00, 0xBF, 0x00, 0xAF, 0x00, 0x07, 0x40, 0x00, 0xD0, 0x3C, 0x81, 
    0xFF, 0x00, 0x3F, 0xC0, 0x2F, 0xD0, 0x01, 0xFE, 0x01, 0xFE, 0x00, 0xFF, 0x00, 0xFF, 0x08, 0xF7, 
    0xFF, 0x00, 0xFE, 0x00, 0xFE, 0x00, 0xFF, 0x00, 0xF8, 0x00, 0x0F, 0x00, 0xEF, 0x00, 0x60, 0x90, 
    0xFE, 0x01, 0xF4, 0x0B, 0xC0, 0x3F, 0x80, 0x7F, 0x80, 0x7F, 0x07, 0xF8, 0x40, 0xBF, 0xE0, 0x1F, 
    0xFF, 0x00, 0xFF, 0x00, 0xFF, 0x00, 0xFF, 0x1C, 0xFF, 0x00, 0xFF, 0x00, 0xFF, 0x00, 0xC0, 0x3F, 
    0x00, 0x00, 0x00, 0x00, 0x00, 0x00, 0x1F, 0x1F, 0xFF, 0xFF, 0xFF, 0xFF, 0xFF, 0xFF, 0xC0, 0xC0, 
    0xFF, 0x00, 0xFF, 0x78, 0xFF, 0x7C, 0xFF, 0x00, 0xFE, 0x01, 0xE0, 0x1F, 0x04, 0xFF, 0x40, 0xFF, 
    0x00, 0x00, 0x78, 0x78, 0x7C, 0x7C, 0xFF, 0xFF, 0xFE, 0xFE, 0xE0, 0xE0, 0x03, 0x07, 0x3F, 0x7F, 
    0xFF, 0x00, 0xFF, 0x00, 0xFF, 0x00, 0xFF, 0x00, 0xFF, 0x03, 0xFF, 0x02, 0xFF, 0x1E, 0xFF, 0x18, 
    0x00, 0x00, 0x00, 0x00, 0x00, 0x00, 0x00, 0x00, 0x03, 0x03, 0x02, 0x02, 0x1E, 0x1E, 0x1F, 0x1F, 
    0xFF, 0x00, 0xFF, 0x00, 0xFF, 0x00, 0xFF, 0x83, 0xFF, 0xEF, 0xFE, 0x41, 0xF9, 0x77, 0xC4, 0x3C, 
    0x00, 0x00, 0x00, 0x00, 0x00, 0x00, 0x83, 0x83, 0xEF, 0xEF, 0x42, 0x42, 0x78, 0x79, 0xC3, 0xC6, 
    0xFF, 0xDA, 0xFF, 0x00, 0xFF, 0x00, 0xFF, 0x00, 0xFF, 0x00, 0xFF, 0x00, 0xFF, 0x00, 0xFF, 0x00, 
    0xDA, 0xDA, 0x00, 0x00, 0x00, 0x00, 0x00, 0x00, 0x00, 0x00, 0x00, 0x00, 0x00, 0x00, 0x00, 0x00, 
    0xFF, 0x00, 0xFF, 0x00, 0xFF, 0x00, 0xFF, 0x00, 0xFF, 0x00, 0xFF, 0x00, 0xFF, 0x00, 0xFF, 0x00, 
    0x00, 0x00, 0x00, 0x00, 0x00, 0x00, 0x00, 0x00, 0x00, 0x00, 0x00, 0x00, 0x00, 0x00, 0x00, 0x00, 
    0xFF, 0xFB, 0xFF, 0xFF, 0xFF, 0x32, 0xDF, 0x00, 0xFD, 0x80, 0x40, 0x01, 0xFB, 0x00, 0x84, 0x00, 
    0xFF, 0x00, 0xFF, 0x00, 0xFF, 0x00, 0x8F, 0x70, 0xE4, 0x1B, 0x00, 0xFF, 0x00, 0xFF, 0x00, 0xFF, 
    0xFF, 0xFF, 0xFF, 0xFE, 0xFF, 0x5F, 0xDF, 0x81, 0xDB, 0xA1, 0x17, 0xC3, 0xFF, 0x03, 0xF7, 0x00, 
    0xFF, 0x00, 0xFF, 0x00, 0xFF, 0x00, 0xC3, 0x3C, 0xC3, 0x3C, 0x07, 0xF8, 0x37, 0xC8, 0xF0, 0x0F, 
    0xFB, 0xFF, 0xFF, 0xFF, 0xFF, 0xFF, 0xFE, 0xFE, 0xFE, 0xFE, 0xFB, 0xFB, 0xFC, 0xFC, 0x8E, 0x8E, 
    0x04, 0x04, 0x00, 0x00, 0x00, 0x00, 0x01, 0x01, 0x01, 0x01, 0x04, 0x04, 0x03, 0x03, 0x71, 0x71, 
    0xF0, 0xF0, 0xF3, 0xF3, 0xFC, 0xFC, 0x0C, 0x0C, 0x04, 0x04, 0xF3, 0xF3, 0x7F, 0x7F, 0xFF, 0xFF, 
    0x0F, 0x0F, 0x0C, 0x0C, 0x03, 0x03, 0xF3, 0xF3, 0xFB, 0xFB, 0x0C, 0x0C, 0x80, 0x80, 0x00, 0x00, 
    0x00, 0xFF, 0x00, 0xFF, 0x00, 0xFF, 0x00, 0xFF, 0xFC, 0xFF, 0xF8, 0x7F, 0xFC, 0x7F, 0xF8, 0x7F, 
    0xFF, 0xFF, 0xFF, 0xFF, 0xFF, 0xFF, 0xFF, 0xFF, 0x03, 0x03, 0x87, 0x07, 0x83, 0x03, 0x87, 0x07, 
    0x00, 0xFF, 0x00, 0xFF, 0x00, 0xFF, 0x00, 0xFF, 0x00, 0xFF, 0x00, 0xFF, 0x02, 0xFF, 0x04, 0xFF, 
    0xFF, 0xFF, 0xFF, 0xFF, 0xFF, 0xFF, 0xFF, 0xFF, 0xFF, 0xFF, 0xFF, 0xFF, 0xFD, 0xFD, 0xFB, 0xFB, 
    0xFF, 0x00, 0xF0, 0x00, 0x00, 0xE0, 0x00, 0xFF, 0x00, 0xFF, 0x00, 0xFF, 0x00, 0xFE, 0x00, 0xFF, 
    0xE7, 0x18, 0x00, 0xFF, 0x00, 0xFF, 0x00, 0xFF, 0x00, 0xFF, 0x00, 0xFF, 0x00, 0xFF, 0x08, 0xF7, 
    0xFF, 0x00, 0x00, 0x00, 0x00, 0x00, 0x00, 0xE0, 0x00, 0xFD, 0x00, 0xFE, 0x00, 0xC7, 0x00, 0x87, 
    0x00, 0xFF, 0x00, 0xFF, 0x00, 0xFF, 0x00, 0xFF, 0x00, 0xFF, 0x00, 0xFF, 0x02, 0xFD, 0x00, 0xFF, 
    0xFF, 0x00, 0xFF, 0x00, 0xFF, 0x07, 0xFF, 0x06, 0xFF, 0x07, 0xFF, 0x9F, 0xFF, 0xFF, 0xFF, 0xDF, 
    0x0F, 0xF0, 0x3F, 0xC0, 0x7F, 0x80, 0xFF, 0x00, 0xFF, 0x00, 0xFF, 0x00, 0xFF, 0x00, 0xFF, 0x00, 
    0xF8, 0x03, 0xE0, 0x01, 0xF0, 0x81, 0xF4, 0x81, 0xFC, 0x01, 0xF0, 0x81, 0xF0, 0xC3, 0xF0, 0x07, 
    0xC0, 0x3F, 0xC1, 0x3E, 0xE0, 0x1F, 0xE0, 0x1F, 0xA0, 0x5F, 0xE1, 0x1E, 0xE1, 0x1E, 0xC3, 0x3C, 
    0xFF, 0xFF, 0xFC, 0x53, 0xE2, 0x1E, 0x1F, 0xFC, 0x9F, 0x91, 0xFF, 0x3F, 0xFF, 0xFF, 0xFF, 0xFF, 
    0xFF, 0xFF, 0x5C, 0x5C, 0xE1, 0xE3, 0x06, 0x19, 0x6F, 0xC0, 0xC0, 0x00, 0x00, 0x00, 0x00, 0x00, 
    0xB7, 0x74, 0x8B, 0x81, 0x7F, 0x47, 0xFF, 0x1F, 0xFF, 0xFF, 0xF3, 0xF3, 0xDC, 0xDC, 0xFF, 0xFF, 
    0x8E, 0xB9, 0x73, 0xEC, 0x88, 0xB0, 0x20, 0xC0, 0x80, 0x00, 0x0C, 0x0C, 0x23, 0x23, 0x00, 0x00, 
    0xFF, 0x00, 0x71, 0x01, 0xBF, 0x80, 0xF0, 0xF0, 0xF0, 0xFF, 0xFF, 0xFF, 0xFF, 0x07, 0xF8, 0xF8, 
    0xE1, 0x1E, 0xC1, 0x3E, 0x6F, 0x90, 0x0F, 0xFC, 0x00, 0xF0, 0x00, 0xFF, 0xFF, 0x00, 0xFF, 0x00, 
    0xCD, 0x4D, 0xBF, 0xB8, 0x77, 0x73, 0xAE, 0xFE, 0x0D, 0xFF, 0xFF, 0xFF, 0xFF, 0xFF, 0x03, 0x03, 
    0xFF, 0x00, 0x4F, 0xF0, 0x8F, 0x70, 0x01, 0xAE, 0x00, 0x0D, 0x00, 0xFF, 0xFF, 0x00, 0xFF, 0x00, 
    0x00, 0xFF, 0x00, 0xFF, 0x00, 0xFF, 0x00, 0xFF, 0x00, 0xFF, 0x00, 0xFF, 0x00, 0x00, 0x00, 0x90, 
    0x7C, 0x83, 0x5C, 0xA3, 0xFC, 0x03, 0xFF, 0x00, 0xFE, 0x01, 0x00, 0xFF, 0x00, 0xFF, 0x00, 0xFF, 
    0x00, 0xFF, 0x00, 0xFF, 0x00, 0xFF, 0x00, 0xFF, 0x00, 0xFF, 0x00, 0xD8, 0x00, 0x00, 0x00, 0x40, 
    0xBE, 0x41, 0xFE, 0x01, 0xFE, 0x01, 0xFE, 0x01, 0x3C, 0xC3, 0x00, 0xFF, 0x00, 0xFF, 0x00, 0xFF, 
    0xFF, 0xFF, 0xFF, 0xFF, 0xFC, 0xFC, 0xFF, 0xFF, 0xFF, 0xFF, 0xFF, 0xFF, 0xFF, 0xFF, 0xFF, 0xFF, 
    0x00, 0x00, 0x00, 0x00, 0x03, 0x03, 0x00, 0x00, 0x00, 0x00, 0x00, 0x00, 0x00, 0x00, 0x00, 0x00, 
    0xFF, 0xFF, 0xFF, 0xFF, 0xFF, 0xFF, 0xFF, 0xFF, 0xFF, 0xFF, 0xFF, 0xFF, 0xFF, 0xFF, 0xFF, 0xFF, 
    0x00, 0x00, 0x00, 0x00, 0x00, 0x00, 0x00, 0x00, 0x00, 0x00, 0x00, 0x00, 0x00, 0x00, 0x00, 0x00, 
    0xFC, 0x80, 0x9D, 0x00, 0xFF, 0x01, 0x9F, 0x01, 0xFF, 0x80, 0xFF, 0xF6, 0x00, 0x00, 0x0E, 0x0F, 
    0xF8, 0x07, 0x89, 0x76, 0xEF, 0x10, 0x01, 0xFE, 0xE1, 0x1E, 0xFF, 0x00, 0xFF, 0x00, 0xF1, 0xFF, 
    0x0E, 0x00, 0xDF, 0x08, 0xDF, 0x01, 0xFF, 0x00, 0xFF, 0xE0, 0xFF, 0xE1, 0x00, 0x00, 0x00, 0x1F, 
    0x00, 0xFF, 0x9F, 0x60, 0x81, 0x7E, 0xFB, 0x04, 0xF0, 0x0F, 0xFF, 0x00, 0xFF, 0x80, 0xFF, 0xFF, 
    0x00, 0xFF, 0xC6, 0xC6, 0xFF, 0xCD, 0xFF, 0x08, 0xFE, 0x00, 0xFF, 0x4C, 0xFF, 0xBE, 0xFF, 0x00, 
    0xFF, 0xFF, 0x39, 0x39, 0xFF, 0x00, 0x19, 0xE6, 0x60, 0x9F, 0x7F, 0x80, 0xFF, 0x00, 0xFF, 0x00, 
    0x00, 0xFF, 0x3F, 0x3B, 0xFF, 0xC0, 0xF3, 0x00, 0x23, 0x85, 0xDF, 0x01, 0xFF, 0x0F, 0xFF, 0x03, 
    0xFF, 0xFF, 0xC7, 0xC0, 0xFC, 0x03, 0x83, 0x7C, 0x01, 0xFE, 0x0F, 0xF0, 0xDF, 0x20, 0xD7, 0x28, 
    0xFF, 0x00, 0xFF, 0x00, 0xFF, 0x02, 0xFF, 0x74, 0xFF, 0x0C, 0xF0, 0x6F, 0x06, 0xFE, 0x6F, 0xE8, 
    0x00, 0x00, 0x00, 0x00, 0x02, 0x02, 0x74, 0x74, 0x0F, 0x0F, 0x70, 0x70, 0x01, 0x07, 0x17, 0x70, 
    0xFF, 0x3E, 0xFF, 0x3D, 0xFE, 0x95, 0xF0, 0xEF, 0x0D, 0xFD, 0x67, 0xE0, 0xFF, 0x87, 0xFF, 0x7F, 
    0x3E, 0x3E, 0x3D, 0x3D, 0x96, 0x96, 0xF0, 0xF0, 0x02, 0x0E, 0x1F, 0x70, 0x78, 0x00, 0x80, 0x00, 
    0x00, 0xFF, 0x01, 0xFF, 0x03, 0xFF, 0x00, 0xFF, 0x07, 0xFF, 0x33, 0xFF, 0x63, 0xFF, 0xFC, 0xFF, 
    0xFF, 0xFF, 0xFE, 0xFF, 0xFC, 0xFF, 0xFF, 0xFF, 0xF8, 0xFF, 0xCC, 0xFF, 0x9C, 0xFF, 0x03, 0xFF, 
    0xFF, 0xFF, 0xFF, 0xFF, 0xFF, 0xFF, 0x7F, 0xFF, 0xFF, 0xFF, 0xFE, 0xFF, 0x04, 0xFF, 0x00, 0xFF, 
    0x00, 0xFF, 0x00, 0xFF, 0x00, 0xFF, 0x80, 0xFF, 0x00, 0xFF, 0x01, 0xFF, 0xFB, 0xFF, 0xFF, 0xFF, 
    0x3F, 0x3F, 0xFF, 0xFF, 0xE0, 0xFF, 0x00, 0xFF, 0x00, 0xFF, 0x00, 0xFF, 0xFF, 0x0F, 0xFF, 0x01, 
    0xC0, 0xFF, 0x00, 0xFF, 0x00, 0xE0, 0x00, 0x00, 0x00, 0x00, 0x00, 0x00, 0xFF, 0xFF, 0x01, 0x01, 
    0xFF, 0xFF, 0xFF, 0xFF, 0x00, 0xFF, 0x00, 0xFF, 0x00, 0xFF, 0x00, 0xFF, 0xFF, 0x31, 0xFF, 0x00, 
    0x00, 0xFF, 0x00, 0xFF, 0x00, 0x00, 0x00, 0x00, 0x00, 0x00, 0x00, 0x00, 0x3F, 0x3F, 0x00, 0x00, 
    0x0F, 0xFF, 0x3F, 0xFF, 0x7F, 0xFF, 0xFF, 0xFF, 0xFF, 0xFF, 0xFF, 0xFF, 0xFF, 0xFF, 0xFF, 0xFF, 
    0x00, 0x0F, 0x00, 0x3F, 0x00, 0x7F, 0x00, 0xFF, 0x00, 0xFF, 0x00, 0xFF, 0x00, 0xFF, 0x00, 0xFF, 
    0xFF, 0xFF, 0xF8, 0xFF, 0xE8, 0xFF, 0xFF, 0xFF, 0x9F, 0xFF, 0xFF, 0xFF, 0xFF, 0xFF, 0xFF, 0xFF, 
    0x00, 0xFF, 0x07, 0xFF, 0x17, 0xFF, 0x00, 0xFF, 0x60, 0xFF, 0x00, 0xFF, 0x00, 0xFF, 0x00, 0xFF, 
    0xFB, 0x8B, 0xFF, 0xCF, 0xFE, 0xFE, 0x00, 0x00, 0x03, 0x07, 0xFF, 0xFF, 0xFE, 0xFF, 0x00, 0xFF, 
    0xFF, 0x00, 0xFF, 0x00, 0xFF, 0x00, 0xFF, 0x01, 0xFC, 0xFF, 0x00, 0xFF, 0x00, 0xFE, 0x00, 0x00, 
    0xD7, 0xD7, 0x8F, 0x8F, 0x07, 0x07, 0x00, 0x00, 0xFF, 0xFF, 0xFF, 0xFF, 0x00, 0xFF, 0x00, 0xFF, 
    0xFF, 0x00, 0xFF, 0x00, 0xFF, 0x00, 0xFF, 0xE1, 0x00, 0xFF, 0x00, 0xFF, 0x00, 0x00, 0x00, 0x00, 
    0xFF, 0xFF, 0xFF, 0xFF, 0xFF, 0xFF, 0xFF, 0xFF, 0xFF, 0xFF, 0xFF, 0xE0, 0xFF, 0x00, 0xFF, 0x07, 
    0x00, 0x00, 0x00, 0x00, 0x00, 0x00, 0x00, 0x00, 0x00, 0x00, 0x1F, 0x00, 0xBF, 0x40, 0xFF, 0x00, 
    0xEF, 0xEF, 0xFF, 0xFF, 0xFF, 0xFF, 0xFF, 0xEF, 0xFF, 0xCF, 0xFF, 0x00, 0xBF, 0x00, 0xFF, 0x80, 
    0x10, 0x10, 0x00, 0x00, 0x00, 0x00, 0x10, 0x00, 0x30, 0x00, 0xCF, 0x30, 0x9D, 0x62, 0xCC, 0x33, 
    0x00, 0x00, 0x00, 0x00, 0x00, 0x00, 0x00, 0x00, 0x00, 0x00, 0x00, 0x00, 0x02, 0x02, 0x00, 0x00, 
    0xFF, 0xFF, 0xFF, 0xFF, 0xFF, 0xFF, 0xFF, 0xFF, 0xFF, 0xFF, 0xFF, 0xFF, 0xFD, 0x8F, 0xFF, 0x8F, 
    0x00, 0x00, 0x00, 0x00, 0x00, 0x00, 0x01, 0x01, 0x18, 0x18, 0x18, 0x18, 0x21, 0x21, 0x00, 0x00, 
    0xFF, 0xFF, 0xFF, 0xFF, 0xFF, 0xFF, 0xFE, 0xFF, 0xE7, 0xFF, 0xE7, 0xFF, 0xDE, 0xFF, 0xFF, 0xFF, 
    0xFE, 0x00, 0x3F, 0x00, 0xFD, 0x00, 0xC0, 0x04, 0xF3, 0x00, 0xFF, 0x41, 0x38, 0x38, 0x07, 0x1F, 
    0x64, 0x9B, 0x0F, 0xF0, 0x80, 0x7F, 0x80, 0x7F, 0x80, 0x7F, 0xFF, 0x00, 0xC7, 0x03, 0xF8, 0xFF, 
    0x6F, 0x43, 0x86, 0x02, 0xFC, 0x04, 0x36, 0x16, 0xF7, 0x16, 0x01, 0x01, 0x00, 0x00, 0xFF, 0xFF, 
    0x6F, 0x90, 0x07, 0xF8, 0x07, 0xF8, 0x1F, 0xE0, 0xFF, 0x00, 0xFF, 0x00, 0xFF, 0xFD, 0x00, 0xFF, 
    0x00, 0xFF, 0x00, 0xFF, 0x00, 0xFF, 0x00, 0xFF, 0x00, 0xFF, 0xFF, 0x00, 0xFF, 0x88, 0xFF, 0x03, 
    0x00, 0x00, 0x00, 0x00, 0x00, 0x00, 0x00, 0x00, 0x00, 0x00, 0xFF, 0xFF, 0x88, 0x88, 0x03, 0x03, 
    0x00, 0xFF, 0x00, 0xFF, 0x00, 0xFF, 0x00, 0xFF, 0x02, 0xFD, 0xFF, 0x00, 0xFF, 0x00, 0xFF, 0xF0, 
    0x00, 0x00, 0x00, 0x00, 0x00, 0x00, 0x00, 0x00, 0x02, 0x02, 0xFF, 0xFF, 0x00, 0x00, 0xF0, 0xF0, 
    0xFF, 0xFF, 0xFF, 0xFF, 0xFF, 0xFF, 0xFF, 0xFF, 0xFF, 0xFF, 0xFF, 0xFF, 0xFF, 0xFC, 0x87, 0x84, 
    0x00, 0x00, 0x00, 0x00, 0x00, 0x00, 0x00, 0x00, 0x00, 0x00, 0x00, 0x00, 0x03, 0x00, 0x7B, 0x00, 
    0xFF, 0xFF, 0xFF, 0xFF, 0xFF, 0xFF, 0xFF, 0xFF, 0xFF, 0xE0, 0xFF, 0x00, 0xFF, 0x07, 0xBF, 0x17, 
    0x00, 0x00, 0x00, 0x00, 0x00, 0x00, 0x00, 0x00, 0x1F, 0x00, 0xF7, 0x08, 0xFB, 0x00, 0x39, 0xC0, 
    0xFF, 0xFF, 0xFF, 0x0F, 0xEF, 0x01, 0xBF, 0x1E, 0xF9, 0x08, 0xF0, 0xF0, 0x60, 0x60, 0x1F, 0x1F, 
    0x00, 0x00, 0xF0, 0x00, 0xC6, 0x38, 0xA1, 0x40, 0xB7, 0x44, 0xFF, 0x00, 0x9F, 0xFF, 0xFF, 0x00, 
    0xFC, 0xFF, 0xFE, 0xCF, 0xF6, 0xB6, 0xF0, 0xF7, 0xE0, 0x67, 0x06, 0x06, 0xF0, 0xF0, 0xFF, 0xFF, 
    0x03, 0x03, 0x31, 0x01, 0x49, 0x09, 0x0F, 0x0F, 0xDF, 0x1F, 0xF9, 0x0F, 0x0F, 0xF8, 0xFF, 0x00, 
    0x00, 0x00, 0x00, 0x00, 0x10, 0x10, 0x00, 0x00, 0x00, 0x00, 0x00, 0x00, 0x00, 0x00, 0x00, 0x00, 
    0xFF, 0x00, 0xFF, 0x00, 0xFF, 0x00, 0xFF, 0x00, 0xFF, 0x00, 0xFF, 0x00, 0xFF, 0x00, 0xFF, 0x00, 
    0x00, 0x00, 0x00, 0x00, 0x00, 0x00, 0x00, 0x00, 0x00, 0x00, 0x00, 0x00, 0x00, 0x00, 0x00, 0x00, 
    0xFF, 0x00, 0xFF, 0x00, 0xFF, 0x00, 0xFF, 0x00, 0xFF, 0x00, 0xFF, 0x00, 0xFF, 0x00, 0xFF, 0x00, 
    0x40, 0x83, 0x60, 0x03, 0x68, 0x03, 0x60, 0x03, 0x60, 0x03, 0x30, 0x03, 0xF8, 0x01, 0xF8, 0x03, 
    0x01, 0xFE, 0x01, 0xFE, 0x01, 0xFE, 0x01, 0xFE, 0x01, 0xFE, 0x01, 0xFE, 0x00, 0xFF, 0x01, 0xFE, 
    0x00, 0xFF, 0x00, 0xFF, 0x00, 0xFF, 0x00, 0xFF, 0x00, 0xFF, 0x00, 0xFF, 0x00, 0xFE, 0x00, 0xFF, 
    0xFE, 0x01, 0xFC, 0x03, 0xFC, 0x03, 0xFC, 0x03, 0xFE, 0x01, 0xFC, 0x03, 0xFC, 0x03, 0xFC, 0x03, 
    0x0F, 0x0F, 0xFC, 0xFC, 0xF0, 0xF0, 0x00, 0x00, 0x00, 0x00, 0x00, 0x00, 0x00, 0x00, 0x00, 0x00, 
    0xF0, 0x0F, 0x03, 0xFD, 0x0F, 0xF0, 0xFF, 0x96, 0xFF, 0xE1, 0xFF, 0xE0, 0xFF, 0xE0, 0xFF, 0xF7, 
    0x80, 0x80, 0x00, 0x00, 0x00, 0x00, 0x00, 0x00, 0x1C, 0x1C, 0x7C, 0x7C, 0xF0, 0xF0, 0x00, 0x00, 
    0x7F, 0x80, 0xFF, 0x00, 0xFF, 0x07, 0xFF, 0x0D, 0xE3, 0x1F, 0x83, 0x7C, 0x0F, 0xF0, 0xFF, 0x00, 
    0x02, 0x02, 0x7F, 0x3C, 0xFB, 0xFB, 0xFC, 0xBC, 0xF4, 0xF4, 0x0F, 0x0F, 0xFC, 0xF4, 0xFC, 0xE4, 
    0xFF, 0x00, 0xFD, 0x02, 0xFF, 0x00, 0xFF, 0x00, 0xFF, 0x00, 0xFF, 0x00, 0xFF, 0x00, 0xF7, 0x08, 
    0x80, 0x80, 0x31, 0x30, 0x7F, 0x67, 0x8C, 0x8C, 0x80, 0x80, 0x8F, 0x8E, 0x19, 0x19, 0x48, 0x48, 
    0xFF, 0x00, 0xFF, 0x00, 0xFF, 0x00, 0xFF, 0x00, 0xFF, 0x00, 0xFF, 0x00, 0xFF, 0x00, 0xFF, 0x00, 
    0x3F, 0xFE, 0xDF, 0xD9, 0xFE, 0x06, 0xFC, 0xFC, 0xF8, 0xFC, 0xF2, 0xFA, 0x82, 0xFE, 0x6F, 0x6F, 
    0x01, 0x3C, 0x26, 0xE0, 0xF9, 0x01, 0x03, 0x03, 0x07, 0x07, 0x0D, 0x0D, 0x7D, 0x7D, 0x90, 0x90, 
    0x80, 0x9F, 0x00, 0x3F, 0x00, 0x7B, 0x1F, 0xDF, 0x18, 0x18, 0x1F, 0x1F, 0x1F, 0x1F, 0xEF, 0xEF, 
    0x7F, 0x3F, 0xFF, 0xFF, 0xFF, 0xFF, 0xE0, 0xE0, 0xE7, 0xE7, 0xE0, 0xE0, 0xE0, 0xE0, 0x10, 0x10, 
    0x00, 0x00, 0x01, 0x01, 0x01, 0x01, 0x00, 0x00, 0x00, 0x00, 0x00, 0x00, 0x00, 0x00, 0x00, 0x00, 
    0xFF, 0xFF, 0xFE, 0xFE, 0xFE, 0xF8, 0xFF, 0xF6, 0xFF, 0x9E, 0xFF, 0xC0, 0xFF, 0x9E, 0xFF, 0xF0, 
    0x20, 0x20, 0xF0, 0xF0, 0x87, 0x87, 0x00, 0x00, 0x00, 0x00, 0x00, 0x00, 0x00, 0x00, 0x00, 0x00, 
    0xDF, 0xD8, 0x0F, 0x00, 0x78, 0x2F, 0xFF, 0x6C, 0xFF, 0x30, 0xFF, 0xC0, 0xFF, 0x00, 0xFF, 0x00, 
    0xFF, 0xFF, 0xFF, 0xFF, 0xFF, 0xFF, 0xFF, 0xFF, 0xFF, 0xFF, 0xC0, 0xF0, 0x80, 0xC0, 0x00, 0x00, 
    0x00, 0xFF, 0x00, 0xFF, 0x00, 0xFF, 0x00, 0xFF, 0x00, 0xFF, 0x3F, 0xFF, 0x7F, 0xFF, 0xFF, 0xFF, 
    0xFF, 0xFF, 0xFF, 0xFF, 0xD8, 0xFE, 0xC0, 0xF8, 0x00, 0x00, 0x00, 0x00, 0x01, 0x01, 0x01, 0x01, 
    0x00, 0xFF, 0x00, 0xFF, 0x27, 0xFF, 0x3F, 0xFF, 0xFF, 0xFF, 0xFF, 0xFF, 0xFE, 0xFE, 0xFE, 0xFE, 
    0xFF, 0xFF, 0xFD, 0xFD, 0xFE, 0xFE, 0xFF, 0xFF, 0xFF, 0xFF, 0xFF, 0xFF, 0xFF, 0xFF, 0xF0, 0xF0, 
    0x00, 0x00, 0x02, 0x02, 0x01, 0x01, 0x00, 0x00, 0x00, 0x00, 0x00, 0x00, 0x00, 0x00, 0x0F, 0x0F, 
    0xBF, 0xBF, 0xF7, 0xF7, 0x0F, 0x0F, 0x0F, 0x0F, 0xFF, 0xFF, 0xFF, 0xFF, 0xFB, 0xFB, 0xF9, 0xF9, 
    0x40, 0x40, 0x08, 0x08, 0xF0, 0xF0, 0xF0, 0xF0, 0x00, 0x00, 0x00, 0x00, 0x04, 0x04, 0x06, 0x06, 
    0x1F, 0x1F, 0x00, 0x00, 0x00, 0x00, 0x00, 0x00, 0x00, 0x00, 0x00, 0x00, 0x00, 0x00, 0x00, 0x00, 
    0xFF, 0x00, 0xFF, 0x00, 0xFF, 0x00, 0xFF, 0x00, 0xFF, 0x00, 0xFF, 0x00, 0xFF, 0x00, 0xFF, 0x00, 
    0xC0, 0xC0, 0x00, 0x00, 0x00, 0x00, 0x00, 0x00, 0x00, 0x00, 0x00, 0x00, 0x00, 0x00, 0x00, 0x00, 
    0xFF, 0x00, 0xFF, 0x00, 0xFF, 0x00, 0xFF, 0x00, 0xFF, 0x00, 0xFF, 0x00, 0xFF, 0x00, 0xFF, 0x00, 
    0x3E, 0x00, 0x02, 0x58, 0x00, 0x78, 0x00, 0x80, 0x02, 0x80, 0x01, 0xC0, 0x00, 0x00, 0x00, 0xFC, 
    0x00, 0xFF, 0x00, 0xFF, 0x00, 0xFF, 0x00, 0xFF, 0x00, 0xFF, 0x00, 0xFF, 0x00, 0xFF, 0x00, 0xFF, 
    0xFE, 0x79, 0xFE, 0x01, 0x5E, 0x01, 0x76, 0x00, 0xF0, 0x00, 0xE0, 0x00, 0x70, 0x00, 0x00, 0x00, 
    0x86, 0x01, 0x1E, 0xE1, 0x0E, 0xF1, 0x02, 0xFD, 0x00, 0xFF, 0x00, 0xFF, 0x00, 0xFF, 0x00, 0xFF, 
    0x00, 0x03, 0x00, 0x00, 0x01, 0x3C, 0x01, 0x18, 0x21, 0x08, 0x07, 0x00, 0x03, 0x38, 0x03, 0x8C, 
    0x00, 0xFF, 0x00, 0xFF, 0x00, 0xFF, 0x00, 0xFF, 0x00, 0xFF, 0x00, 0xFF, 0x01, 0xFE, 0x01, 0xFE, 
    0x00, 0xC0, 0x10, 0x00, 0x80, 0x02, 0x80, 0x0F, 0xE0, 0x1F, 0xC0, 0x3B, 0x80, 0x3F, 0x80, 0x7F, 
    0x00, 0xFF, 0x00, 0xFF, 0x00, 0xFF, 0x02, 0xFD, 0x03, 0xFC, 0x13, 0xEC, 0xAF, 0x50, 0xBD, 0x42, 
    0x00, 0x00, 0x00, 0x00, 0x00, 0x00, 0x00, 0x00, 0x00, 0x00, 0x07, 0x07, 0xFF, 0xF8, 0xFF, 0x10, 
    0xFF, 0x00, 0xFF, 0x00, 0xFF, 0x00, 0xFF, 0x00, 0xFF, 0x00, 0xFF, 0x00, 0xFF, 0x00, 0xFF, 0x00, 
    0x60, 0x60, 0x40, 0x40, 0x11, 0x11, 0x2F, 0x2F, 0x3F, 0x3C, 0xFF, 0xC9, 0xFF, 0x9F, 0xFF, 0xFF, 
    0xFF, 0x00, 0xFF, 0x00, 0xFF, 0x00, 0xF0, 0x00, 0xE3, 0x00, 0xF7, 0x00, 0x7F, 0x00, 0xFF, 0x00, 
    0xFC, 0x00, 0xFC, 0x00, 0xF8, 0x00, 0xE0, 0x00, 0xA0, 0x03, 0x90, 0x03, 0xF8, 0x01, 0xFC, 0x00, 
    0x10, 0xEF, 0x10, 0xEF, 0x00, 0xFF, 0x00, 0xFF, 0x00, 0xFF, 0x00, 0xFF, 0x00, 0xFF, 0x00, 0xFF, 
    0x00, 0x1F, 0x00, 0x4F, 0x00, 0xCF, 0x00, 0x1F, 0x00, 0xFF, 0x00, 0xCF, 0x00, 0x0F, 0x00, 0x47, 
    0x0F, 0xF0, 0x0F, 0xF0, 0x0F, 0xF0, 0x0E, 0xF1, 0x06, 0xF9, 0x04, 0xFB, 0x00, 0xFF, 0x01, 0xFE, 
    0xFF, 0x00, 0xFF, 0x00, 0x81, 0x00, 0x07, 0x10, 0x07, 0xE3, 0x5F, 0x07, 0xF1, 0x11, 0xCD, 0x4D, 
    0xFB, 0x04, 0xC0, 0x3F, 0x81, 0x7E, 0x03, 0xFC, 0x23, 0xDC, 0x0F, 0xF0, 0x3F, 0xC0, 0xFF, 0x00, 
    0xBF, 0x03, 0xFF, 0x1F, 0xFF, 0x3F, 0xDF, 0x5F, 0x98, 0x98, 0x38, 0x38, 0xA1, 0xA1, 0x63, 0x63, 
    0x1F, 0xE0, 0x3F, 0xC0, 0xFF, 0x00, 0xFF, 0x00, 0xFF, 0x00, 0xFF, 0x00, 0xFF, 0x00, 0xFF, 0x00, 
    0xFF, 0x3F, 0xFF, 0xA1, 0xFF, 0x40, 0x20, 0x20, 0x00, 0x00, 0x1F, 0x1F, 0xFF, 0xFF, 0x00, 0xFF, 
    0xBF, 0x40, 0xFF, 0x00, 0xFF, 0x00, 0xFF, 0x00, 0xFF, 0x00, 0xE0, 0xFF, 0x00, 0xFF, 0x00, 0x00, 
    0xF7, 0xF5, 0xFF, 0xFE, 0xFF, 0xFF, 0x01, 0x01, 0x00, 0x00, 0xFF, 0xFF, 0xFF, 0xFF, 0x00, 0xFF, 
    0xFF, 0x00, 0xFF, 0x00, 0xFF, 0x00, 0xFF, 0x00, 0xFF, 0x3F, 0x00, 0xFF, 0x00, 0xFF, 0x00, 0x00, 
    0xFF, 0x00, 0xFF, 0x00, 0xFF, 0x00, 0xFC, 0x03, 0xFF, 0x00, 0xFF, 0x00, 0x00, 0xFF, 0x00, 0xFF, 
    0xFF, 0xFF, 0xFF, 0xFF, 0xFF, 0xFF, 0xFC, 0xFC, 0xFF, 0xFF, 0xFF, 0xFF, 0x00, 0x00, 0x00, 0x00, 
    0xFF, 0x00, 0xFF, 0x00, 0xFF, 0x00, 0xFD, 0x02, 0xB9, 0x46, 0xB8, 0x47, 0x13, 0xEC, 0x00, 0xFF, 
    0xFF, 0xFF, 0xFF, 0xFF, 0xFF, 0xFF, 0xFD, 0xFD, 0xB9, 0xB9, 0xB8, 0xB8, 0x13, 0x13, 0x00, 0x00, 
    0x00, 0xFF, 0x00, 0x00, 0xFB, 0x0A, 0xFF, 0x04, 0xFE, 0x00, 0x1F, 0x00, 0x7F, 0x0C, 0xFF, 0xDF, 
    0xFF, 0xFF, 0xFF, 0xFF, 0xFF, 0x00, 0xFF, 0x00, 0x0C, 0xF3, 0x0E, 0xF1, 0x1F, 0xE0, 0xFF, 0x00, 
    0x00, 0xCF, 0xDC, 0xDC, 0xFF, 0x01, 0xFF, 0x1C, 0x7F, 0x0E, 0xFF, 0x04, 0xFF, 0x07, 0xFF, 0xFF, 
    0xFF, 0xFF, 0x23, 0x23, 0xBF, 0x40, 0xFE, 0x01, 0x1F, 0xE0, 0x4E, 0xB1, 0xFF, 0x00, 0xFF, 0x00, 
    0xFF, 0xFF, 0xFF, 0xFF, 0xFF, 0xFF, 0xFF, 0xFF, 0xFF, 0xFF, 0xF8, 0xF8, 0xF3, 0xF3, 0xC7, 0xE7, 
    0x00, 0x00, 0x00, 0x00, 0x00, 0x00, 0x00, 0x00, 0x00, 0x00, 0x07, 0x07, 0x0C, 0x0C, 0x38, 0x38, 
    0xFF, 0xFF, 0xFF, 0xFF, 0xF9, 0xF9, 0xFF, 0xFF, 0x1F, 0x1F, 0x4C, 0x4C, 0xF8, 0xF8, 0xA0, 0xA0, 
    0x00, 0x00, 0x00, 0x00, 0x06, 0x06, 0x00, 0x00, 0xE0, 0xE0, 0xB3, 0xB3, 0x07, 0x06, 0x5F, 0x5D, 
    0xFE, 0xFF, 0x00, 0xFF, 0x00, 0xFF, 0x00, 0xFF, 0x00, 0xFF, 0x00, 0xFF, 0xD1, 0x2E, 0xFF, 0x57, 
    0x00, 0xFE, 0x00, 0x00, 0x00, 0x00, 0x00, 0x00, 0x00, 0x00, 0x00, 0x00, 0xD1, 0xD1, 0x77, 0x77, 
    0x7F, 0xFF, 0x00, 0xFF, 0x00, 0xFF, 0x00, 0xFF, 0x00, 0xFF, 0x00, 0xFF, 0xF8, 0x07, 0xFF, 0x47, 
    0x00, 0x7F, 0x00, 0x00, 0x00, 0x00, 0x00, 0x00, 0x00, 0x00, 0x00, 0x00, 0xF8, 0xF8, 0x47, 0x47, 
    0x00, 0x3E, 0xCF, 0xCF, 0x8F, 0x88, 0xEF, 0x6D, 0x7F, 0x1C, 0x07, 0x07, 0xC0, 0xC0, 0xC0, 0x40, 
    0xFF, 0xFF, 0x3F, 0x00, 0xFF, 0x00, 0xFF, 0x00, 0xFF, 0x00, 0xFF, 0x00, 0xFF, 0x00, 0xFF, 0x00, 
    0x00, 0x07, 0xFC, 0xFC, 0x80, 0x80, 0x00, 0x00, 0xC0, 0xC0, 0x80, 0x80, 0x00, 0x00, 0x10, 0x10, 
    0xFF, 0xFF, 0x83, 0x00, 0xFF, 0x00, 0xFF, 0x00, 0xFF, 0x00, 0xFF, 0x00, 0xFF, 0x00, 0xFF, 0x00, 
    0x73, 0xFD, 0x33, 0xBE, 0x27, 0x3A, 0x23, 0x3E, 0x63, 0x7E, 0x67, 0x39, 0x73, 0x3D, 0x63, 0x3C, 
    0x43, 0xB3, 0x42, 0xB2, 0x46, 0xA6, 0x42, 0xA2, 0x42, 0xA2, 0x47, 0xA7, 0x43, 0xB3, 0x43, 0xA3, 
    0xFF, 0x7F, 0xFF, 0x80, 0xFF, 0xC0, 0xFF, 0x80, 0xFF, 0x00, 0xFF, 0xF7, 0xFF, 0x36, 0xFF, 0x66, 
    0x7F, 0x7F, 0x80, 0x80, 0xC0, 0xC0, 0x80, 0x80, 0x00, 0x00, 0xF7, 0xF7, 0xF6, 0xF6, 0x66, 0x66, 
    0xFF, 0x3F, 0xF0, 0xFE, 0xC2, 0xFE, 0xFE, 0xFE, 0xDF, 0xDF, 0xFF, 0xFF, 0xFF, 0xFF, 0xFF, 0xFF, 
    0x40, 0x80, 0x0F, 0x0F, 0x3D, 0x3D, 0x01, 0x01, 0x20, 0x20, 0x00, 0x00, 0x00, 0x00, 0x00, 0x00, 
    0x3F, 0xFF, 0xDF, 0xDF, 0x7F, 0x7F, 0x3F, 0x3F, 0xFF, 0xFF, 0xFF, 0xFF, 0xFF, 0xFF, 0x9F, 0xBF, 
    0xC0, 0xC0, 0x20, 0x20, 0x80, 0x80, 0xC0, 0xC0, 0x00, 0x00, 0x00, 0x00, 0x00, 0x00, 0x60, 0x60, 
    0xFF, 0xFF, 0x7F, 0x7F, 0xFF, 0xFF, 0xFF, 0xFF, 0xFE, 0xFE, 0xF8, 0xF8, 0xF0, 0xF0, 0xFF, 0xFF, 
    0x00, 0x00, 0x80, 0x80, 0x00, 0x00, 0x00, 0x00, 0x01, 0x01, 0x07, 0x07, 0x0F, 0x0F, 0x00, 0x00, 
    0xFC, 0xFC, 0xFF, 0xFF, 0xFB, 0xFB, 0x31, 0x31, 0x7F, 0x7F, 0x6C, 0x6D, 0x86, 0x86, 0xC0, 0xC0, 
    0x03, 0x03, 0x00, 0x00, 0x04, 0x04, 0xCE, 0xCE, 0x80, 0x80, 0x93, 0x93, 0x79, 0x79, 0x3F, 0x3F, 
    0xFF, 0xFF, 0xFF, 0xFF, 0xFF, 0xFF, 0xFF, 0xFF, 0xFF, 0x13, 0xFF, 0x00, 0xFF, 0x1C, 0x7C, 0x20, 
    0x00, 0x00, 0x00, 0x00, 0x00, 0x00, 0x00, 0x00, 0xEC, 0x00, 0xFF, 0x00, 0xFF, 0x00, 0x74, 0x8B, 
    0xFF, 0xFF, 0xFF, 0xFF, 0xFF, 0xFF, 0xFF, 0xFF, 0xFF, 0xCC, 0xFF, 0x08, 0xFF, 0x3E, 0x3F, 0x32, 
    0x00, 0x00, 0x00, 0x00, 0x00, 0x00, 0x00, 0x00, 0x33, 0x00, 0xD7, 0x20, 0xBF, 0x40, 0x3F, 0xC0, 
    0xFF, 0x07, 0xFF, 0x1C, 0xFE, 0x05, 0xF3, 0x8F, 0xDE, 0x3E, 0x77, 0xF4, 0xBF, 0xA7, 0xF7, 0x97, 
    0x07, 0x07, 0x1C, 0x1C, 0x06, 0x06, 0x90, 0x93, 0x41, 0x5E, 0x0F, 0x70, 0x78, 0xC0, 0xF8, 0x00, 
    0xF9, 0x96, 0xC0, 0xBF, 0x1F, 0xFF, 0xDE, 0xDE, 0xF0, 0x77, 0x89, 0xBF, 0xFB, 0xFF, 0xFB, 0xFF, 
    0x99, 0x99, 0xC0, 0xC0, 0x00, 0x1C, 0x21, 0xE1, 0xCF, 0x0F, 0x76, 0x76, 0x04, 0x04, 0x04, 0x04, 
    0xFF, 0xFF, 0xFF, 0xFF, 0xF8, 0xFF, 0x00, 0xFF, 0x00, 0xC0, 0x03, 0x03, 0x0E, 0x0E, 0x3E, 0xFE, 
    0x00, 0xFF, 0x00, 0xFF, 0x07, 0xFF, 0xFF, 0xFF, 0xFF, 0xFF, 0xFC, 0xFC, 0xF1, 0xF1, 0xC1, 0xC1, 
    0xFE, 0xFF, 0xC0, 0xFF, 0x00, 0xFF, 0x00, 0x00, 0x00, 0x00, 0x60, 0x60, 0x00, 0x00, 0x00, 0x00, 
    0x01, 0xFF, 0x3F, 0xFF, 0xFF, 0xFF, 0xFF, 0xFF, 0xFF, 0xFF, 0x9F, 0x9F, 0xFF, 0xFF, 0xFF, 0xFF, 
    0xF8, 0xF8, 0xF1, 0xF1, 0xFF, 0x7F, 0xFF, 0x7F, 0xFF, 0x7F, 0xFF, 0x00, 0xFF, 0x00, 0xFF, 0x00, 
    0xFF, 0x00, 0xFF, 0x00, 0xFF, 0x00, 0xFF, 0x00, 0xFF, 0x00, 0xFF, 0x00, 0xFE, 0x01, 0x3F, 0xC0, 
    0xF8, 0xF7, 0xF8, 0xE3, 0xF8, 0xC3, 0xF8, 0xC7, 0xF8, 0x87, 0xE0, 0x07, 0xE0, 0x03, 0xF0, 0x03, 
    0xF9, 0x06, 0xF9, 0x06, 0xF1, 0x0E, 0xF1, 0x0E, 0xF3, 0x0C, 0x03, 0xFC, 0x01, 0xFE, 0x01, 0xFE, 
    0x7F, 0x67, 0xFF, 0x3F, 0xFF, 0xFF, 0xFF, 0xFF, 0xE0, 0xE0, 0xEF, 0xEF, 0xFF, 0xFF, 0xFF, 0xFF, 
    0x98, 0x80, 0xC0, 0x00, 0x00, 0x00, 0x00, 0x00, 0x1F, 0x1F, 0x10, 0x10, 0x00, 0x00, 0x00, 0x00, 
    0xFF, 0xFF, 0xFF, 0xFF, 0xFB, 0xFB, 0xCF, 0xCF, 0x3F, 0x3F, 0xFF, 0xFF, 0xFF, 0xFF, 0xFF, 0xFF, 
    0x00, 0x00, 0x00, 0x00, 0x04, 0x04, 0x30, 0x30, 0xC0, 0xC0, 0x00, 0x00, 0x00, 0x00, 0x00, 0x00, 
    0x00, 0x00, 0xF8, 0xF8, 0xC0, 0xC0, 0xE4, 0x24, 0xE2, 0x62, 0x1E, 0x1E, 0xFA, 0xFA, 0xF8, 0xC8, 
    0xFF, 0x00, 0xFF, 0x00, 0xFF, 0x00, 0xFF, 0x00, 0xFF, 0x00, 0xFF, 0x00, 0xFF, 0x00, 0xFF, 0x00, 
    0x00, 0x00, 0x00, 0x00, 0x00, 0x00, 0x00, 0x00, 0x00, 0x00, 0x00, 0x00, 0x00, 0x00, 0x00, 0x00, 
    0xFF, 0x00, 0xFF, 0x00, 0xFF, 0x00, 0xFF, 0x00, 0xFF, 0x00, 0xFF, 0x00, 0xFF, 0x00, 0xFF, 0x00, 
    0xFF, 0xFF, 0xC0, 0xFF, 0x00, 0xFF, 0xFF, 0x00, 0xFF, 0x00, 0xFF, 0x00, 0xFF, 0x00, 0xFF, 0x06, 
    0x00, 0xFF, 0x00, 0xC0, 0x00, 0x00, 0xFF, 0xFF, 0xFF, 0xFF, 0xFF, 0xFF, 0xFC, 0xFC, 0xC7, 0xC7, 
    0xFF, 0xFF, 0x00, 0xFF, 0x00, 0xFF, 0xFF, 0x00, 0xFF, 0x00, 0xFF, 0x00, 0xFF, 0x80, 0xFF, 0x00, 
    0x00, 0xFF, 0x00, 0x00, 0x00, 0x00, 0xFF, 0xFF, 0xFF, 0xFF, 0xFF, 0xFF, 0xFF, 0xFF, 0xFC, 0xFC, 
    0x07, 0x04, 0x00, 0x00, 0x06, 0x06, 0x03, 0x03, 0x0F, 0x0F, 0xFF, 0xF0, 0xFF, 0xC0, 0xFF, 0x00, 
    0xFF, 0x00, 0xFF, 0x00, 0xFF, 0x00, 0xFF, 0x00, 0xFF, 0x00, 0xFF, 0x00, 0xFD, 0x02, 0xFA, 0x05, 
    0xFF, 0x05, 0x61, 0x61, 0x83, 0x83, 0x9F, 0x9F, 0xFF, 0xE0, 0xFF, 0x00, 0xFF, 0x00, 0xFF, 0x00, 
    0xFF, 0x00, 0xFF, 0x00, 0xFF, 0x00, 0xFF, 0x00, 0xFF, 0x00, 0xFF, 0x00, 0xFF, 0x00, 0x7C, 0x83, 
    0x03, 0xF8, 0x03, 0xB8, 0x0F, 0x00, 0xF1, 0xF1, 0xC0, 0xC0, 0xFF, 0x78, 0xFF, 0x00, 0xFF, 0x00, 
    0x01, 0xFE, 0x01, 0xFE, 0x04, 0xFB, 0xFF, 0x00, 0xFF, 0x00, 0xFC, 0x03, 0xF9, 0x06, 0xFF, 0x00, 
    0x80, 0x7D, 0x80, 0x1F, 0xF0, 0x0F, 0xE0, 0xDF, 0xE0, 0xDF, 0xA0, 0x0F, 0xE0, 0x0F, 0xC0, 0x0F, 
    0xA0, 0x5F, 0x09, 0xF6, 0x21, 0xDE, 0xC7, 0x38, 0xEF, 0x10, 0x0F, 0xF0, 0x07, 0xF8, 0x03, 0xFC, 
    0xBF, 0xBF, 0xFF, 0xFF, 0xFF, 0xFF, 0xFF, 0xFB, 0xFF, 0xFB, 0xFF, 0xFF, 0xFF, 0x3F, 0xFA, 0xFA, 
    0xFF, 0x00, 0xFF, 0x00, 0xFF, 0x00, 0xFF, 0x00, 0xFF, 0x00, 0xFF, 0x00, 0x3F, 0xC0, 0xFF, 0x00, 
    0xFF, 0xFE, 0xFF, 0xFE, 0xFF, 0xFF, 0xFF, 0xFF, 0xC7, 0xC7, 0x9F, 0x9E, 0xBF, 0xBF, 0x7F, 0x7F, 
    0xFF, 0x00, 0xFF, 0x00, 0xFF, 0x00, 0xFF, 0x00, 0xFF, 0x00, 0xFF, 0x00, 0xFF, 0x00, 0xFF, 0x00, 
    0xFF, 0x73, 0x7C, 0x24, 0xFC, 0x4C, 0xFE, 0x1E, 0x7F, 0x1F, 0xFC, 0x0C, 0xF8, 0x78, 0x78, 0x78, 
    0x77, 0x88, 0x7F, 0x80, 0xFF, 0x00, 0x1F, 0xE0, 0x3F, 0xC0, 0x7F, 0x80, 0x7F, 0x80, 0x7F, 0x80, 
    0x10, 0x10, 0x00, 0x00, 0x00, 0x00, 0x00, 0x00, 0xE6, 0xE6, 0x71, 0x71, 0x00, 0x00, 0x00, 0x00, 
    0xFF, 0x00, 0xFF, 0x00, 0xFF, 0x00, 0xFF, 0x00, 0xFF, 0x00, 0xFF, 0x00, 0xFF, 0x00, 0xFF, 0x00, 
    0xDC, 0x23, 0x00, 0xFF, 0x00, 0xFF, 0x00, 0xFF, 0x01, 0xFE, 0x00, 0xFF, 0x08, 0xFF, 0x00, 0xFF, 
    0xDC, 0xDC, 0x00, 0x00, 0x00, 0x00, 0x00, 0x00, 0x01, 0x01, 0x00, 0x00, 0x00, 0x08, 0x00, 0x00, 
    0x00, 0xFF, 0x00, 0xFF, 0x00, 0xFF, 0x00, 0xFF, 0x00, 0xFF, 0x00, 0xFF, 0x00, 0xFF, 0x48, 0xFF, 
    0x00, 0x00, 0x00, 0x00, 0x00, 0x00, 0x00, 0x00, 0x00, 0x00, 0x00, 0x00, 0x00, 0x00, 0x00, 0x48, 
    0x18, 0xC5, 0x0F, 0x40, 0xCF, 0x01, 0xFF, 0x07, 0xFF, 0x03, 0x7F, 0x19, 0xBF, 0x09, 0xFF, 0x30, 
    0x10, 0xEF, 0x04, 0xFB, 0x03, 0xFC, 0x9F, 0x60, 0x9F, 0x60, 0x7F, 0x80, 0x1F, 0xE0, 0xBB, 0x44, 
    0x77, 0x00, 0xFF, 0x02, 0xFF, 0xFE, 0xEF, 0xEF, 0xE3, 0xE3, 0xE4, 0xE4, 0xF8, 0xF8, 0x80, 0x80, 
    0x23, 0xDC, 0x3E, 0xC1, 0xFF, 0x00, 0xFF, 0x00, 0xFF, 0x00, 0xFF, 0x00, 0xFF, 0x00, 0xFF, 0x00, 
    0x00, 0xFF, 0x00, 0xFF, 0x00, 0xFF, 0x00, 0xFF, 0x00, 0xFF, 0x00, 0xFF, 0x00, 0xFF, 0x00, 0xFF, 
    0xFE, 0x01, 0xFF, 0x00, 0xFF, 0x00, 0xFF, 0x00, 0xFF, 0x00, 0xFF, 0x00, 0xFF, 0x00, 0xFC, 0x03, 
    0x0F, 0x46, 0x0E, 0xE0, 0x1F, 0xE0, 0x47, 0x83, 0x0F, 0xE2, 0x0F, 0xD0, 0x0F, 0xC3, 0x0E, 0xC8, 
    0x0F, 0xF0, 0x0C, 0xF3, 0x05, 0xFA, 0x87, 0x78, 0x87, 0x78, 0x8F, 0x70, 0xCB, 0x34, 0x0B, 0xF4, 
    0xFF, 0x1F, 0xFF, 0x9F, 0xFF, 0x7F, 0xFB, 0x7B, 0xFF, 0xFF, 0xD9, 0x59, 0xFF, 0xFC, 0xF7, 0x00, 
    0xBF, 0x40, 0xFF, 0x00, 0x7F, 0x80, 0x7F, 0x80, 0xFF, 0x00, 0xFF, 0x00, 0xFF, 0x00, 0x21, 0xDE, 
    0xFF, 0xFF, 0xFF, 0xFF, 0xFF, 0xF7, 0xFF, 0xF7, 0xFF, 0xF1, 0xFF, 0xE0, 0xFF, 0x06, 0xCF, 0x03, 
    0xFF, 0x00, 0xFF, 0x00, 0xFF, 0x00, 0xF7, 0x08, 0xFF, 0x00, 0xF6, 0x09, 0xDF, 0x20, 0x87, 0x78, 
    0xFF, 0x00, 0xFF, 0x00, 0xFF, 0x00, 0xFF, 0x00, 0xFF, 0xFF, 0xFF, 0xFF, 0xFF, 0xFF, 0xFF, 0xFF, 
    0xFF, 0x00, 0xFF, 0x00, 0x58, 0xA7, 0x37, 0xC8, 0xFF, 0x00, 0xFF, 0x00, 0xFF, 0x00, 0xFF, 0x00, 
    0xFF, 0x00, 0xFF, 0x00, 0xEF, 0x00, 0xFF, 0x0F, 0xFF, 0xFF, 0xFF, 0xFF, 0xFF, 0xFF, 0xFF, 0xC3, 
    0xEC, 0x13, 0xE1, 0x1E, 0x00, 0xFF, 0x7F, 0x80, 0xFF, 0x00, 0xFF, 0x00, 0xFF, 0x00, 0xFF, 0x00, 
    0xFF, 0xFF, 0x00, 0x3F, 0xFF, 0xC7, 0xFB, 0x00, 0xF1, 0x00, 0x00, 0x0E, 0x00, 0xCF, 0x80, 0x3C, 
    0x00, 0x00, 0xFF, 0xFF, 0x38, 0x00, 0xC3, 0x3C, 0xC0, 0x3F, 0x00, 0xFF, 0x00, 0xFF, 0x00, 0xFF, 
    0xFF, 0xFF, 0x00, 0xD2, 0xFB, 0x0A, 0x3E, 0x04, 0x33, 0x00, 0x7B, 0x00, 0xFB, 0x00, 0x17, 0x00, 
    0x00, 0x00, 0xFF, 0xFF, 0xF5, 0x04, 0x3E, 0xC1, 0x33, 0xCC, 0x31, 0xCE, 0x73, 0x8C, 0x02, 0xFD, 
    0xFA, 0xFA, 0xF3, 0xF3, 0xFF, 0xFF, 0xFF, 0xFF, 0xFF, 0xDF, 0xFF, 0xEF, 0xFF, 0x4F, 0xFF, 0x47, 
    0xFF, 0x00, 0xFF, 0x00, 0xFF, 0x00, 0xFF, 0x00, 0xFF, 0x00, 0xEF, 0x10, 0xFF, 0x00, 0x7F, 0x80, 
    0xFF, 0xFF, 0xFF, 0xFF, 0xFE, 0xFE, 0xF8, 0xF8, 0xFF, 0xFF, 0xFF, 0xFF, 0xFF, 0xF9, 0xFF, 0x0F, 
    0xFF, 0x00, 0xFF, 0x00, 0xFF, 0x00, 0xFF, 0x00, 0xFF, 0x00, 0xFF, 0x00, 0xFF, 0x00, 0xFF, 0x00, 
    0xFF, 0xCF, 0xFF, 0x7F, 0xFF, 0xFF, 0xFF, 0xFF, 0xEF, 0xEF, 0x67, 0x67, 0xFF, 0xFF, 0xFF, 0xFF, 
    0x30, 0x00, 0x80, 0x00, 0x00, 0x00, 0x00, 0x00, 0x10, 0x10, 0x98, 0x98, 0x00, 0x00, 0x00, 0x00, 
    0xFF, 0xFF, 0xFC, 0xFC, 0xEE, 0xEE, 0xFF, 0xFF, 0xFF, 0xFF, 0xFF, 0xFF, 0xFF, 0xFF, 0xFF, 0xFF, 
    0x00, 0x00, 0x03, 0x03, 0x11, 0x11, 0x00, 0x00, 0x00, 0x00, 0x00, 0x00, 0x00, 0x00, 0x00, 0x00, 
    0xFF, 0xFF, 0xF7, 0xF7, 0xFF, 0xFF, 0x8F, 0x8F, 0x1F, 0x1D, 0x7F, 0x43, 0xFF, 0xE7, 0xFF, 0xCF, 
    0xFF, 0x00, 0xFF, 0x00, 0xFF, 0x00, 0xFF, 0x00, 0xFF, 0x00, 0xFB, 0x04, 0xFF, 0x00, 0xEF, 0x10, 
    0x3F, 0x3F, 0xF9, 0xF9, 0xFE, 0xFE, 0xFE, 0xBE, 0xFE, 0xBE, 0xED, 0x2D, 0xF7, 0x77, 0xE7, 0xE7, 
    0xFF, 0x00, 0xFF, 0x00, 0xFF, 0x00, 0xFF, 0x00, 0xFF, 0x00, 0xFF, 0x00, 0xFF, 0x00, 0xFF, 0x00, 
    0x80, 0xFF, 0xE0, 0xFF, 0xFF, 0xFF, 0xFF, 0xFF, 0xC0, 0xFF, 0x00, 0xFF, 0x00, 0xF0, 0x00, 0x00, 
    0x00, 0x80, 0x00, 0xE0, 0x00, 0xFF, 0x00, 0xFF, 0x3F, 0xFF, 0xFF, 0xFF, 0xFF, 0xFF, 0xFF, 0xFF, 
    0x1F, 0xE0, 0x03, 0xFF, 0xFF, 0xFF, 0xE3, 0xFF, 0x00, 0xFF, 0x00, 0xC0, 0x00, 0x00, 0x01, 0x01, 
    0x1F, 0x1F, 0x00, 0x03, 0x00, 0xFF, 0x1C, 0xFF, 0xFF, 0xFF, 0xFF, 0xFF, 0xFF, 0xFF, 0xFE, 0xFE, 
    0x0F, 0x01, 0x7F, 0x03, 0xB7, 0x01, 0x0E, 0x20, 0x7F, 0x0F, 0xFF, 0x00, 0xFF, 0x3E, 0xF7, 0xF4, 
    0x07, 0xF8, 0x3F, 0xC0, 0x03, 0xFC, 0x07, 0xF8, 0x7F, 0x80, 0x7F, 0x80, 0xFF, 0x00, 0xFE, 0x01, 
    0xF8, 0x98, 0xE9, 0xA9, 0xCF, 0xCF, 0x3F, 0x3E, 0xFF, 0xE0, 0xFF, 0x83, 0xF7, 0x03, 0xFB, 0x00, 
    0xFF, 0x00, 0xFF, 0x00, 0xFF, 0x00, 0xFF, 0x00, 0xF9, 0x06, 0xC7, 0x38, 0x67, 0x98, 0x50, 0xAF, 
    0xFF, 0x0D, 0xEE, 0x04, 0x9D, 0x9D, 0x03, 0x03, 0x1C, 0x1C, 0x08, 0x08, 0x00, 0x00, 0x00, 0x00, 
    0x3F, 0xC0, 0x67, 0x98, 0xFF, 0x00, 0xFF, 0x00, 0xFF, 0x00, 0xFF, 0x00, 0xFF, 0x00, 0xFF, 0x00, 
    0x8F, 0x8F, 0x03, 0x03, 0xE8, 0xE8, 0xE0, 0x60, 0x80, 0x80, 0x00, 0x00, 0x00, 0x00, 0x00, 0x00, 
    0xFF, 0x00, 0xFF, 0x00, 0xFF, 0x00, 0xFF, 0x00, 0xFF, 0x00, 0xFF, 0x00, 0xFF, 0x00, 0xFF, 0x00, 
    0x9F, 0x9F, 0xBF, 0xBF, 0xFF, 0xFF, 0xCF, 0xCF, 0xDF, 0xDF, 0x3F, 0x3F, 0xCB, 0xCB, 0xF1, 0xF1, 
    0xFF, 0x00, 0xFF, 0x00, 0xFF, 0x00, 0xFF, 0x00, 0xFF, 0x00, 0xFF, 0x00, 0xFF, 0x00, 0xFF, 0x00, 
    0xF6, 0xF6, 0xFF, 0xFF, 0xFF, 0xFF, 0xFF, 0xFF, 0xFF, 0x7F, 0xDF, 0xDF, 0xBF, 0xBC, 0xFF, 0xFF, 
    0xFF, 0x00, 0xFF, 0x00, 0xFF, 0x00, 0xFF, 0x00, 0xFF, 0x00, 0xFF, 0x00, 0xFC, 0x03, 0xFF, 0x00, 
    0xFF, 0x00, 0xFF, 0x00, 0xFF, 0x00, 0xFF, 0x00, 0xFF, 0x00, 0xFF, 0xF4, 0xFF, 0x01, 0xFF, 0xA7, 
    0x00, 0x00, 0x00, 0x00, 0x00, 0x00, 0x00, 0x00, 0x00, 0x00, 0xF4, 0xF4, 0x01, 0x01, 0xA7, 0xA7, 
    0xFF, 0x00, 0xFF, 0x33, 0xFF, 0x35, 0xFF, 0x3F, 0xFF, 0x18, 0xFC, 0x23, 0xF1, 0x2F, 0xDD, 0x3C, 
    0x00, 0x00, 0x33, 0x33, 0x35, 0x35, 0x3F, 0x3F, 0x19, 0x19, 0x24, 0x24, 0x30, 0x31, 0xC3, 0xDC, 
    0x00, 0x00, 0x00, 0x00, 0x01, 0x01, 0xFF, 0xFF, 0xFF, 0xFF, 0xFF, 0x00, 0xFF, 0x00, 0xFF, 0x00, 
    0xFF, 0x00, 0xFF, 0x00, 0xFF, 0x00, 0xFF, 0x00, 0xFF, 0x00, 0xFF, 0x00, 0xFF, 0x00, 0xFF, 0x00, 
    0x00, 0x00, 0x06, 0x06, 0xFF, 0xFF, 0xFF, 0xFF, 0xFF, 0xFF, 0xFF, 0x00, 0xFF, 0x00, 0xFF, 0x00, 
    0xFF, 0x00, 0xFF, 0x00, 0xFF, 0x00, 0xFF, 0x00, 0xFF, 0x00, 0xFF, 0x00, 0xFF, 0x00, 0xFF, 0x00, 
    0x00, 0x80, 0xC1, 0x41, 0x6E, 0x6E, 0x6F, 0x6F, 0xBF, 0xBB, 0xFF, 0x30, 0xFF, 0xBC, 0xFF, 0xFC, 
    0xFF, 0xFF, 0xFF, 0x00, 0xFF, 0x00, 0xFF, 0x00, 0xFF, 0x00, 0xFB, 0x04, 0xFE, 0x01, 0xFF, 0x00, 
    0x13, 0x13, 0xFD, 0xC4, 0xFB, 0xFA, 0xFF, 0x7F, 0xFC, 0x3C, 0xF9, 0x39, 0xD9, 0x58, 0xC9, 0x49, 
    0xEC, 0xCC, 0xFF, 0x00, 0xFF, 0x00, 0xFF, 0x00, 0xFF, 0x00, 0xFF, 0x00, 0xFF, 0x00, 0xFF, 0x00, 
    0x9F, 0x9F, 0xFF, 0xFF, 0xFF, 0xFF, 0xFF, 0xFF, 0xCF, 0xCF, 0x0F, 0x0F, 0xFF, 0xFF, 0xFF, 0xFF, 
    0x60, 0x60, 0x00, 0x00, 0x00, 0x00, 0x00, 0x00, 0x30, 0x30, 0xF0, 0xF0, 0x00, 0x00, 0x00, 0x00, 
    0xFF, 0xFF, 0xF1, 0xF1, 0xEE, 0xEE, 0xFF, 0xFF, 0xFF, 0xFF, 0xFF, 0xFF, 0xFF, 0xFF, 0xFF, 0xFF, 
    0x00, 0x00, 0x0E, 0x0E, 0x11, 0x11, 0x00, 0x00, 0x00, 0x00, 0x00, 0x00, 0x00, 0x00, 0x00, 0x00, 
    0x00, 0x00, 0x00, 0x00, 0x00, 0x00, 0x00, 0x00, 0x00, 0x00, 0xC6, 0xC6, 0x40, 0x40, 0x40, 0x40, 
    0xFF, 0xFF, 0xFF, 0xFF, 0xFF, 0xFF, 0xFF, 0xFF, 0xFF, 0xEC, 0x39, 0xEF, 0xBF, 0xFF, 0xBF, 0xFF, 
    0x00, 0x00, 0x00, 0x00, 0x0E, 0x0E, 0x08, 0x08, 0x00, 0x00, 0x00, 0x00, 0x00, 0x00, 0x00, 0x00, 
    0xFF, 0xF8, 0xFF, 0xF3, 0xF1, 0xCF, 0xF7, 0xCF, 0xFF, 0xF7, 0xFF, 0xBF, 0xFF, 0xFF, 0xFF, 0xFF, 
    0xFF, 0xFF, 0xF7, 0x97, 0xFF, 0x80, 0xFF, 0xC3, 0xFF, 0x60, 0xFF, 0x00, 0xFE, 0x00, 0x30, 0x80, 
    0xFF, 0x00, 0xFF, 0x00, 0xDF, 0x20, 0xFF, 0x00, 0xFF, 0x00, 0xCE, 0x31, 0x5E, 0xA1, 0x00, 0xFF, 
    0xFF, 0xFF, 0xFF, 0xC0, 0xFF, 0x00, 0xFF, 0xFF, 0xFF, 0xE0, 0xF0, 0x20, 0x70, 0x00, 0x40, 0x00, 
    0xFF, 0x00, 0xFF, 0x00, 0xFF, 0x00, 0xFF, 0x00, 0xF7, 0x08, 0x70, 0x8F, 0x10, 0xEF, 0x00, 0xFF, 
    0x00, 0x00, 0x00, 0x00, 0x00, 0x00, 0x00, 0x00, 0x00, 0x00, 0x00, 0x00, 0x00, 0x00, 0x00, 0x00, 
    0xFF, 0x00, 0xFF, 0x00, 0xFF, 0x00, 0xFF, 0x00, 0xFF, 0x00, 0xFF, 0x00, 0xFF, 0x00, 0xFF, 0x00, 
    0x00, 0x00, 0x02, 0x02, 0x00, 0x00, 0x00, 0x00, 0x40, 0x40, 0x00, 0x00, 0x00, 0x00, 0x00, 0x00, 
    0xFF, 0x00, 0xFF, 0x00, 0xFF, 0x00, 0xFF, 0x00, 0xFF, 0x00, 0xFF, 0x00, 0xFF, 0x00, 0xFF, 0x00, 
    0x00, 0xFF, 0x00, 0xFF, 0x00, 0xFF, 0x00, 0xFF, 0x00, 0xFF, 0x00, 0xFF, 0x00, 0xFF, 0x00, 0xFF, 
    0xFF, 0x00, 0xFF, 0x00, 0xFF, 0x00, 0xFF, 0x00, 0xFF, 0x00, 0xFF, 0x00, 0xFF, 0x00, 0xFF, 0x00, 
    0x00, 0xE0, 0x00, 0xE0, 0x00, 0xE0, 0x00, 0xC0, 0x00, 0xE7, 0x00, 0xFF, 0x00, 0xFF, 0x00, 0xFF, 
    0xC0, 0x3F, 0xC0, 0x3F, 0x80, 0x7F, 0x80, 0x7F, 0x80, 0x7F, 0xC0, 0x3F, 0xFF, 0x00, 0xFF, 0x00, 
    0xFF, 0x00, 0xFF, 0x00, 0xFF, 0x00, 0xFF, 0x00, 0xFF, 0x00, 0xFF, 0x00, 0xFF, 0x00, 0xFF, 0x00, 
    0x00, 0x00, 0x00, 0x00, 0x00, 0x00, 0x00, 0x00, 0x00, 0x00, 0x00, 0x00, 0x00, 0x00, 0x00, 0x00, 
    0xFF, 0x00, 0xFF, 0x00, 0xFF, 0x00, 0xFF, 0x02, 0xFF, 0x06, 0xFF, 0x04, 0xFF, 0x0F, 0xF8, 0xC7, 
    0x00, 0x00, 0x00, 0x00, 0x00, 0x00, 0x02, 0x02, 0x06, 0x06, 0x04, 0x04, 0x0F, 0x0F, 0xF8, 0xF8, 
    0x46, 0x46, 0xC1, 0xC1, 0x03, 0x03, 0xFF, 0xEF, 0xFF, 0xC0, 0xFF, 0x00, 0xFF, 0x00, 0xFF, 0x00, 
    0xFF, 0x00, 0xFF, 0x00, 0xFF, 0x00, 0xFF, 0x00, 0xFF, 0x00, 0xFF, 0x00, 0xFF, 0x00, 0xFF, 0x00, 
    0x1F, 0x18, 0xFF, 0xD0, 0xFF, 0xC1, 0xFF, 0xC9, 0xFF, 0x00, 0xFF, 0x00, 0xFF, 0x00, 0xFF, 0x00, 
    0xFF, 0x00, 0xFF, 0x00, 0xFF, 0x00, 0xFF, 0x00, 0xFF, 0x00, 0xFF, 0x00, 0xFF, 0x00, 0xFF, 0x00, 
    0xFF, 0x00, 0xFF, 0x00, 0xFF, 0x1B, 0xFF, 0x03, 0xFF, 0x1A, 0xFF, 0xC0, 0xE3, 0x1F, 0x60, 0xF1, 
    0x00, 0x00, 0x00, 0x00, 0x1B, 0x1B, 0x03, 0x03, 0x1F, 0x1F, 0xFF, 0xFF, 0xE0, 0xE3, 0x1F, 0x7F, 
    0xFF, 0x00, 0xFF, 0x00, 0xFF, 0x80, 0xFF, 0x78, 0xFF, 0x00, 0x8F, 0x7F, 0x83, 0x9F, 0x3F, 0xFF, 
    0x00, 0x00, 0x00, 0x00, 0x80, 0x80, 0x7F, 0x7F, 0xFF, 0xFF, 0x80, 0x8F, 0x7C, 0xFF, 0xC0, 0xFF, 
    0xFF, 0xFF, 0xFF, 0xFF, 0x1F, 0xFF, 0x11, 0xFF, 0x9D, 0xFF, 0x0D, 0xFF, 0x67, 0xFF, 0x07, 0xFF, 
    0x00, 0xFF, 0x00, 0xFF, 0xE0, 0xFF, 0xEE, 0xFF, 0x62, 0xFF, 0xF2, 0xFF, 0x98, 0xFF, 0xF8, 0xFF, 
    0xFF, 0xFF, 0xFF, 0xFF, 0xFF, 0xFF, 0xFF, 0xFF, 0xFF, 0xFF, 0xFF, 0xFF, 0xFF, 0xFF, 0xF8, 0xFF, 
    0x00, 0xFF, 0x00, 0xFF, 0x00, 0xFF, 0x00, 0xFF, 0x00, 0xFF, 0x00, 0xFF, 0x00, 0xFF, 0x01, 0xF9, 
    0x7F, 0xBF, 0x7F, 0xBF, 0x7F, 0x9F, 0x3F, 0x8F, 0x3F, 0x83, 0x1F, 0x80, 0x0F, 0x80, 0x3F, 0xC2, 
    0x40, 0x80, 0x40, 0x80, 0x20, 0xC0, 0x30, 0xC0, 0x06, 0xF8, 0x03, 0xFC, 0x01, 0xFE, 0x07, 0xF8, 
    0xF0, 0xF0, 0xFB, 0xFB, 0xFF, 0xFF, 0xFF, 0xFF, 0xFF, 0xFF, 0xFF, 0xFF, 0xFF, 0x00, 0xFF, 0x7E, 
    0x0F, 0x0F, 0x04, 0x04, 0x00, 0x00, 0x00, 0x00, 0x00, 0x00, 0x00, 0x00, 0xFF, 0x00, 0xFF, 0x00, 
    0xFF, 0x00, 0xFF, 0x00, 0xFF, 0x00, 0xFF, 0x00, 0xFF, 0x00, 0xFF, 0x03, 0xFF, 0x1F, 0xFF, 0x00, 
    0x00, 0x00, 0x00, 0x00, 0x00, 0x00, 0x00, 0x00, 0x00, 0x00, 0x03, 0x03, 0x1F, 0x1F, 0x00, 0x00, 
    0xFF, 0x00, 0xFF, 0x00, 0xFF, 0x00, 0xFF, 0x00, 0xFF, 0x00, 0xFF, 0xE4, 0xFF, 0xE6, 0xFF, 0x1F, 
    0x00, 0x00, 0x00, 0x00, 0x00, 0x00, 0x00, 0x00, 0x00, 0x00, 0xE4, 0xE4, 0xE6, 0xE6, 0x1F, 0x1F, 
    0x7F, 0x7F, 0xFF, 0xFF, 0xFF, 0xFF, 0xFF, 0xFF, 0xFF, 0xFF, 0xFF, 0xFF, 0xFF, 0xFF, 0xFF, 0xFF, 
    0x80, 0x80, 0x00, 0x00, 0x00, 0x00, 0x00, 0x00, 0x00, 0x00, 0x00, 0x00, 0x00, 0x00, 0x00, 0x00, 
    0xFF, 0xFF, 0xFF, 0xFF, 0xFF, 0xFF, 0xFF, 0xFF, 0xFF, 0xFF, 0xFF, 0xFF, 0xFF, 0xFF, 0xFC, 0xFC, 
    0x00, 0x00, 0x00, 0x00, 0x00, 0x00, 0x00, 0x00, 0x00, 0x00, 0x00, 0x00, 0x00, 0x00, 0x03, 0x03, 
    0xFF, 0xFF, 0xFC, 0xFF, 0xF8, 0xFF, 0xE0, 0xFF, 0x80, 0xFF, 0x00, 0xFF, 0x00, 0xFF, 0x00, 0xFF, 
    0x00, 0xFF, 0x03, 0xFF, 0x07, 0xFF, 0x1F, 0xFF, 0x7F, 0xFF, 0xFF, 0xFF, 0xFF, 0xFF, 0xFF, 0xFF, 
    0x03, 0xFF, 0x00, 0xFF, 0x00, 0xFF, 0x00, 0xFF, 0x00, 0xFF, 0x00, 0xFF, 0x00, 0xFF, 0x00, 0xFF, 
    0xFC, 0xFF, 0xFF, 0xFF, 0xFF, 0xFF, 0xFF, 0xFF, 0xFF, 0xFF, 0xFF, 0xFF, 0xFF, 0xFF, 0xFF, 0xFF, 
    0xFF, 0xFF, 0x00, 0xFF, 0x00, 0xFF, 0xFF, 0x00, 0xFF, 0x00, 0xFF, 0x00, 0xFF, 0x00, 0xFF, 0xC0, 
    0x00, 0xFF, 0x00, 0x00, 0x00, 0x00, 0xFF, 0xFF, 0xFF, 0xFF, 0xFF, 0xFF, 0xFF, 0xFF, 0xCF, 0xCF, 
    0xFF, 0xFF, 0x00, 0xFF, 0x00, 0xFF, 0xFF, 0x00, 0xFF, 0x00, 0xFF, 0x00, 0xFF, 0x00, 0xFF, 0x00, 
    0x00, 0xFF, 0x00, 0x00, 0x00, 0x00, 0xFF, 0xFF, 0xFF, 0xFF, 0xFF, 0xFF, 0xFF, 0xFF, 0xFF, 0xFF, 
    0xFF, 0xFF, 0xFF, 0xFF, 0x79, 0x7D, 0xFE, 0xFE, 0xE0, 0xE0, 0x80, 0x80, 0x00, 0x00, 0x00, 0x00, 
    0x00, 0x00, 0x00, 0x00, 0x86, 0x86, 0x01, 0x01, 0x1F, 0x1F, 0x7F, 0x7F, 0xFF, 0xFE, 0xFF, 0xFF, 
    0xFE, 0xFE, 0xF0, 0xF0, 0xC0, 0xC0, 0x00, 0x00, 0x00, 0x00, 0x00, 0x00, 0x00, 0x00, 0x00, 0x00, 
    0x01, 0x01, 0x0F, 0x0F, 0x3F, 0x3F, 0xFF, 0xFF, 0xFF, 0xFF, 0xFF, 0xFF, 0xFF, 0xFF, 0xFF, 0xFF, 
    0xC0, 0x3F, 0x40, 0x3F, 0x40, 0x1F, 0x40, 0x17, 0xC0, 0x11, 0x40, 0x1B, 0xC0, 0x1F, 0x80, 0x07, 
    0x15, 0xEA, 0x43, 0xBC, 0x07, 0xF8, 0x01, 0xFE, 0x40, 0xBF, 0x40, 0xBF, 0x00, 0xFF, 0x83, 0x7C, 
    0x00, 0xFF, 0x00, 0xFF, 0x00, 0xFF, 0x00, 0xFF, 0x00, 0xFF, 0x00, 0xFF, 0x00, 0xFF, 0x00, 0xFF, 
    0xFF, 0x00, 0xFF, 0x00, 0xFF, 0x00, 0xFF, 0x00, 0x7F, 0x80, 0x3F, 0xC0, 0xFF, 0x00, 0xFF, 0x00, 
    0xFF, 0xFF, 0xFF, 0xFD, 0x93, 0x00, 0xFD, 0x09, 0xC0, 0x40, 0x3F, 0x00, 0xFF, 0x00, 0xF6, 0x00, 
    0xFF, 0x00, 0xFF, 0x00, 0x03, 0xFC, 0x5E, 0xA1, 0x7F, 0x83, 0x06, 0xF9, 0x9C, 0x63, 0x26, 0xD9, 
    0xFF, 0xFF, 0xFF, 0xFE, 0xFF, 0x74, 0x5C, 0x00, 0xA7, 0xA0, 0xCC, 0x00, 0xFF, 0x00, 0xF9, 0x04, 
    0xFF, 0x00, 0xFF, 0x00, 0xFF, 0x00, 0xC0, 0xBF, 0x60, 0x9F, 0x80, 0x7F, 0xFF, 0x00, 0x00, 0xFF, 
    0xFF, 0x80, 0xFF, 0x73, 0xFF, 0x00, 0xFF, 0xFF, 0xFF, 0x18, 0xFF, 0x1A, 0xFF, 0x00, 0xFF, 0x00, 
    0x80, 0x80, 0x73, 0x73, 0xFF, 0xFF, 0xFF, 0xFF, 0x18, 0x18, 0x1A, 0x1A, 0x00, 0x00, 0x00, 0x00, 
    0xFF, 0x80, 0xFF, 0xAF, 0xFF, 0x00, 0xBF, 0x55, 0xFF, 0xE0, 0xFF, 0x09, 0xFF, 0x00, 0xFF, 0x00, 
    0x80, 0x80, 0xAF, 0xAF, 0xFF, 0xFF, 0xBF, 0xBF, 0xE0, 0xE0, 0x09, 0x09, 0x00, 0x00, 0x00, 0x00, 
    0x3E, 0x39, 0x7C, 0x61, 0xFC, 0x00, 0xFF, 0x80, 0xFF, 0x01, 0xF0, 0xF0, 0x00, 0x00, 0xFF, 0xFF, 
    0xFC, 0x03, 0xFC, 0x03, 0xB0, 0x4F, 0x80, 0x7F, 0xDF, 0x20, 0xFF, 0x00, 0xFF, 0xFF, 0x00, 0xFF, 
    0x3F, 0x10, 0x67, 0x01, 0x7F, 0x20, 0xFF, 0x3A, 0x7F, 0x7A, 0x00, 0x00, 0x40, 0xE3, 0xFF, 0xFF, 
    0x3F, 0xC0, 0x67, 0x98, 0x33, 0xCC, 0x7E, 0x81, 0xFF, 0x00, 0xFF, 0x39, 0xBF, 0xFF, 0x00, 0xFF, 
    0x00, 0xFF, 0x00, 0xFF, 0x00, 0xFF, 0x00, 0xFF, 0x00, 0xFF, 0x00, 0xFF, 0x00, 0xFF, 0x00, 0xFF, 
    0xCF, 0x30, 0xFF, 0x00, 0xFF, 0x00, 0xFD, 0x02, 0xFF, 0x00, 0xFD, 0x02, 0xFE, 0x01, 0xFE, 0x01, 
    0x00, 0xFF, 0x00, 0xFF, 0x00, 0xFF, 0x00, 0xFF, 0x00, 0xFF, 0x00, 0xFF, 0x00, 0xFF, 0x00, 0xFF, 
    0x00, 0xFF, 0xEF, 0x10, 0xFE, 0x01, 0xFF, 0x00, 0xFE, 0x01, 0xD2, 0x2D, 0x41, 0xBE, 0x20, 0xDF, 
    0x00, 0x7F, 0x00, 0xFF, 0x00, 0xFF, 0x00, 0x6F, 0x80, 0x7F, 0x00, 0x7F, 0x00, 0x7F, 0x00, 0x7B, 
    0x7F, 0x80, 0x7E, 0x81, 0xEF, 0x10, 0x4F, 0xB0, 0x04, 0xFB, 0x7C, 0x83, 0x3A, 0xC5, 0x00, 0xFF, 
    0x00, 0xFF, 0x00, 0xF4, 0x00, 0xF8, 0x00, 0xFF, 0x00, 0xFF, 0x00, 0xFE, 0x00, 0xFF, 0x00, 0x7F, 
    0xE4, 0x1B, 0x00, 0xFF, 0x10, 0xEF, 0x78, 0x87, 0x24, 0xDB, 0x24, 0xDB, 0x1E, 0xE1, 0x0C, 0xF3, 
    0xFA, 0xBA, 0xFF, 0xF9, 0xFF, 0x3F, 0xFF, 0x4F, 0xFF, 0xEE, 0xFF, 0x7F, 0xFF, 0xF7, 0x7F, 0x77, 
    0xFF, 0x00, 0xFF, 0x00, 0x7F, 0x80, 0xEF, 0x10, 0xFF, 0x00, 0xFF, 0x00, 0xFF, 0x00, 0xFF, 0x00, 
    0x7F, 0x7C, 0x7F, 0x4E, 0xFF, 0xDF, 0xFF, 0xFF, 0xFF, 0xFF, 0xEF, 0xAF, 0xFF, 0xFC, 0xFF, 0xFE, 
    0xFE, 0x01, 0xDF, 0x20, 0xFF, 0x00, 0xFF, 0x00, 0xFF, 0x00, 0xFF, 0x00, 0xFF, 0x00, 0xFF, 0x00, 
    0xFF, 0xFF, 0xFF, 0xFF, 0xFF, 0xFF, 0xFF, 0xFF, 0xFF, 0xFF, 0xFE, 0xFE, 0xC0, 0xC0, 0x80, 0x80, 
    0x00, 0x00, 0x00, 0x00, 0x00, 0x00, 0x00, 0x00, 0x00, 0x00, 0x01, 0x01, 0x3F, 0x3F, 0x7F, 0x7F, 
    0xFC, 0xFC, 0xE0, 0xE0, 0xFC, 0xFC, 0x02, 0x42, 0x80, 0x80, 0x00, 0x00, 0x00, 0x00, 0x00, 0x00, 
    0x03, 0x03, 0x1F, 0x1F, 0x03, 0x03, 0xFD, 0xFD, 0x7F, 0x7F, 0xFF, 0xFF, 0xFF, 0xFF, 0xFF, 0xFF, 
    0x0C, 0xFF, 0x00, 0xFF, 0x00, 0xFF, 0x00, 0xFF, 0x00, 0xFF, 0x00, 0xFF, 0x00, 0xFF, 0x00, 0xFF, 
    0xF3, 0xFF, 0xFF, 0xFF, 0xFF, 0xFF, 0xFF, 0xFF, 0xFF, 0xFF, 0xFF, 0xFF, 0xFF, 0xFF, 0xFF, 0xFF, 
    0x00, 0xFF, 0x00, 0xFF, 0x00, 0xFF, 0x00, 0xFF, 0x00, 0xFF, 0x00, 0xFF, 0x00, 0xFF, 0x00, 0xFF, 
    0xFF, 0xFF, 0xFF, 0xFF, 0xFF, 0xFF, 0xFF, 0xFF, 0xFF, 0xFF, 0xFF, 0xFF, 0xFF, 0xFF, 0xFF, 0xFF, 
    0xFF, 0x00, 0xFF, 0x00, 0xFF, 0x00, 0xFF, 0x00, 0xFF, 0x00, 0xFF, 0x00, 0xFF, 0x00, 0xFF, 0x00, 
    0x00, 0x00, 0x00, 0x00, 0x00, 0x00, 0x00, 0x00, 0x00, 0x00, 0x00, 0x00, 0x00, 0x00, 0x00, 0x00, 
    0xFF, 0x00, 0xFF, 0x00, 0xFF, 0x00, 0xFF, 0x00, 0xFF, 0x00, 0xFF, 0x00, 0xFF, 0x00, 0xFF, 0x00, 
    0x00, 0x00, 0x00, 0x00, 0x00, 0x00, 0x00, 0x00, 0x00, 0x00, 0x00, 0x00, 0x00, 0x00, 0x00, 0x00, 
    0xFF, 0x06, 0xFF, 0x1C, 0xFE, 0x05, 0xF7, 0x0F, 0xDD, 0x3D, 0x67, 0xE1, 0xBC, 0xA4, 0xF0, 0x91, 
    0x06, 0x06, 0x1C, 0x1C, 0x06, 0x06, 0x10, 0x17, 0x42, 0x5E, 0x1E, 0x70, 0x5B, 0xC3, 0x6F, 0x0F, 
    0xF0, 0x2F, 0x81, 0x7F, 0x30, 0xF0, 0xB1, 0xB7, 0xC0, 0xDF, 0x00, 0x3F, 0x0F, 0x7F, 0x7F, 0xFF, 
    0x30, 0x30, 0x80, 0x81, 0x0F, 0x3F, 0x4E, 0xCF, 0xBF, 0x3F, 0xFF, 0xFF, 0xF0, 0xFF, 0x80, 0xFF, 
    0x10, 0x10, 0x1F, 0x1F, 0x3F, 0x3F, 0x67, 0xE7, 0x00, 0x00, 0x00, 0x00, 0x00, 0x00, 0x00, 0x00, 
    0xEF, 0xEF, 0xE0, 0xE0, 0xC0, 0xC0, 0x98, 0x98, 0xFF, 0xFF, 0xFF, 0xFF, 0xFF, 0xFF, 0xFF, 0xFF, 
    0x7E, 0x7E, 0x8C, 0x8C, 0x00, 0x00, 0x00, 0x00, 0x00, 0x00, 0x00, 0x00, 0x00, 0x00, 0x0E, 0x0E, 
    0x81, 0x81, 0x73, 0x73, 0xFF, 0xFF, 0xFF, 0xFF, 0xFF, 0xFF, 0xFF, 0xFF, 0xFF, 0xFF, 0xF1, 0xFF, 
    0xFF, 0xFF, 0xFF, 0xFF, 0xFF, 0xFF, 0xFB, 0xFB, 0xFF, 0xFF, 0x3F, 0x3F, 0xFF, 0xFF, 0xFF, 0xFF, 
    0x00, 0x00, 0x00, 0x00, 0x00, 0x00, 0x04, 0x04, 0x00, 0x00, 0xC0, 0xC0, 0x00, 0x00, 0x00, 0x00, 
    0xFF, 0xFF, 0xFF, 0xFF, 0xFF, 0xFF, 0xFF, 0xFF, 0xFF, 0xFF, 0xFF, 0xFF, 0x7F, 0x7F, 0x3F, 0x3F, 
    0x00, 0x00, 0x00, 0x00, 0x00, 0x00, 0x00, 0x00, 0x00, 0x00, 0x00, 0x00, 0x80, 0x80, 0xC0, 0xC0, 
    0xFC, 0x00, 0xFB, 0x00, 0xFF, 0x03, 0xFF, 0xFF, 0xFF, 0xFF, 0xF7, 0xF7, 0xFF, 0xFF, 0xFF, 0xEF, 
    0x18, 0xE7, 0x01, 0xFE, 0x1F, 0xE0, 0xFF, 0x00, 0xFF, 0x00, 0xFF, 0x00, 0xFF, 0x00, 0xFF, 0x00, 
    0x9F, 0x00, 0xFF, 0x3F, 0xFF, 0xFF, 0xFF, 0xFF, 0xE1, 0xE1, 0x63, 0x63, 0xE3, 0xE3, 0xCB, 0xCB, 
    0x1B, 0xE4, 0xFF, 0x00, 0xFF, 0x00, 0xFF, 0x00, 0xFF, 0x00, 0xFF, 0x00, 0xFF, 0x00, 0xFF, 0x00, 
    0x00, 0x7F, 0x00, 0x7F, 0x00, 0xFF, 0x00, 0xFF, 0x00, 0xFF, 0x00, 0xFF, 0x00, 0xFF, 0x00, 0xFF, 
    0x7D, 0x82, 0x7D, 0x82, 0x7D, 0x82, 0x7D, 0x82, 0x7D, 0x82, 0x7F, 0x80, 0x7F, 0x80, 0x7E, 0x81, 
    0x0F, 0xF0, 0x0F, 0xF0, 0x0F, 0xF0, 0x0F, 0xF0, 0x07, 0xF1, 0x0F, 0xF0, 0x07, 0xF0, 0x07, 0xF3, 
    0xC0, 0x3F, 0xC5, 0x3A, 0xC5, 0x3A, 0xC3, 0x3C, 0xC7, 0x38, 0xE7, 0x18, 0xC7, 0x38, 0xC7, 0x38, 
    0x03, 0xFC, 0x02, 0xFC, 0x00, 0xFF, 0x03, 0xF8, 0x04, 0xF9, 0x00, 0xF9, 0x00, 0xF2, 0x09, 0xF6, 
    0xFE, 0x01, 0x9C, 0x63, 0x1E, 0xE1, 0x3B, 0xC4, 0x78, 0x87, 0xB0, 0x4F, 0x10, 0xEF, 0x02, 0xFD, 
    0x1F, 0xC8, 0x2F, 0xCC, 0x7F, 0x1E, 0x5E, 0x01, 0xCE, 0x31, 0x4E, 0x2C, 0x1F, 0xCC, 0x0C, 0x6C, 
    0x1D, 0xE2, 0xB7, 0x40, 0x67, 0x80, 0x4C, 0xB3, 0x44, 0xBB, 0x0E, 0xF1, 0x0C, 0xF3, 0x0C, 0xF3, 
    0x00, 0x00, 0x20, 0x20, 0xF0, 0xF0, 0xC7, 0x47, 0x8E, 0x8E, 0x7F, 0x7F, 0xFF, 0xF0, 0xFF, 0x00, 
    0xFF, 0x00, 0xFF, 0x00, 0xFF, 0x00, 0xFE, 0x00, 0xFF, 0x00, 0xE7, 0x00, 0xFF, 0x00, 0xFF, 0x00, 
    0x00, 0x00, 0xC7, 0xC7, 0xFE, 0xFE, 0xF9, 0xF9, 0x1F, 0x1E, 0xFF, 0xF0, 0xFF, 0x20, 0xFF, 0x00, 
    0xFF, 0x00, 0xFF, 0x00, 0x87, 0x00, 0x3F, 0x00, 0xFF, 0x00, 0xDF, 0x00, 0xDF, 0x00, 0xFF, 0x00, 
    0x0F, 0x0F, 0xFF, 0xFF, 0xFF, 0xFF, 0x00, 0xFF, 0x00, 0xFF, 0x00, 0xFF, 0xFF, 0x04, 0xFF, 0x00, 
    0xF0, 0xFF, 0x00, 0xFF, 0x00, 0xFF, 0x00, 0x00, 0x00, 0x00, 0x00, 0x00, 0xFF, 0xFF, 0x00, 0x00, 
    0xE9, 0xE9, 0xFF, 0xFF, 0xFF, 0xFF, 0x00, 0xFF, 0x00, 0xFF, 0x00, 0xFF, 0xFF, 0x04, 0xFF, 0x00, 
    0x16, 0xFF, 0x00, 0xFF, 0x00, 0xFF, 0x00, 0x00, 0x00, 0x00, 0x00, 0x00, 0xFF, 0xFF, 0x00, 0x00, 
    0xFF, 0xC0, 0xFC, 0x03, 0x38, 0xF8, 0x00, 0x07, 0x20, 0xFF, 0x00, 0xFF, 0x03, 0xFF, 0xFF, 0xFF, 
    0xFF, 0xFF, 0xFC, 0xFC, 0x07, 0x3F, 0xFF, 0xFF, 0xDF, 0xFF, 0xFF, 0xFF, 0xFC, 0xFF, 0x00, 0xFF, 
    0x8D, 0x7D, 0xCC, 0xCF, 0xC6, 0xFF, 0x80, 0xFF, 0x01, 0xFF, 0x3F, 0xFF, 0xFF, 0xFF, 0xFF, 0xFF, 
    0x82, 0x8E, 0x33, 0xF3, 0x39, 0x3F, 0x7F, 0xFF, 0xFE, 0xFF, 0xC0, 0xFF, 0x00, 0xFF, 0x00, 0xFF, 
    0xFF, 0x7F, 0xFF, 0xFF, 0xFF, 0xFF, 0xFF, 0x33, 0xFF, 0x78, 0xFF, 0x83, 0xFF, 0x0F, 0xFF, 0x7F, 
    0xFF, 0x00, 0xFF, 0x00, 0xFF, 0x00, 0xBF, 0x40, 0xFF, 0x00, 0xFF, 0x00, 0xFF, 0x00, 0xFF, 0x00, 
    0xFF, 0xFF, 0xFF, 0xFF, 0xFF, 0xFF, 0xFF, 0x3F, 0xFE, 0x3E, 0xF6, 0xF6, 0xFF, 0xDF, 0xF7, 0xF7, 
    0xFF, 0x00, 0xFF, 0x00, 0xFF, 0x00, 0xBF, 0x40, 0xFF, 0x00, 0xFF, 0x00, 0xFF, 0x00, 0xFF, 0x00, 
    0xFF, 0x00, 0xFF, 0x00, 0xFF, 0x00, 0xEF, 0x10, 0xFF, 0x00, 0xFF, 0x00, 0x06, 0xF9, 0x0E, 0xF1, 
    0xFF, 0xFF, 0xFF, 0xFF, 0xFF, 0xFF, 0xEF, 0xEF, 0xFF, 0xFF, 0xFF, 0xFF, 0x06, 0x06, 0x0E, 0x0E, 
    0xFF, 0x00, 0xFF, 0x00, 0xFB, 0x04, 0xFE, 0x01, 0xFF, 0x00, 0xF9, 0x06, 0x00, 0xFF, 0x00, 0xFF, 
    0xFF, 0xFF, 0xFF, 0xFF, 0xFB, 0xFB, 0xFE, 0xFE, 0xFF, 0xFF, 0xF9, 0xF9, 0x00, 0x00, 0x00, 0x00, 
    0x00, 0x00, 0xE0, 0xE0, 0x80, 0x80, 0x03, 0x03, 0x19, 0x1B, 0x18, 0x18, 0xF3, 0xF3, 0x3F, 0x3F, 
    0xFF, 0xFF, 0x1F, 0x1F, 0x7F, 0x7F, 0xFC, 0xFC, 0xE6, 0xE6, 0xE7, 0xE7, 0x0C, 0x0C, 0xC0, 0xC0, 
    0x17, 0x17, 0x3F, 0x3F, 0x7D, 0x7D, 0xFE, 0xFE, 0xFC, 0xFC, 0x0E, 0x0E, 0x8F, 0x8F, 0xFB, 0xFB, 
    0xE8, 0xE8, 0xC0, 0xC0, 0x82, 0x82, 0x01, 0x01, 0x03, 0x03, 0xF1, 0xF1, 0x70, 0x70, 0x04, 0x04, 
    0xFF, 0x00, 0xFF, 0x20, 0xFF, 0xFC, 0xFF, 0x80, 0xFF, 0x00, 0xFF, 0x00, 0xFF, 0x00, 0xFF, 0x00, 
    0x00, 0x00, 0x20, 0x20, 0xFC, 0xFC, 0x80, 0x80, 0x7F, 0x7F, 0xFF, 0xFF, 0xFF, 0xFF, 0xFF, 0xFF, 
    0xFF, 0x00, 0xFF, 0x04, 0xFF, 0x2F, 0xFF, 0x66, 0xFF, 0x00, 0xFF, 0x00, 0xFF, 0x00, 0xED, 0x12, 
    0x00, 0x00, 0x04, 0x04, 0x2F, 0x2F, 0x66, 0x66, 0xFF, 0xFF, 0xFF, 0xFF, 0xFF, 0xFF, 0xED, 0xED, 
    0x03, 0xFF, 0x1C, 0xFF, 0xE0, 0xFF, 0xE0, 0xFF, 0xE3, 0xFF, 0xFF, 0xFF, 0xFF, 0xFF, 0xFF, 0xFF, 
    0x00, 0x03, 0x03, 0x1F, 0x1F, 0xFF, 0x1F, 0xFF, 0x1C, 0xFF, 0x00, 0xFF, 0x00, 0xFF, 0x00, 0xFF, 
    0x80, 0xDF, 0x00, 0xFF, 0x00, 0xFF, 0x1F, 0xFF, 0xFF, 0xFF, 0xFF, 0xFF, 0xF0, 0xFF, 0xE0, 0xFF, 
    0x7F, 0xFF, 0xFF, 0xFF, 0xFF, 0xFF, 0xE0, 0xFF, 0x00, 0xFF, 0x00, 0xFF, 0x0F, 0xFF, 0x1F, 0xFF, 
    0x31, 0x31, 0x07, 0x07, 0x0F, 0x0F, 0x3F, 0x3F, 0x7F, 0x73, 0xFF, 0xFF, 0xFF, 0xFE, 0xFF, 0xFF, 
    0xFF, 0x00, 0xFF, 0x00, 0xFF, 0x00, 0xFF, 0x00, 0xFF, 0x00, 0xFF, 0x00, 0xFE, 0x01, 0xFF, 0x00, 
    0xFF, 0xFF, 0xFF, 0xFF, 0xFF, 0xF3, 0xFF, 0xFF, 0xFF, 0xFF, 0xFF, 0x9F, 0xFD, 0x1D, 0xFF, 0xFF, 
    0xFF, 0x00, 0xFF, 0x00, 0xFB, 0x04, 0xFF, 0x00, 0xFF, 0x00, 0xFF, 0x00, 0xFF, 0x00, 0xFF, 0x00, 
    0xF3, 0x00, 0xD1, 0x00, 0x80, 0x00, 0x06, 0xE0, 0x05, 0xF0, 0x00, 0xFE, 0x02, 0xE0, 0x00, 0x01, 
    0x10, 0xEF, 0x00, 0xFF, 0x00, 0xFF, 0x00, 0xFF, 0x00, 0xFF, 0x20, 0xDF, 0x00, 0xFF, 0x00, 0xFF, 
    0xCC, 0x00, 0x38, 0x07, 0x18, 0x00, 0xC4, 0x21, 0x80, 0x3F, 0x00, 0x3F, 0x00, 0x7F, 0x00, 0xFF, 
    0x00, 0xFF, 0x02, 0xFD, 0x00, 0xFF, 0x80, 0x7F, 0x1F, 0xE0, 0x1C, 0xE3, 0x3E, 0xC1, 0x97, 0x68, 
    0xFF, 0x00, 0xFF, 0x00, 0x87, 0x10, 0x0F, 0x00, 0x0F, 0xC0, 0xC0, 0x00, 0x1F, 0x40, 0xF9, 0x00, 
    0x98, 0x67, 0xF8, 0x07, 0x02, 0xFD, 0x0F, 0xF0, 0x06, 0xF9, 0x00, 0xFF, 0x11, 0xEE, 0x80, 0x7F, 
    0xFF, 0x13, 0x21, 0x00, 0x14, 0x00, 0x07, 0x00, 0x87, 0x00, 0x6F, 0x00, 0xFF, 0x0C, 0xFF, 0x2F, 
    0x3F, 0xC0, 0x00, 0xFF, 0x00, 0xFF, 0x00, 0xFF, 0x03, 0xFC, 0x07, 0xF8, 0xCD, 0x32, 0xFF, 0x00, 
    0xF8, 0x88, 0xF1, 0x01, 0xFF, 0x3E, 0xFF, 0x3C, 0xFF, 0x00, 0xFF, 0x00, 0xFF, 0x00, 0xFF, 0x00, 
    0xFF, 0x00, 0xFF, 0x00, 0xFF, 0x00, 0xFF, 0x00, 0xFF, 0x00, 0xFF, 0x00, 0xFF, 0x00, 0xFF, 0x00, 
    0x00, 0x00, 0x7F, 0x7F, 0xFF, 0x00, 0xFF, 0x00, 0xFF, 0x00, 0xFE, 0x00, 0xFE, 0x00, 0xFD, 0x00, 
    0xFF, 0x00, 0xFF, 0x00, 0xFF, 0x00, 0xFF, 0x00, 0xFF, 0x00, 0xFE, 0x01, 0xEC, 0x13, 0xF9, 0x06, 
    0xFF, 0x00, 0xFF, 0x40, 0xFD, 0x08, 0xFF, 0x00, 0xFC, 0x00, 0xFF, 0x00, 0xFF, 0xFF, 0x00, 0xDF, 
    0xF8, 0x07, 0xFD, 0x02, 0xED, 0x12, 0xFC, 0x03, 0xE0, 0x1F, 0xFF, 0x00, 0x00, 0x00, 0xFF, 0xFF, 
    0x00, 0x78, 0xBF, 0x00, 0xD8, 0x0A, 0xE3, 0x00, 0xCE, 0x00, 0xFF, 0x00, 0xFF, 0xFF, 0x00, 0xCF, 
    0x00, 0xFF, 0x1D, 0xE2, 0x98, 0x67, 0x00, 0xFF, 0x00, 0xFF, 0xFF, 0x00, 0x00, 0x00, 0xFF, 0xFF, 
    0x00, 0x00, 0x00, 0x00, 0x00, 0x00, 0x00, 0x00, 0x00, 0x00, 0x07, 0x07, 0x3F, 0x3F, 0xFF, 0xFB, 
    0xFF, 0x00, 0xFF, 0x00, 0xFF, 0x00, 0xFF, 0x00, 0xFF, 0x00, 0xFF, 0x00, 0xFF, 0x00, 0xFF, 0x00, 
    0x00, 0x00, 0x00, 0x00, 0x00, 0x00, 0x00, 0x00, 0xE3, 0xE3, 0xEF, 0xEE, 0xFF, 0xFF, 0xFF, 0xFF, 
    0xFF, 0x00, 0xFF, 0x00, 0xFF, 0x00, 0xFF, 0x00, 0xFF, 0x00, 0xFF, 0x00, 0xFF, 0x00, 0xFF, 0x00, 
    0x1F, 0x1F, 0x7F, 0x7F, 0xFF, 0xFF, 0xFF, 0xFF, 0xFF, 0xFF, 0xFF, 0xFF, 0xFF, 0xFF, 0xFF, 0xFF, 
    0xE0, 0xE0, 0x80, 0x80, 0x00, 0x00, 0x00, 0x00, 0x00, 0x00, 0x00, 0x00, 0x00, 0x00, 0x00, 0x00, 
    0xFF, 0xFF, 0xFF, 0xFF, 0xFF, 0xFF, 0xFF, 0xFF, 0xFF, 0xFF, 0xFF, 0xFF, 0xFF, 0xFF, 0xFF, 0xFF, 
    0x00, 0x00, 0x00, 0x00, 0x00, 0x00, 0x00, 0x00, 0x00, 0x00, 0x00, 0x00, 0x00, 0x00, 0x00, 0x00, 
    0x00, 0xFF, 0x00, 0xFF, 0x00, 0xFF, 0x00, 0xFF, 0x00, 0xFF, 0x00, 0xFF, 0x00, 0xFF, 0x00, 0xFF, 
    0xFF, 0x00, 0xFF, 0x00, 0xFF, 0x00, 0xFF, 0x00, 0xFF, 0x00, 0xFF, 0x00, 0xFF, 0x00, 0xFF, 0x00, 
    0x00, 0xFF, 0x00, 0xFF, 0x00, 0xFF, 0x00, 0xFF, 0x00, 0xFF, 0x00, 0xFF, 0x00, 0xFF, 0x00, 0xFF, 
    0xFF, 0x00, 0xFF, 0x00, 0xFF, 0x00, 0xFF, 0x00, 0xFF, 0x00, 0xFF, 0x00, 0xFF, 0x00, 0xFF, 0x00, 
    0xFF, 0x00, 0xFF, 0x00, 0xFF, 0x00, 0xFF, 0x00, 0xFF, 0x00, 0xFF, 0x00, 0xFF, 0x00, 0xFF, 0x03, 
    0x00, 0x00, 0x00, 0x00, 0x00, 0x00, 0x00, 0x00, 0x00, 0x00, 0x00, 0x00, 0x00, 0x00, 0x03, 0x03, 
    0xFF, 0x00, 0xFF, 0x00, 0xFF, 0x00, 0xFF, 0x00, 0xFF, 0x00, 0xFF, 0x00, 0xFF, 0x00, 0xFF, 0xD8, 
    0x00, 0x00, 0x00, 0x00, 0x00, 0x00, 0x00, 0x00, 0x00, 0x00, 0x00, 0x00, 0x00, 0x00, 0xD8, 0xD8, 
    0xFF, 0x00, 0xFF, 0x00, 0xFF, 0x00, 0xFF, 0x00, 0xFF, 0x00, 0xFF, 0xC0, 0xFF, 0x1F, 0xFF, 0x00, 
    0x00, 0x00, 0x00, 0x00, 0x00, 0x00, 0x00, 0x00, 0x00, 0x00, 0xC0, 0xC0, 0x1F, 0x1F, 0xFF, 0xFF, 
    0xFF, 0x00, 0xFF, 0x00, 0xFF, 0x00, 0xFF, 0x00, 0xFF, 0x00, 0xFF, 0x24, 0xFF, 0xC0, 0xF8, 0x07, 
    0x00, 0x00, 0x00, 0x00, 0x00, 0x00, 0x00, 0x00, 0x00, 0x00, 0x24, 0x24, 0xFF, 0xFF, 0xF8, 0xF8, 
    0x9F, 0x00, 0xF7, 0x00, 0xFF, 0x00, 0x1B, 0x60, 0xC3, 0x00, 0xEF, 0x00, 0x3F, 0x00, 0xFF, 0x7F, 
    0x82, 0x7D, 0x72, 0x8D, 0xFF, 0x00, 0x1B, 0xE4, 0x00, 0xFF, 0x00, 0xFF, 0x1F, 0xE0, 0x80, 0x00, 
    0xFF, 0x00, 0x3A, 0x00, 0xFF, 0x00, 0xFF, 0x00, 0xFF, 0x00, 0xE0, 0x00, 0xFF, 0x00, 0xFF, 0xFF, 
    0x9E, 0x61, 0x18, 0xE7, 0xEC, 0x13, 0xF3, 0x0C, 0x00, 0xFF, 0x00, 0xFF, 0xFF, 0x00, 0x00, 0x00, 
    0xFF, 0x41, 0xEF, 0x42, 0xFF, 0x07, 0xFE, 0x06, 0x3E, 0x02, 0xFF, 0x03, 0xFB, 0x31, 0xF9, 0xF1, 
    0xEF, 0x10, 0xE7, 0x18, 0x8F, 0x70, 0x0F, 0xF0, 0x0F, 0xF0, 0x47, 0xB8, 0x79, 0x86, 0xF9, 0x06, 
    0xFF, 0x8C, 0xFF, 0xF4, 0xDF, 0xD4, 0xFE, 0xE0, 0xF8, 0xF0, 0xFC, 0x08, 0xFF, 0x80, 0xE3, 0xC1, 
    0xEF, 0x10, 0xFF, 0x00, 0xFE, 0x01, 0xF4, 0x0B, 0xF8, 0x07, 0xBC, 0x43, 0xC6, 0x39, 0xC3, 0x3C, 
    0xFE, 0x00, 0xFF, 0x00, 0xBF, 0x00, 0xFF, 0x00, 0xFF, 0x00, 0xFF, 0xFE, 0xFF, 0xFF, 0x04, 0x04, 
    0xFC, 0x03, 0x62, 0x9D, 0x0F, 0xF0, 0x83, 0x7C, 0xFE, 0x01, 0x01, 0x00, 0x00, 0x00, 0xFB, 0xE0, 
    0x8F, 0x01, 0x3A, 0x2A, 0x4E, 0x4E, 0x57, 0x17, 0xA6, 0x26, 0xA6, 0x27, 0xAF, 0x2F, 0xAF, 0x2F, 
    0x47, 0xB8, 0x7F, 0x84, 0x73, 0x9C, 0x6B, 0xBC, 0xD9, 0x66, 0xD8, 0x26, 0x50, 0xAF, 0xD0, 0x2F, 
    0x00, 0xFB, 0x00, 0xFC, 0x00, 0xFC, 0x00, 0xFC, 0x00, 0xFC, 0x00, 0xFF, 0x00, 0xFC, 0x00, 0xFC, 
    0xF8, 0x07, 0xF8, 0x07, 0xF8, 0x07, 0x98, 0x67, 0x88, 0x77, 0x00, 0xFF, 0x10, 0xEF, 0x10, 0xEF, 
    0x01, 0xE8, 0x01, 0x80, 0x34, 0x80, 0x10, 0x06, 0x11, 0x00, 0x17, 0x00, 0x3D, 0x00, 0x3F, 0x00, 
    0x00, 0xFF, 0x00, 0xFF, 0x00, 0xFF, 0x00, 0xFF, 0x00, 0xFF, 0x00, 0xFF, 0x00, 0xFF, 0x00, 0xFF, 
    0xF9, 0xF9, 0xEF, 0xEF, 0xFF, 0xFF, 0xFF, 0xFF, 0xFF, 0xFF, 0xFF, 0xFF, 0xFF, 0xFF, 0xFB, 0xFB, 
    0x06, 0x06, 0x10, 0x10, 0x00, 0x00, 0x00, 0x00, 0x00, 0x00, 0x00, 0x00, 0x00, 0x00, 0x04, 0x04, 
    0xFF, 0xFF, 0xFF, 0xFF, 0xFF, 0xFF, 0xFF, 0xFF, 0xF9, 0xF9, 0x1F, 0x1F, 0x9F, 0x9F, 0xFF, 0xFF, 
    0x00, 0x00, 0x00, 0x00, 0x00, 0x00, 0x00, 0x00, 0x06, 0x06, 0xE0, 0xE0, 0x60, 0x60, 0x00, 0x00, 
    0x0B, 0x0A, 0x80, 0x80, 0x98, 0x98, 0x7E, 0x7E, 0xE7, 0xE7, 0x57, 0x17, 0x7F, 0x3F, 0x7F, 0x3F, 
    0xFF, 0x00, 0x7F, 0x80, 0x7F, 0x80, 0xFF, 0x00, 0xFF, 0x00, 0xFF, 0x00, 0xBF, 0x40, 0xBF, 0x40, 
    0xE6, 0x26, 0x0C, 0x0C, 0x08, 0x08, 0x03, 0x03, 0x4F, 0x4F, 0xFF, 0xFF, 0xFF, 0xFF, 0xFF, 0xFF, 
    0xF9, 0x06, 0xF3, 0x0C, 0xF7, 0x08, 0xFF, 0x00, 0xFF, 0x00, 0xFF, 0x00, 0xFF, 0x00, 0xFF, 0x00, 
    0xDB, 0xFB, 0xC7, 0xC7, 0x1F, 0x1F, 0x3F, 0x3F, 0xBF, 0xBF, 0xFF, 0xFF, 0xFE, 0xFE, 0xF0, 0xF0, 
    0x24, 0x24, 0x38, 0x38, 0xE0, 0xE0, 0xC0, 0xC0, 0x40, 0x40, 0x00, 0x00, 0x01, 0x01, 0x0F, 0x0F, 
    0xFF, 0xFF, 0xF9, 0xF9, 0xFE, 0xFE, 0xFC, 0xFC, 0xE0, 0xE0, 0x80, 0x80, 0x00, 0x00, 0x00, 0x00, 
    0x00, 0x00, 0x06, 0x06, 0x01, 0x01, 0x03, 0x03, 0x1F, 0x1F, 0x7F, 0x7E, 0xFF, 0xFC, 0xFF, 0xFC, 
    0xF8, 0x02, 0x00, 0xE0, 0x7F, 0x00, 0x01, 0x2C, 0xC1, 0x00, 0xEF, 0x00, 0xFF, 0x07, 0xFF, 0xFF, 
    0xC0, 0x3F, 0x00, 0xFF, 0x7F, 0x80, 0x00, 0xFF, 0x00, 0xFF, 0x03, 0xFC, 0xF8, 0x00, 0x00, 0x00, 
    0x1F, 0x00, 0xFF, 0x00, 0xFF, 0x02, 0xFF, 0x00, 0xFF, 0x00, 0xFF, 0x00, 0xFF, 0xFF, 0xFF, 0xFF, 
    0x12, 0xED, 0x7C, 0x83, 0xF7, 0x08, 0xFB, 0x04, 0xC0, 0x3F, 0xC0, 0x3F, 0x00, 0x00, 0x00, 0x00, 
    0xFF, 0x09, 0xFF, 0x00, 0xFF, 0x00, 0xFF, 0x00, 0xFF, 0x00, 0xFF, 0x00, 0xFF, 0x00, 0xFF, 0x00, 
    0x09, 0x09, 0x00, 0x00, 0x00, 0x00, 0x00, 0x00, 0x00, 0x00, 0x00, 0x00, 0x00, 0x00, 0x00, 0x00, 
    0xFF, 0x3F, 0xFF, 0x00, 0xFF, 0x00, 0xFF, 0x00, 0xFF, 0x00, 0xFF, 0x00, 0xFF, 0x00, 0xFF, 0x00, 
    0x3F, 0x3F, 0x00, 0x00, 0x00, 0x00, 0x00, 0x00, 0x00, 0x00, 0x00, 0x00, 0x00, 0x00, 0x00, 0x00, 
    0xFF, 0x00, 0xFF, 0x2D, 0xFF, 0x00, 0x30, 0xFF, 0xFF, 0xFF, 0xC3, 0xFF, 0x81, 0xFF, 0x81, 0xFF, 
    0x00, 0x00, 0xED, 0xED, 0xFF, 0xFF, 0x00, 0x30, 0x00, 0xFF, 0x3C, 0xFF, 0x7E, 0xFF, 0x7E, 0xFF, 
    0xFF, 0x00, 0xFF, 0x0C, 0xFF, 0x00, 0xC0, 0xFF, 0xFF, 0xFF, 0xF0, 0xFF, 0xF0, 0xFF, 0xC0, 0xFF, 
    0x00, 0x00, 0xFC, 0xFC, 0xFF, 0xFF, 0x00, 0xC0, 0x00, 0xFF, 0x0F, 0xFF, 0x0F, 0xFF, 0x3F, 0xFF, 
    0xFC, 0x03, 0xF0, 0x03, 0xF4, 0x01, 0xF0, 0x01, 0xE0, 0x03, 0xC0, 0x03, 0x00, 0x07, 0x00, 0xDF, 
    0x21, 0xDE, 0x21, 0xDE, 0x20, 0xDF, 0x01, 0xFE, 0x01, 0xFE, 0x01, 0xFE, 0x01, 0xFE, 0x01, 0xFE, 
    0x00, 0xFF, 0x00, 0xFF, 0x00, 0xFF, 0x00, 0xFE, 0x00, 0xFE, 0x00, 0xFE, 0x00, 0xFF, 0x00, 0xFF, 
    0xFC, 0x03, 0xFE, 0x01, 0xFE, 0x01, 0xFC, 0x03, 0xFC, 0x03, 0xFC, 0x03, 0xFE, 0x01, 0xFE, 0x01, 
    0x1F, 0xFF, 0x1F, 0xFF, 0x3E, 0xFF, 0x20, 0xE0, 0x00, 0x00, 0x00, 0x00, 0x00, 0x00, 0x03, 0x03, 
    0xE0, 0xFF, 0xE0, 0xFF, 0xC1, 0xFF, 0xDF, 0xFF, 0xFF, 0xFF, 0xFF, 0xFF, 0xFF, 0xFF, 0xFC, 0xFC, 
    0xFF, 0xFF, 0xF8, 0xFF, 0x00, 0xFF, 0x00, 0x00, 0x00, 0x01, 0x07, 0x07, 0xFF, 0xFF, 0xFC, 0xFC, 
    0x00, 0xFF, 0x07, 0xFF, 0xFF, 0xFF, 0xFF, 0xFF, 0xFF, 0xFF, 0xF8, 0xF8, 0x00, 0x00, 0x03, 0x03, 
    0x27, 0x00, 0x04, 0x80, 0x63, 0x00, 0xE2, 0x00, 0xE0, 0x03, 0xDF, 0x00, 0x9F, 0x00, 0xE6, 0x00, 
    0x00, 0xFF, 0x00, 0xFF, 0x20, 0xDF, 0x00, 0xFF, 0x40, 0xBF, 0x01, 0xFE, 0x00, 0xFF, 0xC0, 0x3F, 
    0xFD, 0x00, 0x38, 0x00, 0xFF, 0x00, 0x6E, 0x00, 0x7F, 0x00, 0xEF, 0x02, 0xFF, 0x01, 0xFF, 0x00, 
    0x08, 0xF7, 0x00, 0xFF, 0x20, 0xDF, 0x04, 0xFB, 0x00, 0xFF, 0x47, 0xB8, 0x67, 0x98, 0x3F, 0xC0, 
    0xFF, 0xFF, 0xFF, 0xFF, 0xFF, 0xFF, 0xFF, 0xFF, 0xFF, 0xFF, 0xFF, 0xFF, 0xFF, 0xF7, 0xFF, 0xF9, 
    0x00, 0x00, 0x00, 0x00, 0x00, 0x00, 0x00, 0x00, 0x00, 0x00, 0x00, 0x00, 0x0F, 0x00, 0x0F, 0x00, 
    0xFF, 0xFF, 0xFF, 0xFF, 0xFF, 0xFF, 0xFF, 0xFE, 0xE7, 0xE4, 0x01, 0x01, 0x99, 0x99, 0x3F, 0x27, 
    0x00, 0x00, 0x00, 0x00, 0x00, 0x00, 0x01, 0x00, 0x1F, 0x00, 0xFF, 0x00, 0xFF, 0x00, 0xF9, 0x00, 
    0xFF, 0x00, 0xF8, 0x02, 0xF8, 0x00, 0x00, 0x00, 0x00, 0x93, 0xE2, 0x08, 0x7C, 0x00, 0x1E, 0x00, 
    0x01, 0xFE, 0x30, 0xCF, 0xA0, 0x5F, 0x00, 0xFF, 0x00, 0xFF, 0x00, 0xFF, 0x00, 0xFF, 0x08, 0xF7, 
    0xFF, 0x60, 0x1B, 0x00, 0x1F, 0x00, 0x71, 0x08, 0x41, 0x00, 0x07, 0x00, 0x7B, 0x00, 0x7F, 0x02, 
    0xFB, 0x04, 0x19, 0xE6, 0x01, 0xFE, 0x00, 0xFF, 0x00, 0xFF, 0x03, 0xFC, 0x03, 0xFC, 0x0F, 0xF0, 
    0xF3, 0xF2, 0x3F, 0x3C, 0xFF, 0xF6, 0xFF, 0xF0, 0xFF, 0xE0, 0xFB, 0x40, 0xF3, 0x00, 0x71, 0x20, 
    0x3F, 0x00, 0xFF, 0x00, 0xFF, 0x00, 0xF7, 0x08, 0xE6, 0x19, 0xF2, 0x0D, 0xE1, 0x1E, 0x20, 0xDF, 
    0xBA, 0x3E, 0x9B, 0x3E, 0xBB, 0x3F, 0xBB, 0x3F, 0x9B, 0x3E, 0xFB, 0x7E, 0xFB, 0x3E, 0xFF, 0x7E, 
    0x41, 0xBA, 0xC1, 0x1A, 0x41, 0xBA, 0xC1, 0x3A, 0x41, 0x9A, 0x41, 0xBA, 0x41, 0xBA, 0x41, 0xBE, 
    0xF3, 0x01, 0xFE, 0x02, 0xFA, 0xD0, 0xFF, 0x10, 0xFE, 0x1C, 0x3D, 0x21, 0xFF, 0xFD, 0xFF, 0xEF, 
    0x63, 0x9C, 0xF7, 0x08, 0xF3, 0x0C, 0x7F, 0x80, 0xFF, 0x00, 0xE1, 0x1E, 0xFF, 0x00, 0xFF, 0x00, 
    0xFF, 0x3E, 0xFF, 0xFF, 0xFF, 0xFF, 0xFF, 0x3F, 0x3F, 0x3E, 0x7F, 0x7F, 0xBF, 0xBF, 0xFF, 0xFF, 
    0xC1, 0x3E, 0xC1, 0x3E, 0xC1, 0x3E, 0xC1, 0x3E, 0xC1, 0x3E, 0x81, 0x7E, 0xC1, 0x3E, 0xC1, 0x3E, 
    0xFF, 0x00, 0xFF, 0x00, 0xFF, 0x00, 0xFF, 0x03, 0xFF, 0x03, 0xFF, 0x01, 0xFF, 0x03, 0xFF, 0xBF, 
    0x00, 0x00, 0x00, 0x00, 0x00, 0x00, 0x03, 0x03, 0x03, 0x03, 0x01, 0x01, 0x03, 0x03, 0xBF, 0xBF, 
    0xFF, 0x00, 0xFF, 0x00, 0xFF, 0x00, 0xFF, 0x3D, 0xFF, 0xFE, 0xFF, 0xB0, 0xFB, 0x6F, 0xEC, 0xBC, 
    0x00, 0x00, 0x00, 0x00, 0x00, 0x00, 0x3D, 0x3D, 0xFE, 0xFE, 0xB1, 0xB1, 0x68, 0x6B, 0xA3, 0xAE, 
    0x00, 0x00, 0x00, 0x00, 0x00, 0x00, 0x00, 0x00, 0x00, 0x00, 0x00, 0x00, 0x00, 0x00, 0x00, 0x00, 
    0xFF, 0x1C, 0xFF, 0x20, 0xFF, 0x40, 0xFF, 0x00, 0xFF, 0x00, 0xFF, 0x00, 0xFF, 0x00, 0xFF, 0x00, 
    0x00, 0x00, 0x00, 0x00, 0x01, 0x01, 0x00, 0x00, 0x00, 0x00, 0x00, 0x00, 0x00, 0x00, 0x00, 0x00, 
    0xFF, 0x89, 0xFF, 0x00, 0xFE, 0x01, 0xFF, 0x00, 0xFF, 0x00, 0xFF, 0x00, 0xFF, 0x00, 0xFF, 0x00, 
    0xFF, 0x00, 0x1F, 0x00, 0x00, 0x01, 0x00, 0x0C, 0x00, 0xF3, 0x00, 0xFF, 0x00, 0xF0, 0x00, 0xFC, 
    0x37, 0xC8, 0x00, 0xFF, 0x00, 0xFF, 0x00, 0xFF, 0x00, 0xFF, 0x00, 0xFF, 0x00, 0xFF, 0x00, 0xFF, 
    0xFF, 0x00, 0xFF, 0x37, 0x7F, 0x0F, 0x0F, 0x01, 0x3F, 0x00, 0x1F, 0x80, 0x03, 0x00, 0x01, 0x00, 
    0xFF, 0x00, 0xC8, 0x00, 0x30, 0xC0, 0x06, 0xF8, 0x01, 0xFE, 0x00, 0xFF, 0x00, 0xFF, 0x00, 0xFF, 
    0xFF, 0xFF, 0xFF, 0xFF, 0xFF, 0xFF, 0xFF, 0xFF, 0xFF, 0xFF, 0xEF, 0xEF, 0xFF, 0xFF, 0xFF, 0xFF, 
    0x00, 0x00, 0x00, 0x00, 0x00, 0x00, 0x00, 0x00, 0x00, 0x00, 0x10, 0x10, 0x00, 0x00, 0x00, 0x00, 
    0xFF, 0xFF, 0xFF, 0xFF, 0xFF, 0xFF, 0xFF, 0xFF, 0xFF, 0xFF, 0xFF, 0xFF, 0xFF, 0xFF, 0xFF, 0xFF, 
    0x00, 0x00, 0x00, 0x00, 0x00, 0x00, 0x00, 0x00, 0x00, 0x00, 0x00, 0x00, 0x00, 0x00, 0x00, 0x00, 
    0x00, 0xFE, 0x00, 0xFF, 0x00, 0xFF, 0x00, 0xFF, 0x00, 0xFF, 0x00, 0xFF, 0x00, 0xFF, 0x00, 0xFF, 
    0x00, 0xFF, 0x00, 0xFF, 0x10, 0xEF, 0x00, 0xFF, 0x81, 0x7E, 0x37, 0xC8, 0x0E, 0xF1, 0x80, 0x7F, 
    0x00, 0x00, 0x00, 0xE0, 0x00, 0xFE, 0x00, 0xFF, 0x00, 0xFF, 0x00, 0xFF, 0x00, 0xC0, 0x00, 0xE7, 
    0x00, 0xFF, 0x00, 0xFF, 0x00, 0xFF, 0x60, 0x9F, 0xF8, 0x07, 0x80, 0x7F, 0x00, 0xFF, 0x00, 0xFF, 
    0x00, 0xEF, 0x00, 0xFF, 0x00, 0xFF, 0x00, 0xFF, 0x00, 0xFF, 0x00, 0xFF, 0x00, 0xFC, 0x00, 0xFF, 
    0xC1, 0x3E, 0xF9, 0x06, 0xEA, 0x15, 0xEE, 0x11, 0xEF, 0x10, 0xE9, 0x16, 0xF8, 0x07, 0xF4, 0x0B, 
    0x00, 0xE0, 0x06, 0xC0, 0x01, 0x14, 0x01, 0x34, 0x01, 0xFC, 0x00, 0xFA, 0x14, 0xC0, 0x7F, 0x00, 
    0x00, 0xFF, 0x80, 0x7F, 0x00, 0xFF, 0x01, 0xFE, 0x00, 0xFF, 0x00, 0xFF, 0x00, 0xFF, 0x0E, 0xF1, 
    0xFF, 0xCF, 0xFF, 0xFF, 0xFE, 0xFE, 0xEF, 0xEF, 0x1F, 0x1F, 0x6D, 0x6D, 0xFB, 0xCB, 0xFC, 0xCC, 
    0xFF, 0x00, 0xFF, 0x00, 0xFF, 0x00, 0xFF, 0x00, 0xFF, 0x00, 0xFF, 0x00, 0xFF, 0x00, 0xDF, 0x20, 
    0xC7, 0xC7, 0x0F, 0x0F, 0x03, 0x03, 0xC7, 0xC7, 0xFF, 0xFF, 0xFF, 0xFE, 0xFF, 0xFC, 0xFF, 0xF9, 
    0xFF, 0x00, 0xFF, 0x00, 0xFF, 0x00, 0xFF, 0x00, 0xFF, 0x00, 0xFE, 0x01, 0xFF, 0x00, 0xFF, 0x00, 
    0xFF, 0x00, 0xFF, 0x00, 0xFF, 0x00, 0xFF, 0x00, 0xFF, 0x00, 0xFF, 0x01, 0xFF, 0x01, 0xFF, 0x02, 
    0x00, 0x00, 0x00, 0x00, 0x00, 0x00, 0x00, 0x00, 0x00, 0x00, 0x01, 0x01, 0x01, 0x01, 0x02, 0x02, 
    0xFF, 0x00, 0xFF, 0x00, 0xFF, 0x00, 0xFF, 0x00, 0xFF, 0x00, 0xFF, 0x90, 0xFF, 0xBF, 0xFF, 0xB1, 
    0x00, 0x00, 0x00, 0x00, 0x00, 0x00, 0x00, 0x00, 0x00, 0x00, 0x90, 0x90, 0xBF, 0xBF, 0xB1, 0xB1, 
    0x00, 0x00, 0x00, 0x00, 0x08, 0x08, 0x03, 0x03, 0x01, 0x01, 0xFB, 0xFB, 0xEF, 0xEF, 0xFF, 0xFF, 
    0xFF, 0xFF, 0xFF, 0xFF, 0xF7, 0xF7, 0xFC, 0xFC, 0xFE, 0xFE, 0x04, 0x04, 0x10, 0x10, 0x00, 0x00, 
    0x02, 0x02, 0x02, 0x02, 0x06, 0x06, 0x9F, 0x9F, 0xFF, 0xFF, 0xC7, 0xC7, 0xC7, 0xC7, 0xE7, 0xE7, 
    0xFD, 0xFD, 0xFD, 0xFD, 0xF9, 0xF9, 0x60, 0x60, 0x00, 0x00, 0x38, 0x38, 0x38, 0x38, 0x18, 0x18, 
    0x01, 0x01, 0xFF, 0xFF, 0x1F, 0x1F, 0xDF, 0xDF, 0xFF, 0xFF, 0xFF, 0xFF, 0xF0, 0xF0, 0xE0, 0xE0, 
    0xFE, 0xFE, 0x00, 0x00, 0xE0, 0xE0, 0x20, 0x20, 0x00, 0x00, 0x00, 0x00, 0x0F, 0x0F, 0x1F, 0x1F, 
    0xFC, 0xFC, 0xFC, 0xFC, 0xFF, 0xFF, 0xFC, 0xFC, 0xDF, 0xDF, 0xFF, 0xFF, 0x1F, 0x1F, 0xFF, 0xFF, 
    0x03, 0x03, 0x03, 0x03, 0x00, 0x00, 0x03, 0x03, 0x20, 0x20, 0x00, 0x00, 0xE0, 0xE0, 0x00, 0x00, 
    0x00, 0xF8, 0x00, 0xFF, 0x00, 0xFF, 0x00, 0xFF, 0x00, 0xFF, 0x00, 0xFF, 0x00, 0xFE, 0x00, 0x83, 
    0x80, 0x7F, 0x80, 0x7F, 0x80, 0x7F, 0x07, 0xF8, 0x3C, 0xC3, 0x04, 0xFB, 0x00, 0xFF, 0x00, 0xFF, 
    0x00, 0x00, 0x00, 0x00, 0x00, 0xFE, 0x00, 0xFF, 0x00, 0xFF, 0x00, 0xFF, 0x00, 0x87, 0x00, 0x0F, 
    0x00, 0xFF, 0x00, 0xFF, 0x00, 0xFF, 0x06, 0xF9, 0x03, 0xFC, 0x0F, 0xF0, 0x06, 0xF9, 0x00, 0xFF, 
    0xFF, 0x00, 0xFF, 0x00, 0xFF, 0x00, 0xFF, 0x00, 0xFF, 0x00, 0xFF, 0x00, 0xFF, 0x64, 0xFF, 0xFF, 
    0x00, 0x00, 0x00, 0x00, 0x00, 0x00, 0x00, 0x00, 0x00, 0x00, 0x00, 0x00, 0x64, 0x64, 0xFF, 0xFF, 
    0xFF, 0x00, 0xFF, 0x00, 0xFF, 0x00, 0xFF, 0x00, 0xFF, 0x00, 0xFF, 0x04, 0xFF, 0xB2, 0xF8, 0xDF, 
    0x00, 0x00, 0x00, 0x00, 0x00, 0x00, 0x00, 0x00, 0x00, 0x00, 0x04, 0x04, 0xB3, 0xB3, 0xD8, 0xD8, 
    0x00, 0x00, 0x00, 0x00, 0x00, 0x00, 0x0F, 0x0F, 0xFD, 0xFD, 0xF7, 0xF7, 0xEF, 0xEF, 0xFF, 0xFF, 
    0xFF, 0x00, 0xFF, 0x00, 0xFF, 0x00, 0xFF, 0x00, 0xFF, 0x00, 0xFF, 0x00, 0xFF, 0x00, 0xFF, 0x00, 
    0x03, 0x03, 0x07, 0x06, 0x3F, 0x3E, 0xFF, 0xFF, 0xCF, 0xCF, 0x77, 0x77, 0x7F, 0x7F, 0xFE, 0xF6, 
    0xFF, 0x00, 0xFF, 0x00, 0xFF, 0x00, 0xFF, 0x00, 0xFF, 0x00, 0xFF, 0x00, 0xFF, 0x00, 0xFF, 0x00, 
    0xFF, 0xE0, 0xFF, 0xC0, 0xFF, 0xE0, 0xFF, 0xE3, 0xFF, 0xE0, 0xFF, 0xFE, 0xFF, 0xFE, 0xFF, 0xC2, 
    0xFF, 0x00, 0xFF, 0x00, 0xFF, 0x00, 0xFF, 0x00, 0xFF, 0x00, 0xFF, 0x00, 0xFF, 0x00, 0xFF, 0x00, 
    0xFF, 0x00, 0xFF, 0x00, 0xFF, 0x00, 0xFF, 0x00, 0xFF, 0x00, 0xFF, 0x00, 0xFF, 0x00, 0xFF, 0x00, 
    0xFC, 0x03, 0xFC, 0x03, 0xFA, 0x05, 0xFA, 0x05, 0xFE, 0x01, 0xFF, 0x00, 0xFF, 0x00, 0xFF, 0x00, 
    0x00, 0xFF, 0x00, 0xFF, 0x00, 0xFF, 0x00, 0xFF, 0x3F, 0xC0, 0xFF, 0x0F, 0xFF, 0x70, 0xFF, 0x0F, 
    0x00, 0x00, 0x00, 0x00, 0x00, 0x00, 0x00, 0x00, 0x3F, 0x3F, 0xFF, 0xFF, 0x70, 0x70, 0x0F, 0x0F, 
    0x00, 0xFF, 0x00, 0xFF, 0x00, 0xFF, 0x00, 0xFF, 0xC0, 0x3F, 0xFF, 0x1E, 0xFF, 0x00, 0xFF, 0xE3, 
    0x00, 0x00, 0x00, 0x00, 0x00, 0x00, 0x00, 0x00, 0xC0, 0xC0, 0xFF, 0xFF, 0x00, 0x00, 0xE3, 0xE3, 
    0xFF, 0x00, 0xFF, 0x00, 0xFF, 0x00, 0xFF, 0x00, 0xFF, 0x00, 0xFF, 0xC1, 0xFF, 0xA0, 0xF0, 0x8F, 
    0x00, 0x00, 0x00, 0x00, 0x00, 0x00, 0x00, 0x00, 0x00, 0x00, 0xC1, 0xC1, 0xA7, 0xA7, 0xF0, 0xF0, 
    0xFF, 0x00, 0xFF, 0x00, 0xFF, 0x0F, 0xFF, 0x79, 0xFE, 0x4D, 0xE3, 0x9F, 0x19, 0xF8, 0xFF, 0xE0, 
    0x00, 0x00, 0x00, 0x00, 0x0F, 0x0F, 0x79, 0x79, 0x4E, 0x4E, 0xA0, 0xA3, 0x07, 0x1C, 0x1D, 0xE2, 
    0x8B, 0x00, 0x0F, 0x40, 0xFC, 0x00, 0x7F, 0x00, 0xCF, 0x00, 0xEF, 0x00, 0xBE, 0x00, 0xFF, 0x80, 
    0x00, 0xFF, 0x00, 0xFF, 0x00, 0xFF, 0x00, 0xFF, 0x0D, 0xF2, 0x0E, 0xF1, 0xAC, 0x53, 0x9E, 0x61, 
    0xFF, 0x00, 0xCF, 0x00, 0x1F, 0xC0, 0xFF, 0x00, 0xEE, 0xC0, 0xEF, 0x00, 0xDF, 0x01, 0xF7, 0x20, 
    0x00, 0xFF, 0x00, 0xFF, 0x01, 0xFE, 0x24, 0xDB, 0xE4, 0x1B, 0xC4, 0x3B, 0xCF, 0x30, 0x60, 0x9F, 
    0x3D, 0x3D, 0x1F, 0x1F, 0x3F, 0x3F, 0xFF, 0xFF, 0xFF, 0x00, 0xFF, 0xC6, 0xFF, 0xF1, 0xFF, 0x01, 
    0xC2, 0xC2, 0xE0, 0x60, 0xC0, 0x40, 0x00, 0x00, 0xFF, 0x00, 0xFF, 0x00, 0xFF, 0x00, 0x87, 0x78, 
    0xFF, 0xFF, 0xFF, 0xFF, 0xFF, 0xFF, 0xFF, 0xFF, 0xFF, 0x00, 0xFF, 0xFF, 0xFF, 0xFE, 0xFF, 0xF6, 
    0x00, 0x00, 0x00, 0x00, 0x00, 0x00, 0x00, 0x00, 0xFF, 0x00, 0xFF, 0x00, 0xFF, 0x00, 0xFF, 0x00, 
    0xFF, 0xFF, 0xFF, 0xFF, 0xFF, 0xFF, 0xFD, 0xFF, 0xFF, 0xFF, 0xFE, 0xFF, 0xB8, 0xFF, 0x48, 0xFF, 
    0x00, 0xFF, 0x00, 0xFF, 0x00, 0xFF, 0x02, 0xFF, 0x00, 0xFF, 0x01, 0xFF, 0x47, 0xFF, 0xB7, 0xFF, 
    0xFB, 0xFF, 0xFF, 0xFF, 0xFF, 0xFF, 0xB7, 0xFF, 0x87, 0xFF, 0x1F, 0x9F, 0x3F, 0xFF, 0x7D, 0xFF, 
    0x00, 0xFB, 0x00, 0xFF, 0x00, 0xFF, 0x48, 0xFF, 0x78, 0xFF, 0xE0, 0xFF, 0xC0, 0xFF, 0x82, 0xFF, 
    0xFF, 0x00, 0xFF, 0x00, 0xFF, 0xF8, 0x1C, 0x10, 0x10, 0x13, 0x70, 0x70, 0x0A, 0x00, 0x0A, 0x00, 
    0x08, 0xF7, 0xFC, 0x03, 0xFC, 0x03, 0xF8, 0x07, 0xF0, 0x0F, 0xF0, 0x0F, 0xF0, 0x0F, 0xF0, 0x0F, 
    0xC0, 0x00, 0xC0, 0x00, 0xFC, 0x01, 0xFC, 0x01, 0xFC, 0x01, 0x7C, 0x01, 0xF8, 0x5B, 0xFC, 0x7B, 
    0x00, 0xFF, 0x00, 0xFF, 0x00, 0xFF, 0x80, 0x7F, 0x01, 0xFE, 0x78, 0x87, 0x78, 0x87, 0xF8, 0x07, 
    0x00, 0xFF, 0x00, 0xFF, 0x00, 0xFF, 0x00, 0xFF, 0x00, 0xFF, 0x00, 0xFF, 0x1F, 0xE0, 0xFF, 0xE0, 
    0x00, 0x00, 0x00, 0x00, 0x00, 0x00, 0x00, 0x00, 0x00, 0x00, 0x00, 0x00, 0x1F, 0x1F, 0xE0, 0xE0, 
    0x00, 0xFF, 0x00, 0xFF, 0x00, 0xFF, 0x00, 0xFF, 0x00, 0xFF, 0x00, 0xFF, 0xF7, 0x0C, 0xFF, 0x1C, 
    0x00, 0x00, 0x00, 0x00, 0x00, 0x00, 0x00, 0x00, 0x00, 0x00, 0x00, 0x00, 0xF7, 0xF7, 0x1C, 0x1C, 
    0xFF, 0x00, 0xFF, 0x00, 0xFF, 0x00, 0xFF, 0x00, 0xFF, 0x00, 0xFF, 0x00, 0xFF, 0x00, 0xFF, 0x00, 
    0x00, 0x00, 0x00, 0x00, 0x00, 0x00, 0x00, 0x00, 0x00, 0x00, 0x00, 0x00, 0x00, 0x00, 0x00, 0x00, 
    0xFF, 0xEE, 0xFF, 0x00, 0xFF, 0x00, 0xFF, 0x00, 0xFF, 0x00, 0xFF, 0x00, 0xFF, 0x00, 0xFF, 0x00, 
    0xEE, 0xEE, 0x00, 0x00, 0x00, 0x00, 0x00, 0x00, 0x00, 0x00, 0x00, 0x00, 0x00, 0x00, 0x00, 0x00, 
    0xF8, 0xF8, 0xE0, 0xE0, 0xCF, 0xCF, 0x9F, 0x9F, 0xFF, 0xFF, 0xFF, 0xDF, 0xFF, 0xFF, 0xFF, 0xFF, 
    0xFF, 0x00, 0xFF, 0x00, 0xFF, 0x00, 0xFF, 0x00, 0xFF, 0x00, 0xFF, 0x00, 0xFF, 0x00, 0xFF, 0x00, 
    0xFC, 0xFC, 0xC0, 0xC0, 0xC8, 0xC8, 0xF0, 0xF0, 0xFF, 0xFF, 0xFF, 0xFE, 0xFF, 0xFF, 0xFF, 0xFF, 
    0xFF, 0x00, 0xFF, 0x00, 0xFF, 0x00, 0xFF, 0x00, 0xFF, 0x00, 0xFF, 0x00, 0xFF, 0x00, 0xFF, 0x00, 
    0x00, 0xFC, 0x00, 0x00, 0x00, 0x00, 0x03, 0x03, 0xE7, 0xE7, 0xDF, 0xDF, 0xFF, 0xFF, 0xFF, 0xFF, 
    0xFF, 0xFF, 0xFF, 0xFF, 0xFF, 0xFF, 0xFC, 0xFC, 0x18, 0x18, 0x20, 0x20, 0x00, 0x00, 0x00, 0x00, 
    0x1F, 0x1F, 0x2F, 0x2F, 0x07, 0x07, 0xDF, 0xDF, 0x18, 0x18, 0x60, 0x60, 0x00, 0x00, 0xFF, 0xFF, 
    0xE0, 0xE0, 0xD0, 0xD0, 0xF8, 0xF8, 0x20, 0x20, 0xE7, 0xE7, 0x9F, 0x9F, 0xFF, 0xFF, 0x00, 0x00, 
    0xFF, 0xBF, 0xFF, 0xFF, 0x3F, 0x3F, 0xFF, 0xFF, 0xBF, 0xBF, 0xFF, 0xFF, 0xFF, 0xFF, 0xFF, 0xFF, 
    0xBF, 0x40, 0xFF, 0x00, 0xFF, 0x00, 0xFF, 0x00, 0xFF, 0x00, 0xFF, 0x00, 0xFF, 0x00, 0xFF, 0x00, 
    0xFF, 0xFF, 0xFF, 0xFF, 0xFF, 0xFF, 0xFF, 0xFF, 0xFF, 0xFF, 0xFF, 0xFF, 0xFF, 0xFF, 0xFF, 0xFF, 
    0xFF, 0x00, 0xFF, 0x00, 0xFF, 0x00, 0xFF, 0x00, 0xFF, 0x00, 0xFF, 0x00, 0xFF, 0x00, 0xFF, 0x00, 
    0x00, 0xFF, 0x00, 0xFF, 0x00, 0xFE, 0x00, 0x00, 0x00, 0xC0, 0xC1, 0xC1, 0x87, 0x87, 0x1F, 0x1F, 
    0xFF, 0xFF, 0xFF, 0xFF, 0xFF, 0xFF, 0xFF, 0xFF, 0xFF, 0xFF, 0x3E, 0x3E, 0x78, 0x78, 0xE0, 0xE0, 
    0x00, 0xFF, 0x00, 0xF8, 0x00, 0x00, 0x00, 0x00, 0x00, 0x00, 0xE7, 0xE7, 0xF7, 0xF7, 0xE1, 0xE1, 
    0xFF, 0xFF, 0xFF, 0xFF, 0xFF, 0xFF, 0xFF, 0xFF, 0xFF, 0xFF, 0x18, 0x18, 0x08, 0x08, 0x1E, 0x1E, 
    0xFF, 0xFF, 0xFF, 0xFF, 0xFF, 0xFF, 0xFF, 0xFF, 0xFF, 0xFF, 0xFE, 0xFE, 0xFF, 0xFF, 0x1F, 0x1F, 
    0x00, 0x00, 0x00, 0x00, 0x00, 0x00, 0x00, 0x00, 0x00, 0x00, 0x01, 0x01, 0x00, 0x00, 0xE0, 0xE0, 
    0xFF, 0xFF, 0xFF, 0xFF, 0xFF, 0xFF, 0xF8, 0xF8, 0xC0, 0xC0, 0x60, 0x60, 0x00, 0x00, 0x00, 0x00, 
    0x00, 0x00, 0x00, 0x00, 0x00, 0x00, 0x07, 0x07, 0x3F, 0x3F, 0x9F, 0x9F, 0xFF, 0xFF, 0xFF, 0xFF, 
    0x04, 0x38, 0x03, 0x08, 0x03, 0xF8, 0x00, 0xF8, 0x01, 0xFC, 0x00, 0xFC, 0x02, 0xE8, 0x00, 0xE1, 
    0x00, 0xFF, 0x00, 0xFF, 0x08, 0xF7, 0xC0, 0x3F, 0xC0, 0x3F, 0xC0, 0x3F, 0xC0, 0x3F, 0xC0, 0x3F, 
    0xFE, 0x80, 0xF9, 0x00, 0x83, 0x00, 0xF9, 0x00, 0xA3, 0x00, 0x27, 0x00, 0xC0, 0x10, 0x00, 0x2E, 
    0xFC, 0x03, 0x38, 0xC7, 0x00, 0xFF, 0x80, 0x7F, 0x02, 0xFD, 0x06, 0xF9, 0xC0, 0x3F, 0x00, 0xFF, 
    0xFF, 0x00, 0xFF, 0x00, 0xFF, 0x00, 0xFF, 0x00, 0xFF, 0x00, 0xFF, 0x00, 0xFF, 0x00, 0xFF, 0x05, 
    0x00, 0x00, 0x00, 0x00, 0x00, 0x00, 0x00, 0x00, 0x00, 0x00, 0x00, 0x00, 0x00, 0x00, 0x05, 0x05, 
    0xFF, 0x00, 0xFF, 0x00, 0xFF, 0x00, 0xFF, 0x00, 0xFF, 0x00, 0xFF, 0x00, 0xFF, 0x00, 0xFF, 0x41, 
    0x00, 0x00, 0x00, 0x00, 0x00, 0x00, 0x00, 0x00, 0x00, 0x00, 0x00, 0x00, 0x00, 0x00, 0x41, 0x41, 
    0xFF, 0xFF, 0xFF, 0xFF, 0xFF, 0xFF, 0xFF, 0xFF, 0xFF, 0xFF, 0xFF, 0xFF, 0xFF, 0xFF, 0xFF, 0xFF, 
    0x00, 0x00, 0x00, 0x00, 0x00, 0x00, 0x00, 0x00, 0x00, 0x00, 0x00, 0x00, 0x00, 0x00, 0x00, 0x00, 
    0xFF, 0xFF, 0xFF, 0xFF, 0xBF, 0xBF, 0xFF, 0xFF, 0xFF, 0xFF, 0xFF, 0xFF, 0xFF, 0xFF, 0xFF, 0xFF, 
    0x00, 0x00, 0x00, 0x00, 0x40, 0x40, 0x00, 0x00, 0x00, 0x00, 0x00, 0x00, 0x00, 0x00, 0x00, 0x00, 
    0xCF, 0x3F, 0xBF, 0xBF, 0xFF, 0xFF, 0x7F, 0xFF, 0x01, 0xFF, 0x01, 0xFF, 0x07, 0xFF, 0x3F, 0xFF, 
    0xC0, 0xCF, 0x40, 0xFF, 0x00, 0xFF, 0x00, 0x7F, 0x00, 0x01, 0x00, 0x01, 0x00, 0x07, 0x00, 0x3F, 
    0xBF, 0xC8, 0x07, 0xF8, 0x00, 0xFF, 0xF4, 0xFF, 0xFF, 0xFF, 0xF7, 0xFF, 0xFD, 0xFF, 0xFF, 0xFF, 
    0x38, 0xB8, 0x07, 0x07, 0x00, 0x00, 0x00, 0xF4, 0x00, 0xFF, 0x08, 0xFF, 0x02, 0xFF, 0x00, 0xFF, 
    0x80, 0x5F, 0x00, 0x7F, 0x00, 0x7F, 0x00, 0x7F, 0x00, 0xFF, 0x00, 0xFF, 0x00, 0x7F, 0x00, 0x7F, 
    0x0F, 0xF0, 0x4F, 0xB0, 0x4D, 0xB2, 0x3F, 0xC0, 0x7F, 0x80, 0x7C, 0x83, 0x7C, 0x83, 0x7F, 0x80, 
    0x00, 0xFF, 0x00, 0xFF, 0x00, 0xFF, 0x00, 0xFF, 0x00, 0xFF, 0x00, 0xFF, 0x00, 0xFF, 0x00, 0xFF, 
    0xFF, 0x00, 0xFE, 0x01, 0xAF, 0x50, 0xAF, 0x50, 0xBF, 0x40, 0x3F, 0xC0, 0x1F, 0xE0, 0x9F, 0x60, 
    0xB0, 0xB0, 0x80, 0x80, 0x80, 0x80, 0x00, 0x00, 0x00, 0x00, 0x00, 0x00, 0x00, 0x00, 0x00, 0x00, 
    0x4F, 0xFF, 0x7F, 0xFC, 0x7F, 0xF8, 0xFF, 0xC0, 0xFF, 0x00, 0xFF, 0x00, 0xFF, 0x00, 0xFF, 0x00, 
    0x00, 0x00, 0x00, 0x00, 0x00, 0x00, 0x00, 0x00, 0x00, 0x00, 0x00, 0x00, 0x00, 0x00, 0x00, 0x00, 
    0xFF, 0x0F, 0xFF, 0x01, 0xFF, 0x00, 0xFF, 0x00, 0xFF, 0x00, 0xFF, 0x00, 0xFF, 0x00, 0xFF, 0x00, 
    0x00, 0x7F, 0x00, 0xFF, 0x00, 0xFF, 0x00, 0xFF, 0x00, 0xFF, 0x00, 0x7F, 0x00, 0x7F, 0x00, 0xFF, 
    0x3F, 0xC0, 0x7F, 0x80, 0x7F, 0x80, 0xFE, 0x01, 0x7F, 0x80, 0x3F, 0xC0, 0x3F, 0xC0, 0xFF, 0x00, 
    0x7F, 0x87, 0x7F, 0x8F, 0x7F, 0x8F, 0x00, 0xF7, 0x00, 0xFF, 0x00, 0xFF, 0x00, 0xFF, 0x00, 0xFF, 
    0x18, 0xE0, 0x70, 0x80, 0xB0, 0x40, 0x00, 0xFF, 0xFF, 0x00, 0xFF, 0x00, 0xFC, 0x03, 0xFD, 0x02, 
    0x0F, 0x09, 0x00, 0x00, 0x0F, 0x0F, 0xFF, 0xFF, 0xFF, 0xFC, 0xFF, 0xE0, 0xFF, 0xE0, 0xFF, 0xE0, 
    0xFF, 0x00, 0xFF, 0x00, 0xFF, 0x00, 0xFF, 0x00, 0xFF, 0x00, 0xFF, 0x00, 0xFF, 0x00, 0xFF, 0x00, 
    0x7C, 0x61, 0xFC, 0xC3, 0xFC, 0x81, 0x84, 0x01, 0x49, 0x02, 0x89, 0x02, 0x9F, 0x00, 0xFF, 0x00, 
    0xF8, 0x07, 0xFC, 0x03, 0xFC, 0x03, 0x00, 0xFF, 0x08, 0xF7, 0x00, 0xFF, 0x00, 0xFF, 0x6F, 0x90, 
    0xFF, 0x03, 0xFF, 0x00, 0xFF, 0x00, 0xFF, 0x00, 0xFF, 0x00, 0xFF, 0x00, 0xFF, 0x00, 0xFF, 0x00, 
    0x03, 0x03, 0x00, 0x00, 0x00, 0x00, 0x00, 0x00, 0x00, 0x00, 0x00, 0x00, 0x00, 0x00, 0x00, 0x00, 
    0xFF, 0x18, 0xFF, 0x00, 0xFF, 0x00, 0xFF, 0x00, 0xFF, 0x00, 0xFF, 0x00, 0xFF, 0x00, 0xFF, 0x00, 
    0x18, 0x18, 0x00, 0x00, 0x00, 0x00, 0x00, 0x00, 0x00, 0x00, 0x00, 0x00, 0x00, 0x00, 0x00, 0x00, 
    0xFF, 0x00, 0xFF, 0x00, 0xFF, 0x00, 0xFF, 0x00, 0xFF, 0x00, 0xFF, 0x00, 0xFF, 0x00, 0xFF, 0x00, 
    0x00, 0x00, 0x00, 0x00, 0x00, 0x00, 0x00, 0x00, 0x00, 0x00, 0x00, 0x00, 0x00, 0x00, 0x00, 0x00, 
    0xFF, 0x00, 0xFF, 0x00, 0xFF, 0x00, 0xFF, 0x00, 0xFF, 0x00, 0xFF, 0x00, 0xFF, 0x0B, 0xFF, 0x3F, 
    0x00, 0x00, 0x00, 0x00, 0x00, 0x00, 0x00, 0x00, 0x00, 0x00, 0x00, 0x00, 0x0B, 0x0B, 0x3F, 0x3F, 
    0xFF, 0xC0, 0xFF, 0x00, 0xFF, 0x31, 0xFF, 0x01, 0xFF, 0x5C, 0x7F, 0x08, 0x7F, 0x00, 0x19, 0x00, 
    0xFC, 0x03, 0xF3, 0x0C, 0xF7, 0x08, 0xFD, 0x02, 0xFF, 0x00, 0x3D, 0xC2, 0x0F, 0xF0, 0x00, 0xFF, 
    0x7F, 0x00, 0xFF, 0x01, 0xFF, 0xEF, 0xFF, 0xE0, 0xFF, 0xF0, 0xFF, 0x40, 0xFE, 0x00, 0x30, 0x02, 
    0x3F, 0xC0, 0x77, 0x88, 0xFF, 0x00, 0xFA, 0x05, 0xFF, 0x00, 0xE4, 0x1B, 0xA4, 0x5B, 0x00, 0xFF, 
    0x3F, 0x3F, 0x3F, 0x3F, 0xD7, 0xD7, 0xD0, 0xD0, 0x00, 0x00, 0x01, 0x01, 0xFF, 0xFF, 0xFF, 0xFF, 
    0xFF, 0x00, 0xFF, 0x00, 0xFF, 0x00, 0xFF, 0x00, 0xFF, 0x00, 0xFE, 0x03, 0x00, 0xFF, 0x00, 0xFF, 
    0x03, 0x02, 0x27, 0x27, 0xFF, 0xFE, 0x66, 0x66, 0x00, 0x00, 0xC0, 0xC0, 0xFF, 0xFF, 0xFF, 0xFF, 
    0xFF, 0x00, 0xFF, 0x00, 0xFF, 0x00, 0xFF, 0x00, 0xFF, 0x00, 0x3F, 0xF9, 0x00, 0xFF, 0x00, 0xFF, 
    0x00, 0x00, 0x00, 0x00, 0x00, 0x00, 0x00, 0x00, 0x00, 0x00, 0x00, 0x00, 0x00, 0x00, 0x00, 0x00, 
    0x00, 0x00, 0x00, 0x00, 0x00, 0x00, 0x00, 0x00, 0x00, 0x00, 0x00, 0x00, 0x00, 0x00, 0x00, 0x00, 
    0x00, 0x00, 0x00, 0x00, 0x00, 0x00, 0x00, 0x00, 0x00, 0x00, 0x00, 0x00, 0x00, 0x00, 0x00, 0x00, 
    0x00, 0x00, 0x00, 0x00, 0x00, 0x00, 0x00, 0x00, 0x00, 0x00, 0x00, 0x00, 0x00, 0x00, 0x00, 0x00, 
    0x00, 0x00, 0x00, 0x00, 0x00, 0x00, 0x00, 0x00, 0x00, 0x00, 0x00, 0x00, 0x00, 0x00, 0x00, 0x00, 
    0x00, 0x00, 0x00, 0x00, 0x00, 0x00, 0x00, 0x00, 0x00, 0x00, 0x00, 0x00, 0x00, 0x00, 0x00, 0x00, 
    0x00, 0x00, 0x00, 0x00, 0x00, 0x00, 0x00, 0x00, 0x00, 0x00, 0x00, 0x00, 0x00, 0x00, 0x00, 0x00, 
    0x00, 0x00, 0x00, 0x00, 0x00, 0x00, 0x00, 0x00, 0x00, 0x00, 0x00, 0x00, 0x00, 0x00, 0x00, 0x00, 
    0x00, 0x00, 0x00, 0x00, 0x00, 0x00, 0x00, 0x00, 0x00, 0x00, 0x00, 0x00, 0x00, 0x00, 0x00, 0x00, 
    0x00, 0x00, 0x00, 0x00, 0x00, 0x00, 0x00, 0x00, 0x00, 0x00, 0x00, 0x00, 0x00, 0x00, 0x00, 0x00, 
    0x00, 0x00, 0x00, 0x00, 0x00, 0x00, 0x00, 0x00, 0x00, 0x00, 0x00, 0x00, 0x00, 0x00, 0x00, 0x00, 
    0x00, 0x00, 0x00, 0x00, 0x00, 0x00, 0x00, 0x00, 0x00, 0x00, 0x00, 0x00, 0x00, 0x00, 0x00, 0x00, 
    0x00, 0x00, 0x00, 0x00, 0x00, 0x00, 0x00, 0x00, 0x00, 0x00, 0x00, 0x00, 0x00, 0x00, 0x00, 0x00, 
    0x00, 0x00, 0x00, 0x00, 0x00, 0x00, 0x00, 0x00, 0x00, 0x00, 0x00, 0x00, 0x00, 0x00, 0x00, 0x00, 
    0x00, 0x00, 0x00, 0x00, 0x00, 0x00, 0x00, 0x00, 0x00, 0x00, 0x00, 0x00, 0x00, 0x00, 0x00, 0x00, 
    0x00, 0x00, 0x00, 0x00, 0x00, 0x00, 0x00, 0x00, 0x00, 0x00, 0x00, 0x00, 0x00, 0x00, 0x00, 0x00, 
    0x00, 0x00, 0x00, 0x00, 0x00, 0x00, 0x00, 0x00, 0x00, 0x00, 0x00, 0x00, 0x00, 0x00, 0x00, 0x00, 
    0x00, 0x00, 0x00, 0x00, 0x00, 0x00, 0x00, 0x00, 0x00, 0x00, 0x00, 0x00, 0x00, 0x00, 0x00, 0x00, 
    0x00, 0x00, 0x00, 0x00, 0x00, 0x00, 0x00, 0x00, 0x00, 0x00, 0x00, 0x00, 0x00, 0x00, 0x00, 0x00, 
    0x00, 0x00, 0x00, 0x00, 0x00, 0x00, 0x00, 0x00, 0x00, 0x00, 0x00, 0x00, 0x00, 0x00, 0x00, 0x00, 
    0x00, 0x00, 0x00, 0x00, 0x00, 0x00, 0x00, 0x00, 0x00, 0x00, 0x00, 0x00, 0x00, 0x00, 0x00, 0x00, 
    0x00, 0x00, 0x00, 0x00, 0x00, 0x00, 0x00, 0x00, 0x00, 0x00, 0x00, 0x00, 0x00, 0x00, 0x00, 0x00, 
    0x00, 0x00, 0x00, 0x00, 0x00, 0x00, 0x00, 0x00, 0x00, 0x00, 0x00, 0x00, 0x00, 0x00, 0x00, 0x00, 
    0x00, 0x00, 0x00, 0x00, 0x00, 0x00, 0x00, 0x00, 0x00, 0x00, 0x00, 0x00, 0x00, 0x00, 0x00, 0x00, 
    0x00, 0x00, 0x00, 0x00, 0x00, 0x00, 0x00, 0x00, 0x00, 0x00, 0x00, 0x00, 0x00, 0x00, 0x00, 0x00, 
    0x00, 0x00, 0x00, 0x00, 0x00, 0x00, 0x00, 0x00, 0x00, 0x00, 0x00, 0x00, 0x00, 0x00, 0x00, 0x00, 
    0x00, 0x00, 0x00, 0x00, 0x00, 0x00, 0x00, 0x00, 0x00, 0x00, 0x00, 0x00, 0x00, 0x00, 0x00, 0x00, 
    0x00, 0x00, 0x00, 0x00, 0x00, 0x00, 0x00, 0x00, 0x00, 0x00, 0x00, 0x00, 0x00, 0x00, 0x00, 0x00, 
    0x00, 0x00, 0x00, 0x00, 0x00, 0x00, 0x00, 0x00, 0x00, 0x00, 0x00, 0x00, 0x00, 0x00, 0x00, 0x00, 
    0x00, 0x00, 0x00, 0x00, 0x00, 0x00, 0x00, 0x00, 0x00, 0x00, 0x00, 0x00, 0x00, 0x00, 0x00, 0x00, 
    0x00, 0x00, 0x00, 0x00, 0x00, 0x00, 0x00, 0x00, 0x00, 0x00, 0x00, 0x00, 0x00, 0x00, 0x00, 0x00, 
    0x00, 0x00, 0x00, 0x00, 0x00, 0x00, 0x00, 0x00, 0x00, 0x00, 0x00, 0x00, 0x00, 0x00, 0x00, 0x00, 
    0x00, 0x00, 0x00, 0x00, 0x00, 0x00, 0x00, 0x00, 0x00, 0x00, 0x00, 0x00, 0x00, 0x00, 0x00, 0x00, 
    0x00, 0x00, 0x00, 0x00, 0x00, 0x00, 0x00, 0x00, 0x00, 0x00, 0x00, 0x00, 0x00, 0x00, 0x00, 0x00, 
    0x00, 0x00, 0x00, 0x00, 0x00, 0x00, 0x00, 0x00, 0x00, 0x00, 0x00, 0x00, 0x00, 0x00, 0x00, 0x00, 
    0x00, 0x00, 0x00, 0x00, 0x00, 0x00, 0x00, 0x00, 0x00, 0x00, 0x00, 0x00, 0x00, 0x00, 0x00, 0x00, 
    0x00, 0x00, 0x00, 0x00, 0x00, 0x00, 0x00, 0x00, 0x00, 0x00, 0x00, 0x00, 0x00, 0x00, 0x00, 0x00, 
    0x00, 0x00, 0x00, 0x00, 0x00, 0x00, 0x00, 0x00, 0x00, 0x00, 0x00, 0x00, 0x00, 0x00, 0x00, 0x00, 
    0x00, 0x00, 0x00, 0x00, 0x00, 0x00, 0x00, 0x00, 0x00, 0x00, 0x00, 0x00, 0x00, 0x00, 0x00, 0x00, 
    0x00, 0x00, 0x00, 0x00, 0x00, 0x00, 0x00, 0x00, 0x00, 0x00, 0x00, 0x00, 0x00, 0x00, 0x00, 0x00, 
    0x00, 0x00, 0x00, 0x00, 0x00, 0x00, 0x00, 0x00, 0x00, 0x00, 0x00, 0x00, 0x00, 0x00, 0x00, 0x00, 
    0x00, 0x00, 0x00, 0x00, 0x00, 0x00, 0x00, 0x00, 0x00, 0x00, 0x00, 0x00, 0x00, 0x00, 0x00, 0x00, 
    0x00, 0x00, 0x00, 0x00, 0x00, 0x00, 0x00, 0x00, 0x00, 0x00, 0x00, 0x00, 0x00, 0x00, 0x00, 0x00, 
    0x00, 0x00, 0x00, 0x00, 0x00, 0x00, 0x00, 0x00, 0x00, 0x00, 0x00, 0x00, 0x00, 0x00, 0x00, 0x00, 
    0x00, 0x00, 0x00, 0x00, 0x00, 0x00, 0x00, 0x00, 0x00, 0x00, 0x00, 0x00, 0x00, 0x00, 0x00, 0x00, 
    0x00, 0x00, 0x00, 0x00, 0x00, 0x00, 0x00, 0x00, 0x00, 0x00, 0x00, 0x00, 0x00, 0x00, 0x00, 0x00, 
    0x00, 0x00, 0x00, 0x00, 0x00, 0x00, 0x00, 0x00, 0x00, 0x00, 0x00, 0x00, 0x00, 0x00, 0x00, 0x00, 
    0x00, 0x00, 0x00, 0x00, 0x00, 0x00, 0x00, 0x00, 0x00, 0x00, 0x00, 0x00, 0x00, 0x00, 0x00, 0x00, 
    0x00, 0x00, 0x00, 0x00, 0x00, 0x00, 0x00, 0x00, 0x00, 0x00, 0x00, 0x00, 0x00, 0x00, 0x00, 0x00, 
    0x00, 0x00, 0x00, 0x00, 0x00, 0x00, 0x00, 0x00, 0x00, 0x00, 0x00, 0x00, 0x00, 0x00, 0x00, 0x00, 
    0x00, 0x00, 0x00, 0x00, 0x00, 0x00, 0x00, 0x00, 0x00, 0x00, 0x00, 0x00, 0x00, 0x00, 0x00, 0x00, 
    0x00, 0x00, 0x00, 0x00, 0x00, 0x00, 0x00, 0x00, 0x00, 0x00, 0x00, 0x00, 0x00, 0x00, 0x00, 0x00, 
    0x00, 0x00, 0x00, 0x00, 0x00, 0x00, 0x00, 0x00, 0x00, 0x00, 0x00, 0x00, 0x00, 0x00, 0x00, 0x00, 
    0x00, 0x00, 0x00, 0x00, 0x00, 0x00, 0x00, 0x00, 0x00, 0x00, 0x00, 0x00, 0x00, 0x00, 0x00, 0x00, 
    0x00, 0x00, 0x00, 0x00, 0x00, 0x00, 0x00, 0x00, 0x00, 0x00, 0x00, 0x00, 0x00, 0x00, 0x00, 0x00, 
    0x00, 0x00, 0x00, 0x00, 0x00, 0x00, 0x00, 0x00, 0x00, 0x00, 0x00, 0x00, 0x00, 0x00, 0x00, 0x00, 
    0x00, 0x00, 0x00, 0x00, 0x00, 0x00, 0x00, 0x00, 0x00, 0x00, 0x00, 0x00, 0x00, 0x00, 0x00, 0x00, 
    0x00, 0x00, 0x00, 0x00, 0x00, 0x00, 0x00, 0x00, 0x00, 0x00, 0x00, 0x00, 0x00, 0x00, 0x00, 0x00, 
    0x00, 0x00, 0x00, 0x00, 0x00, 0x00, 0x00, 0x00, 0x00, 0x00, 0x00, 0x00, 0x00, 0x00, 0x00, 0x00, 
    0x00, 0x00, 0x00, 0x00, 0x00, 0x00, 0x00, 0x00, 0x00, 0x00, 0x00, 0x00, 0x00, 0x00, 0x00, 0x00, 
    0x00, 0x00, 0x00, 0x00, 0x00, 0x00, 0x00, 0x00, 0x00, 0x00, 0x00, 0x00, 0x00, 0x00, 0x00, 0x00, 
    0x00, 0x00, 0x00, 0x00, 0x00, 0x00, 0x00, 0x00, 0x00, 0x00, 0x00, 0x00, 0x00, 0x00, 0x00, 0x00, 
    0x00, 0x00, 0x00, 0x00, 0x00, 0x00, 0x00, 0x00, 0x00, 0x00, 0x00, 0x00, 0x00, 0x00, 0x00, 0x00, 
    0x00, 0x00, 0x00, 0x00, 0x00, 0x00, 0x00, 0x00, 0x00, 0x00, 0x00, 0x00, 0x00, 0x00, 0x00, 0x00, 
    0x00, 0x00, 0x00, 0x00, 0x00, 0x00, 0x00, 0x00, 0x00, 0x00, 0x00, 0x00, 0x00, 0x00, 0x00, 0x00, 
    0x00, 0x00, 0x00, 0x00, 0x00, 0x00, 0x00, 0x00, 0x00, 0x00, 0x00, 0x00, 0x00, 0x00, 0x00, 0x00, 
    0x00, 0x00, 0x00, 0x00, 0x00, 0x00, 0x00, 0x00, 0x00, 0x00, 0x00, 0x00, 0x00, 0x00, 0x00, 0x00, 
    0x00, 0x00, 0x00, 0x00, 0x00, 0x00, 0x00, 0x00, 0x00, 0x00, 0x00, 0x00, 0x00, 0x00, 0x00, 0x00, 
    0x00, 0x00, 0x00, 0x00, 0x00, 0x00, 0x00, 0x00, 0x00, 0x00, 0x00, 0x00, 0x00, 0x00, 0x00, 0x00, 
    0x00, 0x00, 0x00, 0x00, 0x00, 0x00, 0x00, 0x00, 0x00, 0x00, 0x00, 0x00, 0x00, 0x00, 0x00, 0x00, 
    0x00, 0x00, 0x00, 0x00, 0x00, 0x00, 0x00, 0x00, 0x00, 0x00, 0x00, 0x00, 0x00, 0x00, 0x00, 0x00, 
    0x00, 0x00, 0x00, 0x00, 0x00, 0x00, 0x00, 0x00, 0x00, 0x00, 0x00, 0x00, 0x00, 0x00, 0x00, 0x00, 
    0x00, 0x00, 0x00, 0x00, 0x00, 0x00, 0x00, 0x00, 0x00, 0x00, 0x00, 0x00, 0x00, 0x00, 0x00, 0x00, 
    0x00, 0x00, 0x00, 0x00, 0x00, 0x00, 0x00, 0x00, 0x00, 0x00, 0x00, 0x00, 0x00, 0x00, 0x00, 0x00, 
    0x00, 0x00, 0x00, 0x00, 0x00, 0x00, 0x00, 0x00, 0x00, 0x00, 0x00, 0x00, 0x00, 0x00, 0x00, 0x00, 
    0x00, 0x00, 0x00, 0x00, 0x00, 0x00, 0x00, 0x00, 0x00, 0x00, 0x00, 0x00, 0x00, 0x00, 0x00, 0x00, 
    0x00, 0x00, 0x00, 0x00, 0x00, 0x00, 0x00, 0x00, 0x00, 0x00, 0x00, 0x00, 0x00, 0x00, 0x00, 0x00, 
    0x00, 0x00, 0x00, 0x00, 0x00, 0x00, 0x00, 0x00, 0x00, 0x00, 0x00, 0x00, 0x00, 0x00, 0x00, 0x00, 
    0x00, 0x00, 0x00, 0x00, 0x00, 0x00, 0x00, 0x00, 0x00, 0x00, 0x00, 0x00, 0x00, 0x00, 0x00, 0x00, 
    0x00, 0x00, 0x00, 0x00, 0x00, 0x00, 0x00, 0x00, 0x00, 0x00, 0x00, 0x00, 0x00, 0x00, 0x00, 0x00, 
    0x00, 0x00, 0x00, 0x00, 0x00, 0x00, 0x00, 0x00, 0x00, 0x00, 0x00, 0x00, 0x00, 0x00, 0x00, 0x00, 
    0x00, 0x00, 0x00, 0x00, 0x00, 0x00, 0x00, 0x00, 0x00, 0x00, 0x00, 0x00, 0x00, 0x00, 0x00, 0x00, 
    0x00, 0x00, 0x00, 0x00, 0x00, 0x00, 0x00, 0x00, 0x00, 0x00, 0x00, 0x00, 0x00, 0x00, 0x00, 0x00, 
    0x00, 0x00, 0x00, 0x00, 0x00, 0x00, 0x00, 0x00, 0x00, 0x00, 0x00, 0x00, 0x00, 0x00, 0x00, 0x00, 
    0x00, 0x00, 0x00, 0x00, 0x00, 0x00, 0x00, 0x00, 0x00, 0x00, 0x00, 0x00, 0x00, 0x00, 0x00, 0x00, 
    0x00, 0x00, 0x00, 0x00, 0x00, 0x00, 0x00, 0x00, 0x00, 0x00, 0x00, 0x00, 0x00, 0x00, 0x00, 0x00, 
    0x00, 0x00, 0x00, 0x00, 0x00, 0x00, 0x00, 0x00, 0x00, 0x00, 0x00, 0x00, 0x00, 0x00, 0x00, 0x00, 
    0x00, 0x00, 0x00, 0x00, 0x00, 0x00, 0x00, 0x00, 0x00, 0x00, 0x00, 0x00, 0x00, 0x00, 0x00, 0x00, 
    0x00, 0x00, 0x00, 0x00, 0x00, 0x00, 0x00, 0x00, 0x00, 0x00, 0x00, 0x00, 0x00, 0x00, 0x00, 0x00, 
    0x00, 0x00, 0x00, 0x00, 0x00, 0x00, 0x00, 0x00, 0x00, 0x00, 0x00, 0x00, 0x00, 0x00, 0x00, 0x00, 
    0x00, 0x00, 0x00, 0x00, 0x00, 0x00, 0x00, 0x00, 0x00, 0x00, 0x00, 0x00, 0x00, 0x00, 0x00, 0x00, 
    0x00, 0x00, 0x00, 0x00, 0x00, 0x00, 0x00, 0x00, 0x00, 0x00, 0x00, 0x00, 0x00, 0x00, 0x00, 0x00, 
    0x00, 0x00, 0x00, 0x00, 0x00, 0x00, 0x00, 0x00, 0x00, 0x00, 0x00, 0x00, 0x00, 0x00, 0x00, 0x00, 
    0x00, 0x00, 0x00, 0x00, 0x00, 0x00, 0x00, 0x00, 0x00, 0x00, 0x00, 0x00, 0x00, 0x00, 0x00, 0x00, 
    0x00, 0x00, 0x00, 0x00, 0x00, 0x00, 0x00, 0x00, 0x00, 0x00, 0x00, 0x00, 0x00, 0x00, 0x00, 0x00, 
    0x00, 0x00, 0x00, 0x00, 0x00, 0x00, 0x00, 0x00, 0x00, 0x00, 0x00, 0x00, 0x00, 0x00, 0x00, 0x00, 
    0x00, 0x00, 0x00, 0x00, 0x00, 0x00, 0x00, 0x00, 0x00, 0x00, 0x00, 0x00, 0x00, 0x00, 0x00, 0x00, 
    0x00, 0x00, 0x00, 0x00, 0x00, 0x00, 0x00, 0x00, 0x00, 0x00, 0x00, 0x00, 0x00, 0x00, 0x00, 0x00, 
    0x00, 0x00, 0x00, 0x00, 0x00, 0x00, 0x00, 0x00, 0x00, 0x00, 0x00, 0x00, 0x00, 0x00, 0x00, 0x00, 
    0x00, 0x00, 0x00, 0x00, 0x00, 0x00, 0x00, 0x00, 0x00, 0x00, 0x00, 0x00, 0x00, 0x00, 0x00, 0x00, 
    0x00, 0x00, 0x00, 0x00, 0x00, 0x00, 0x00, 0x00, 0x00, 0x00, 0x00, 0x00, 0x00, 0x00, 0x00, 0x00, 
    0x00, 0x00, 0x00, 0x00, 0x00, 0x00, 0x00, 0x00, 0x00, 0x00, 0x00, 0x00, 0x00, 0x00, 0x00, 0x00, 
    0x00, 0x00, 0x00, 0x00, 0x00, 0x00, 0x00, 0x00, 0x00, 0x00, 0x00, 0x00, 0x00, 0x00, 0x00, 0x00, 
    0x00, 0x00, 0x00, 0x00, 0x00, 0x00, 0x00, 0x00, 0x00, 0x00, 0x00, 0x00, 0x00, 0x00, 0x00, 0x00
};

/* Partition 1 Tiles (1024+) - Load at VRAM base address 0x6000 (overlapping) */
const unsigned char bg_tiles_partition_1[] = {
    0xFF, 0x1B, 0xFF, 0x18, 0xFF, 0x1C, 0xFF, 0x00, 0xFF, 0x00, 0xFC, 0x03, 0x50, 0xFF, 0x80, 0x8F, 
    0x1B, 0x1B, 0x18, 0x18, 0x1C, 0x1C, 0x1F, 0x1F, 0xFF, 0xFF, 0xFC, 0xFC, 0x20, 0x70, 0x70, 0x90, 
    0xFF, 0x00, 0xFF, 0x40, 0xFF, 0xC0, 0xFF, 0x40, 0xFF, 0x01, 0xFF, 0x00, 0xFF, 0x00, 0xFF, 0x09, 
    0x00, 0x00, 0x40, 0x40, 0xC0, 0xC0, 0xC0, 0xC0, 0xF1, 0xF1, 0xC0, 0xC0, 0xC0, 0xC0, 0xF9, 0xF9, 
    0x7B, 0x00, 0xCF, 0x00, 0x7E, 0x00, 0xBF, 0x00, 0xB9, 0x00, 0xB8, 0x00, 0x00, 0x00, 0x00, 0x0E, 
    0x00, 0xFF, 0x40, 0xBF, 0x00, 0xFF, 0x00, 0xFF, 0x00, 0xFF, 0x00, 0xFF, 0x00, 0xFF, 0x00, 0xFF, 
    0x80, 0x3F, 0x00, 0x48, 0x22, 0x00, 0xE0, 0x00, 0xA0, 0x00, 0x83, 0x00, 0x00, 0x04, 0x00, 0x0E, 
    0x00, 0xFF, 0x00, 0xFF, 0x00, 0xFF, 0x00, 0xFF, 0x00, 0xFF, 0x00, 0xFF, 0x00, 0xFF, 0x00, 0xFF, 
    0xFF, 0x00, 0xFF, 0x00, 0xFF, 0x00, 0xFF, 0x00, 0xFF, 0x00, 0xFF, 0x00, 0xFF, 0x00, 0xFF, 0xA0, 
    0x00, 0x00, 0x00, 0x00, 0x00, 0x00, 0x00, 0x00, 0x00, 0x00, 0x00, 0x00, 0x00, 0x00, 0xA0, 0xA0, 
    0xFF, 0x00, 0xFF, 0x00, 0xFF, 0x00, 0xFF, 0x00, 0xFF, 0x3B, 0xFF, 0x2B, 0xFF, 0x40, 0xFF, 0x7E, 
    0x00, 0x00, 0x00, 0x00, 0x00, 0x00, 0x00, 0x00, 0x3B, 0x3B, 0x2B, 0x2B, 0x40, 0x40, 0x7E, 0x7E, 
    0x00, 0x3B, 0x00, 0xEF, 0x00, 0xFE, 0x00, 0xFF, 0x00, 0xFF, 0x00, 0xFF, 0x00, 0xFF, 0x00, 0xFF, 
    0x00, 0xFF, 0x00, 0xFF, 0x00, 0xFF, 0x78, 0x87, 0xFD, 0x02, 0xFE, 0x01, 0xFC, 0x03, 0x64, 0x9B, 
    0x00, 0x83, 0x00, 0x80, 0x03, 0x00, 0x00, 0x00, 0x00, 0xF0, 0x00, 0xF8, 0x0C, 0x80, 0x1E, 0x00, 
    0x00, 0xFF, 0x00, 0xFF, 0x00, 0xFF, 0x00, 0xFF, 0x00, 0xFF, 0x00, 0xFF, 0x00, 0xFF, 0x00, 0xFF, 
    0xFF, 0xFF, 0x7F, 0xFF, 0x1F, 0xFF, 0x03, 0xFF, 0x03, 0xFF, 0x00, 0xFF, 0x00, 0xFF, 0x00, 0xFF, 
    0x00, 0xFF, 0x00, 0x7F, 0x00, 0x1F, 0x00, 0x03, 0x00, 0x03, 0x00, 0x00, 0x00, 0x00, 0x00, 0x00, 
    0xC1, 0xE1, 0xFF, 0xFF, 0xFF, 0xFF, 0xFF, 0xFF, 0xFF, 0xFF, 0x03, 0xFF, 0x0C, 0xFF, 0x00, 0xFF, 
    0x3E, 0xFF, 0x00, 0xFF, 0x00, 0xFF, 0x00, 0xFF, 0x00, 0xFF, 0x00, 0x03, 0x00, 0x0C, 0x00, 0x00, 
    0xFF, 0x00, 0xFF, 0x00, 0xFF, 0x00, 0xFF, 0x00, 0xFF, 0xC0, 0xFF, 0x7F, 0xE0, 0xE0, 0x00, 0x00, 
    0xFF, 0x00, 0xFF, 0x00, 0xFF, 0x00, 0xFF, 0x00, 0x3F, 0x00, 0x80, 0x00, 0x1F, 0x00, 0xFF, 0x0B, 
    0xFF, 0x00, 0xFF, 0x00, 0xFF, 0x00, 0xFF, 0x00, 0xFF, 0x7D, 0xFF, 0xFF, 0x00, 0x00, 0x00, 0x00, 
    0xFF, 0x00, 0xFF, 0x00, 0xFF, 0x00, 0xFF, 0x00, 0x82, 0x00, 0x00, 0x00, 0xFF, 0x00, 0xFF, 0x29, 
    0xF7, 0x08, 0xFF, 0x00, 0xFF, 0x00, 0xFF, 0x00, 0xFF, 0x00, 0xFF, 0x00, 0xFF, 0x00, 0xFF, 0x00, 
    0xF7, 0xF7, 0xFF, 0xFF, 0xFF, 0xFF, 0xFF, 0xFF, 0xFF, 0xFF, 0xFF, 0xFF, 0xFF, 0xFF, 0xFF, 0xFF, 
    0xFD, 0x02, 0xFF, 0x00, 0xFF, 0x00, 0xFF, 0x00, 0xFF, 0x00, 0xFF, 0x00, 0xFF, 0x00, 0xFF, 0x00, 
    0xFD, 0xFD, 0xFF, 0xFF, 0xFF, 0xFF, 0xFF, 0xFF, 0xFF, 0xFF, 0xFF, 0xFF, 0xFF, 0xFF, 0xFF, 0xFF, 
    0x00, 0xFF, 0x00, 0xFF, 0x00, 0xFF, 0x00, 0xCF, 0x00, 0xED, 0x00, 0xFF, 0x00, 0xFF, 0x00, 0xFF, 
    0x7E, 0x81, 0xCE, 0x31, 0x09, 0xF6, 0x00, 0xFF, 0x0C, 0xF3, 0x0D, 0xF2, 0x3F, 0xC0, 0x4F, 0xB0, 
    0x00, 0xFF, 0x00, 0xFF, 0x00, 0xFF, 0x00, 0xFF, 0x00, 0xFF, 0x00, 0xFF, 0x00, 0xFF, 0x00, 0xFF, 
    0x3F, 0xC0, 0x3F, 0xC0, 0xFF, 0x00, 0x7C, 0x83, 0xFE, 0x01, 0xFD, 0x02, 0xBF, 0x40, 0x93, 0x6C, 
    0x74, 0x7C, 0x7C, 0x78, 0xC6, 0xC0, 0x60, 0x4C, 0xC0, 0x81, 0x90, 0x00, 0xD7, 0x00, 0xFF, 0x00, 
    0x83, 0xF6, 0x8F, 0xF0, 0x32, 0xCD, 0xE0, 0x1F, 0x80, 0x7F, 0x80, 0x7F, 0x02, 0xFD, 0x10, 0xEF, 
    0x4F, 0x44, 0x8F, 0xC0, 0x6F, 0x82, 0xFB, 0x00, 0xFF, 0x00, 0xFF, 0x0C, 0xFF, 0x20, 0xF3, 0x00, 
    0xCC, 0xB3, 0x80, 0x7F, 0x03, 0xFC, 0x59, 0xA6, 0x7E, 0x81, 0x0D, 0xF2, 0x28, 0xD7, 0x00, 0xFF, 
    0xFF, 0x00, 0xFF, 0x00, 0xFF, 0x00, 0xFF, 0x00, 0xFF, 0x00, 0xFF, 0x00, 0xFF, 0x00, 0xFF, 0x00, 
    0xFF, 0x00, 0xFF, 0x00, 0xFF, 0x00, 0xFF, 0x00, 0xFF, 0x00, 0xFF, 0x00, 0xFF, 0x00, 0xFF, 0x00, 
    0xFF, 0x00, 0xFF, 0x00, 0xFF, 0x00, 0xFF, 0x00, 0xFF, 0x00, 0xFF, 0x00, 0xFF, 0x00, 0xFF, 0x00, 
    0xFF, 0x00, 0xFF, 0x00, 0xFF, 0x00, 0xFF, 0x00, 0xFF, 0x00, 0xFF, 0x00, 0xFF, 0x00, 0xFF, 0x00, 
    0x1E, 0xFE, 0x11, 0x11, 0x8C, 0x88, 0x3F, 0x3D, 0x7E, 0x78, 0xFF, 0xF9, 0xEF, 0xC4, 0xCF, 0x00, 
    0x01, 0x1E, 0xFE, 0x01, 0xFF, 0x00, 0xFF, 0x00, 0xFF, 0x00, 0xFB, 0x04, 0xCF, 0x30, 0xC0, 0x3F, 
    0xF8, 0xFF, 0xFC, 0xFF, 0xF8, 0xFF, 0xBB, 0xBF, 0x3F, 0x3F, 0x0F, 0x0F, 0xCF, 0x8F, 0x5F, 0x1F, 
    0x00, 0xF8, 0x00, 0xFC, 0x00, 0xF8, 0xC0, 0x7B, 0xC0, 0x7F, 0xF0, 0x0F, 0xF0, 0x0F, 0x60, 0xBF, 
    0xFE, 0xFE, 0x00, 0x00, 0x00, 0x00, 0x78, 0x78, 0xFF, 0xFF, 0xFF, 0xFF, 0xFF, 0xFF, 0xFF, 0xFF, 
    0x81, 0x00, 0xFF, 0x00, 0xFF, 0xFF, 0x87, 0xFF, 0x00, 0xFF, 0x00, 0xFF, 0x00, 0xFF, 0x00, 0xFF, 
    0x3F, 0x3F, 0x00, 0x00, 0x00, 0x00, 0x40, 0x40, 0xC0, 0xC8, 0xF8, 0xFD, 0xFB, 0xFF, 0xFF, 0xFF, 
    0xC0, 0x00, 0xFF, 0x00, 0xFF, 0xFC, 0xBF, 0xFF, 0x3F, 0xFF, 0x07, 0xFF, 0x04, 0xFF, 0x00, 0xFF, 
    0xFF, 0x00, 0xFF, 0x00, 0xFF, 0x00, 0xFF, 0x00, 0xFF, 0x39, 0xFF, 0x00, 0xFF, 0x00, 0xFF, 0x00, 
    0x00, 0x00, 0x00, 0x00, 0x00, 0x00, 0x00, 0x00, 0x39, 0x39, 0x04, 0x04, 0xFF, 0xFF, 0xFF, 0xFF, 
    0xFF, 0x00, 0xFF, 0x00, 0xFF, 0x00, 0xFF, 0x00, 0xFF, 0xDC, 0xFF, 0x02, 0xFF, 0x00, 0xFF, 0x00, 
    0x00, 0x00, 0x00, 0x00, 0x00, 0x00, 0x00, 0x00, 0xDC, 0xDC, 0x36, 0x36, 0xFF, 0xFF, 0xFF, 0xFF, 
    0x00, 0x78, 0x00, 0xFA, 0x00, 0xF0, 0x0C, 0xE0, 0x00, 0xF0, 0x00, 0xF9, 0x00, 0xFF, 0x00, 0xE7, 
    0x30, 0xCF, 0x60, 0x9F, 0x60, 0x9F, 0xC0, 0x3F, 0xC0, 0x3F, 0x80, 0x7F, 0x80, 0x7F, 0x00, 0xFF, 
    0x00, 0x78, 0x00, 0x6F, 0x00, 0xB6, 0x80, 0x68, 0x98, 0x00, 0x13, 0x00, 0x09, 0xE0, 0x00, 0x87, 
    0x00, 0xFF, 0x00, 0xFF, 0x00, 0xFF, 0x00, 0xFF, 0x00, 0xFF, 0x00, 0xFF, 0x00, 0xFF, 0x00, 0xFF, 
    0x0F, 0x00, 0x0E, 0x80, 0x78, 0x01, 0x60, 0x07, 0x00, 0x07, 0x00, 0x0F, 0x00, 0x3F, 0x80, 0x21, 
    0x04, 0xFB, 0x00, 0xFF, 0x00, 0xFF, 0x00, 0xFF, 0x02, 0xFD, 0x06, 0xF9, 0x00, 0xFF, 0x00, 0xFF, 
    0x00, 0x03, 0x00, 0x7F, 0x00, 0xFF, 0x00, 0xFF, 0x00, 0xFF, 0x00, 0xFF, 0x00, 0xFF, 0x00, 0x7F, 
    0x01, 0xFE, 0x00, 0xFF, 0x07, 0xF8, 0x67, 0x98, 0x7E, 0x81, 0x7B, 0x84, 0x1F, 0xE0, 0x3F, 0xC0, 
    0xFF, 0x00, 0xFF, 0x00, 0xFF, 0x00, 0xFF, 0x00, 0xFF, 0x2A, 0xFF, 0x00, 0xFF, 0x00, 0xFF, 0x00, 
    0x00, 0x00, 0x00, 0x00, 0x00, 0x00, 0x00, 0x00, 0x2A, 0x2A, 0x17, 0x17, 0xFF, 0xFF, 0xFF, 0xFF, 
    0xFF, 0x00, 0xFF, 0x00, 0xFF, 0x00, 0xFF, 0x00, 0xFF, 0xC7, 0x7F, 0x80, 0xFF, 0x00, 0xFF, 0x00, 
    0x00, 0x00, 0x00, 0x00, 0x00, 0x00, 0x00, 0x00, 0xC7, 0xC7, 0x7F, 0x7F, 0xFF, 0xFF, 0xFF, 0xFF, 
    0x90, 0x00, 0xCD, 0x00, 0x01, 0x08, 0x00, 0x26, 0xCF, 0x21, 0xFF, 0x06, 0xFF, 0x02, 0xFF, 0x00, 
    0x00, 0xFF, 0x80, 0x7F, 0x00, 0xFF, 0x00, 0xFF, 0x03, 0xFC, 0x07, 0xF8, 0x06, 0xF9, 0x0B, 0xF4, 
    0xEF, 0x4F, 0xE1, 0xE1, 0xFD, 0x1D, 0xFB, 0x0B, 0xFE, 0x02, 0xFF, 0x1F, 0xFF, 0x10, 0xFF, 0x01, 
    0x70, 0x8F, 0xFE, 0x09, 0xBE, 0x41, 0x0F, 0xF0, 0x1B, 0xE4, 0xBF, 0x40, 0x35, 0xCA, 0x7F, 0x80, 
    0xFF, 0x00, 0xFF, 0x00, 0xFE, 0x00, 0xF8, 0x00, 0xF0, 0x01, 0xF0, 0x03, 0xF0, 0x01, 0xF9, 0x00, 
    0xF8, 0x07, 0xF0, 0x0F, 0xE0, 0x1F, 0xF0, 0x0F, 0xE0, 0x1F, 0x80, 0x7F, 0xC0, 0x3F, 0xC0, 0x3F, 
    0x00, 0x7F, 0x00, 0x7F, 0x00, 0x7F, 0x00, 0xFF, 0x00, 0xFF, 0x00, 0xFF, 0x00, 0xFF, 0xED, 0x00, 
    0x3F, 0xC0, 0x3F, 0xC0, 0x3F, 0xC0, 0x7F, 0x80, 0xFF, 0x00, 0x9E, 0x61, 0x00, 0xFF, 0x00, 0xFF, 
    0x0B, 0x90, 0xFF, 0x00, 0xFE, 0x00, 0xD8, 0x00, 0xF0, 0x08, 0x70, 0x00, 0x00, 0x00, 0x00, 0x07, 
    0x00, 0xFF, 0x01, 0xFE, 0x18, 0xE7, 0x00, 0xFF, 0x00, 0xFF, 0x00, 0xFF, 0x00, 0xFF, 0x00, 0xFF, 
    0xFE, 0x00, 0xBC, 0x00, 0x03, 0x00, 0x33, 0x80, 0x07, 0x00, 0x06, 0x80, 0x18, 0x00, 0x30, 0x43, 
    0x20, 0xDF, 0x00, 0xFF, 0x00, 0xFF, 0x00, 0xFF, 0x00, 0xFF, 0x00, 0xFF, 0x00, 0xFF, 0x00, 0xFF, 
    0xF0, 0xFF, 0xFF, 0xFF, 0xFF, 0xFF, 0x1F, 0x1F, 0x7E, 0x7F, 0xFE, 0xFF, 0xEF, 0xAF, 0xF7, 0xE7, 
    0x00, 0xF0, 0x00, 0xFF, 0x00, 0xFF, 0xE0, 0x1F, 0xE0, 0x1E, 0xE0, 0x1E, 0xF0, 0x0F, 0xF8, 0x07, 
    0x00, 0xFF, 0x00, 0xFF, 0x00, 0xFF, 0x00, 0xFF, 0x00, 0xFF, 0x00, 0xFF, 0xC0, 0xFF, 0xF0, 0xFF, 
    0x00, 0x00, 0x00, 0x00, 0x00, 0x00, 0x00, 0x00, 0x00, 0x00, 0x00, 0x00, 0x00, 0xC0, 0x00, 0xF0, 
    0xC0, 0x3F, 0xC0, 0x3F, 0x00, 0xFF, 0x00, 0xFF, 0x00, 0xFF, 0x00, 0xFF, 0x00, 0xFF, 0x00, 0xFF, 
    0xC0, 0xC0, 0xC0, 0xC0, 0x00, 0x00, 0x00, 0x00, 0x00, 0x00, 0x00, 0x00, 0x00, 0x00, 0x00, 0x00, 
    0x00, 0xFF, 0x18, 0xE7, 0x00, 0xFF, 0x00, 0xFF, 0x00, 0xFF, 0x00, 0xFF, 0x00, 0xFF, 0x00, 0xFF, 
    0x00, 0x00, 0x18, 0x18, 0x00, 0x00, 0x00, 0x00, 0x00, 0x00, 0x00, 0x00, 0x00, 0x00, 0x00, 0x00, 
    0x12, 0xC0, 0x00, 0xF8, 0x00, 0xF0, 0x00, 0x8B, 0x00, 0x9F, 0x00, 0xFF, 0x00, 0xFF, 0x00, 0xFF, 
    0x00, 0xFF, 0x40, 0xBF, 0x00, 0xFF, 0x00, 0xFF, 0x01, 0xFE, 0x18, 0xE7, 0x1C, 0xE3, 0x0F, 0xF0, 
    0x40, 0x0D, 0x00, 0x3B, 0x00, 0xFB, 0x00, 0xFF, 0x00, 0xFF, 0x00, 0xFF, 0x00, 0xFF, 0x00, 0xFF, 
    0x00, 0xFF, 0x10, 0xEF, 0x00, 0xFF, 0x1E, 0xE1, 0xFF, 0x00, 0x7F, 0x80, 0x7F, 0x80, 0xFE, 0x01, 
    0x00, 0xFF, 0x00, 0xFF, 0x00, 0xFF, 0x00, 0xFF, 0x00, 0xFF, 0x00, 0xFF, 0x00, 0xFF, 0x00, 0xFF, 
    0x00, 0x00, 0x00, 0x00, 0x00, 0x00, 0x00, 0x00, 0x00, 0x00, 0x00, 0x00, 0x00, 0x00, 0x00, 0x00, 
    0x00, 0xFF, 0x21, 0xDE, 0x00, 0xFF, 0x00, 0xFF, 0x00, 0xFF, 0x00, 0xFF, 0x00, 0xFF, 0x00, 0xFF, 
    0x00, 0x00, 0x21, 0x21, 0x00, 0x00, 0x00, 0x00, 0x00, 0x00, 0x00, 0x00, 0x00, 0x00, 0x00, 0x00, 
    0x00, 0xFF, 0x00, 0xFF, 0x00, 0xFF, 0x00, 0xFF, 0x00, 0xFF, 0x00, 0xFF, 0x00, 0xFF, 0x00, 0xFF, 
    0x00, 0x00, 0x00, 0x00, 0x00, 0x00, 0x00, 0x00, 0x00, 0x00, 0x00, 0x00, 0x00, 0x00, 0x00, 0x00, 
    0x00, 0xFF, 0x19, 0xE6, 0x00, 0xFF, 0x00, 0xFF, 0x00, 0xFF, 0x00, 0xFF, 0x00, 0xFF, 0x00, 0xFF, 
    0x00, 0x00, 0x19, 0x19, 0x00, 0x00, 0x00, 0x00, 0x00, 0x00, 0x00, 0x00, 0x00, 0x00, 0x00, 0x00, 
    0x00, 0x0D, 0x00, 0x0F, 0x00, 0xBE, 0x00, 0x7E, 0x00, 0x3F, 0x00, 0x7F, 0x00, 0x7F, 0x00, 0x3F, 
    0x00, 0xFF, 0x00, 0xFF, 0x00, 0xFF, 0x00, 0xFF, 0x00, 0xFF, 0x01, 0xFE, 0x07, 0xF8, 0x07, 0xF8, 
    0x1F, 0x00, 0x4E, 0x80, 0x00, 0x00, 0x00, 0x03, 0x00, 0xFF, 0x00, 0xFF, 0x00, 0xFF, 0x00, 0xFF, 
    0x02, 0xFD, 0x00, 0xFF, 0x00, 0xFF, 0x00, 0xFF, 0x01, 0xFE, 0x1E, 0xE1, 0xF6, 0x09, 0xC6, 0x39, 
    0xFF, 0x02, 0xFF, 0x02, 0xFF, 0x00, 0xFF, 0x00, 0xFF, 0xF7, 0xFF, 0xA1, 0xFF, 0x0E, 0xFF, 0x0F, 
    0x02, 0x02, 0x02, 0x02, 0x00, 0x00, 0x00, 0x00, 0xF7, 0xF7, 0xA7, 0xA7, 0x0E, 0x0E, 0x0F, 0x0F, 
    0xFF, 0x00, 0xFF, 0x70, 0xFF, 0x70, 0xFF, 0x00, 0xFF, 0x80, 0xFF, 0x40, 0xFF, 0xC0, 0xFF, 0x90, 
    0x00, 0x00, 0x70, 0x70, 0x70, 0x70, 0x00, 0x00, 0xF8, 0xF8, 0x78, 0x78, 0xC0, 0xC0, 0x90, 0x90, 
    0xF8, 0x00, 0xC0, 0x00, 0x80, 0x03, 0x00, 0x20, 0x00, 0x20, 0x00, 0x03, 0x80, 0x7E, 0x00, 0x3C, 
    0x00, 0xFF, 0x00, 0xFF, 0x00, 0xFF, 0x00, 0xFF, 0x00, 0xFF, 0x00, 0xFF, 0x00, 0xFF, 0x00, 0xFF, 
    0x0F, 0x00, 0x3F, 0x00, 0x7E, 0x01, 0x7F, 0x00, 0x67, 0x10, 0x4F, 0x12, 0x7F, 0x02, 0x7F, 0x04, 
    0x00, 0xFF, 0x07, 0xF8, 0x00, 0xFF, 0x00, 0xFF, 0x03, 0xFC, 0x06, 0xF9, 0x02, 0xFD, 0x04, 0xFB, 
    0xFF, 0x00, 0xFF, 0x00, 0xFF, 0xC0, 0xFF, 0x40, 0xFF, 0x00, 0xFF, 0x3B, 0x00, 0x00, 0x00, 0x00, 
    0xFF, 0x00, 0xFF, 0x00, 0xFF, 0x00, 0xFF, 0x00, 0xFF, 0x00, 0xF5, 0x00, 0xFF, 0x00, 0xFF, 0x00, 
    0xFF, 0x1E, 0xFF, 0x00, 0xFF, 0x03, 0xF8, 0x08, 0xF2, 0xF2, 0x80, 0x80, 0x00, 0x00, 0x00, 0x00, 
    0xFF, 0x00, 0xFF, 0x00, 0xFF, 0x00, 0xFF, 0x00, 0x8F, 0x00, 0x7F, 0x00, 0xFF, 0x20, 0xFF, 0xF8, 
    0x00, 0xFF, 0x00, 0xFF, 0x00, 0xFF, 0x00, 0xFF, 0x00, 0xFF, 0x00, 0xFF, 0x00, 0xF7, 0xFF, 0x00, 
    0xFF, 0x00, 0xFF, 0x00, 0xFF, 0x00, 0xFF, 0x00, 0xF7, 0x08, 0x20, 0xDF, 0x00, 0xFF, 0xFF, 0x00, 
    0x00, 0xFF, 0x00, 0xFF, 0x00, 0xFF, 0x00, 0xFF, 0x00, 0xFF, 0x00, 0xFF, 0x01, 0x00, 0xFF, 0x00, 
    0xFF, 0x00, 0xFF, 0x00, 0xFF, 0x00, 0xFF, 0x00, 0x3C, 0xC3, 0x00, 0xFF, 0x00, 0xFF, 0xFF, 0x00, 
    0xDC, 0xFC, 0xF1, 0xF0, 0xE0, 0xE0, 0xC7, 0xC6, 0xEE, 0xC5, 0x58, 0x04, 0x60, 0x0A, 0x20, 0x0F, 
    0x03, 0xDE, 0x0F, 0xF8, 0x1E, 0xE1, 0x3F, 0xF0, 0xFE, 0x01, 0xC0, 0x3F, 0xA0, 0x5F, 0xE0, 0x1F, 
    0x80, 0xBF, 0x00, 0xFE, 0x00, 0xF9, 0x00, 0x78, 0x00, 0xBE, 0x00, 0xFF, 0x00, 0xFF, 0x0F, 0xF1, 
    0x81, 0x7E, 0x74, 0x8B, 0x48, 0xB7, 0x08, 0xF7, 0x00, 0xFF, 0x8C, 0x73, 0x14, 0xEB, 0x09, 0xF6, 
    0x1F, 0x80, 0x01, 0x00, 0x98, 0x00, 0x60, 0x00, 0x00, 0xC2, 0x00, 0xE6, 0x00, 0xFF, 0x00, 0xFF, 
    0x00, 0xFF, 0x00, 0xFF, 0x00, 0xFF, 0x00, 0xFF, 0x00, 0xFF, 0x00, 0xFF, 0xF9, 0x06, 0xF8, 0x07, 
    0xC0, 0x00, 0x00, 0x00, 0x06, 0x00, 0x18, 0x00, 0x18, 0x41, 0x3C, 0x81, 0x78, 0x80, 0x00, 0x80, 
    0x00, 0xFF, 0x00, 0xFF, 0x00, 0xFF, 0x00, 0xFF, 0x00, 0xFF, 0x00, 0xFF, 0x00, 0xFF, 0x00, 0xFF, 
    0x03, 0x03, 0x03, 0x03, 0x01, 0x01, 0x00, 0x00, 0x80, 0x80, 0x80, 0x80, 0xC0, 0xC0, 0xF8, 0xF8, 
    0xFF, 0x00, 0xFC, 0x00, 0xFE, 0x00, 0xFF, 0xF0, 0x7F, 0xF0, 0x7F, 0xF8, 0x3F, 0xFF, 0x07, 0xFF, 
    0xFF, 0x80, 0xFF, 0xFE, 0xFF, 0xFF, 0x0F, 0x0F, 0x01, 0x01, 0x00, 0x00, 0x00, 0x00, 0x00, 0x00, 
    0xFF, 0x00, 0x3F, 0x00, 0x7F, 0x00, 0xF0, 0x00, 0xFE, 0x00, 0xFF, 0x00, 0xFF, 0xF0, 0xFF, 0xFF, 
    0xF8, 0x00, 0x68, 0x00, 0xE0, 0x1B, 0xC0, 0x0D, 0x00, 0x0F, 0x00, 0x38, 0x40, 0x08, 0x00, 0x02, 
    0x00, 0xFF, 0x00, 0xFF, 0x00, 0xFF, 0x00, 0xFF, 0x00, 0xFF, 0x00, 0xFF, 0x00, 0xFF, 0x00, 0xFF, 
    0x00, 0xF0, 0x00, 0xE0, 0x00, 0xE2, 0x00, 0xCC, 0x02, 0x8C, 0x02, 0x10, 0x40, 0x04, 0x00, 0x02, 
    0x00, 0xFF, 0x00, 0xFF, 0x00, 0xFF, 0x80, 0x7F, 0x00, 0xFF, 0x00, 0xFF, 0x00, 0xFF, 0x00, 0xFF, 
    0x00, 0xEC, 0x01, 0xF0, 0x00, 0xF9, 0x00, 0xFF, 0x00, 0xFF, 0x00, 0xFF, 0x00, 0xFF, 0x00, 0xFF, 
    0x00, 0xFF, 0x80, 0x7F, 0x30, 0xCF, 0xC2, 0x3D, 0x81, 0x7E, 0xBC, 0x43, 0xFF, 0x00, 0x7C, 0x83, 
    0xF9, 0x00, 0xC0, 0x06, 0x00, 0x8F, 0x00, 0xFF, 0x00, 0xDF, 0x00, 0xFF, 0x00, 0xFF, 0x00, 0xFF, 
    0x00, 0xFF, 0x00, 0xFF, 0x00, 0xFF, 0x08, 0xF7, 0x8F, 0x70, 0xC7, 0x38, 0x83, 0x7C, 0x9E, 0x61, 
    0x80, 0x7F, 0x80, 0x7F, 0x00, 0xFF, 0x00, 0xFF, 0x80, 0x7F, 0x10, 0xEF, 0xF0, 0x0F, 0xF0, 0x0F, 
    0x80, 0x80, 0x80, 0x80, 0x00, 0x00, 0x00, 0x00, 0x80, 0x80, 0x10, 0x10, 0xF0, 0xF0, 0xF0, 0xF0, 
    0x78, 0xF8, 0x78, 0xF8, 0x38, 0xF8, 0x3C, 0xFC, 0x3F, 0xFF, 0x1F, 0xFF, 0x07, 0xFF, 0x03, 0xFF, 
    0x07, 0x7C, 0x07, 0x7E, 0x07, 0x3F, 0x03, 0x3F, 0x00, 0x3F, 0x00, 0x1F, 0x00, 0x07, 0x00, 0x03, 
    0xC4, 0xC3, 0xC8, 0x04, 0x08, 0xB0, 0x01, 0x48, 0x00, 0xE9, 0x4F, 0x00, 0x1F, 0x00, 0x1E, 0x40, 
    0x38, 0xC7, 0xC0, 0x3F, 0x00, 0xFF, 0x00, 0xFF, 0x00, 0xFF, 0x04, 0xFB, 0x0C, 0xF3, 0x00, 0xFF, 
    0x3C, 0x0F, 0x1C, 0x6F, 0x76, 0x07, 0xDE, 0x50, 0x3E, 0xE0, 0xC9, 0x00, 0x90, 0x26, 0x00, 0xD9, 
    0x18, 0xE4, 0x00, 0xFC, 0x68, 0x96, 0xFF, 0x00, 0x39, 0xC6, 0x89, 0x76, 0x00, 0xFF, 0x00, 0xFF, 
    0xFF, 0x00, 0xFF, 0x00, 0xFF, 0x00, 0xFF, 0x00, 0xFF, 0xFF, 0xE1, 0xE1, 0x00, 0x00, 0x00, 0x00, 
    0xFF, 0x00, 0xFF, 0x00, 0xFF, 0x00, 0xFF, 0x00, 0x0E, 0x00, 0x1E, 0x00, 0xFF, 0x00, 0xFF, 0x02, 
    0xFF, 0x00, 0xFF, 0x00, 0xFF, 0x00, 0xFF, 0x00, 0xFF, 0xFC, 0xBF, 0xBF, 0x07, 0x07, 0x00, 0x00, 
    0xFF, 0x00, 0xFF, 0x00, 0xFF, 0x00, 0xFF, 0x00, 0x03, 0x00, 0x40, 0x00, 0xF8, 0x00, 0xFF, 0x00, 
    0x00, 0x7F, 0x00, 0xFF, 0x00, 0xFF, 0x00, 0xFF, 0x00, 0xFF, 0x00, 0xFF, 0x00, 0xFF, 0x00, 0xFF, 
    0x00, 0xFF, 0x7F, 0x80, 0x7F, 0x80, 0xFF, 0x00, 0xFF, 0x00, 0xFF, 0x00, 0xFF, 0x00, 0xBF, 0x40, 
    0x00, 0xFF, 0x00, 0xFF, 0x00, 0xFF, 0x00, 0xFF, 0x00, 0xFF, 0x00, 0xFF, 0x00, 0xFF, 0x00, 0xFF, 
    0x1F, 0xE0, 0xBF, 0x40, 0x9F, 0x60, 0xFF, 0x00, 0x7E, 0x81, 0xF8, 0x07, 0xFF, 0x00, 0xFF, 0x00, 
    0x00, 0xFF, 0x00, 0xFF, 0x00, 0xFF, 0x80, 0x7F, 0xF7, 0x08, 0x86, 0x79, 0xFE, 0x01, 0xFE, 0x01, 
    0x00, 0x00, 0x00, 0x00, 0x00, 0x00, 0x80, 0x80, 0xF7, 0xF7, 0x86, 0x86, 0xFE, 0xFE, 0xFE, 0xFE, 
    0x00, 0xFF, 0x00, 0xFF, 0x00, 0xFF, 0x00, 0xFF, 0x00, 0xFF, 0xC3, 0x3C, 0x66, 0x99, 0xF0, 0x0F, 
    0x00, 0x00, 0x00, 0x00, 0x00, 0x00, 0x00, 0x00, 0x00, 0x00, 0xC3, 0xC3, 0x66, 0x66, 0xF0, 0xF0, 
    0x00, 0xEF, 0x00, 0xFF, 0x00, 0xFF, 0x00, 0xFF, 0x00, 0xFF, 0x00, 0xBF, 0x00, 0x0F, 0x00, 0x00, 
    0xC0, 0x3F, 0xF7, 0x08, 0xFF, 0x00, 0xFE, 0x01, 0x1E, 0xE1, 0x04, 0xFB, 0x04, 0xFB, 0x00, 0xFF, 
    0x00, 0xFA, 0x00, 0xF1, 0x00, 0xFF, 0x00, 0xFF, 0x00, 0xFF, 0x00, 0xFF, 0x00, 0x3F, 0x00, 0x32, 
    0x30, 0xCF, 0xE0, 0x1F, 0xE4, 0x1B, 0x7F, 0x80, 0x3F, 0xC0, 0x1F, 0xE0, 0x10, 0xEF, 0x00, 0xFF, 
    0x00, 0x62, 0x00, 0xF8, 0x03, 0xF8, 0x37, 0x80, 0x64, 0x00, 0x03, 0x00, 0x02, 0x40, 0x02, 0x90, 
    0x00, 0xFF, 0x00, 0xFF, 0x00, 0xFF, 0x00, 0xFF, 0x00, 0xFF, 0x00, 0xFF, 0x00, 0xFF, 0x00, 0xFF, 
    0xFF, 0x00, 0xF8, 0x00, 0xC0, 0x00, 0xC0, 0x08, 0x80, 0x0F, 0x00, 0x01, 0x01, 0x00, 0x00, 0x01, 
    0x00, 0xFF, 0x00, 0xFF, 0x00, 0xFF, 0x00, 0xFF, 0x00, 0xFF, 0x00, 0xFF, 0x00, 0xFF, 0x00, 0xFF, 
    0xD7, 0x57, 0x3C, 0x0C, 0x31, 0x01, 0x4E, 0x8E, 0xFF, 0x0C, 0xFF, 0x10, 0xFF, 0x00, 0xE3, 0x00, 
    0xF8, 0x07, 0x3B, 0xC7, 0x1F, 0xE0, 0x3F, 0xC0, 0x3F, 0xC0, 0x7C, 0x83, 0x41, 0xBE, 0x02, 0xFD, 
    0xFF, 0xFF, 0xFF, 0xFF, 0x17, 0x17, 0x6F, 0x62, 0xFF, 0xA8, 0xFB, 0x81, 0x96, 0x00, 0x21, 0x08, 
    0x00, 0xFF, 0x00, 0xFF, 0xEF, 0x10, 0xFB, 0x04, 0xFC, 0x03, 0xD3, 0x2C, 0x82, 0x7D, 0x00, 0xFF, 
    0xFF, 0x00, 0xFF, 0x00, 0xFF, 0x80, 0xFF, 0xF0, 0x7F, 0x6F, 0x00, 0x00, 0x03, 0x03, 0x07, 0x07, 
    0xFF, 0x00, 0xFF, 0x00, 0xFF, 0x00, 0x7F, 0x00, 0x98, 0x00, 0xFF, 0x00, 0xFC, 0x00, 0xF8, 0x00, 
    0xFF, 0x00, 0xFF, 0x00, 0xFF, 0x01, 0xFF, 0x3F, 0xFC, 0xFC, 0x80, 0x80, 0x20, 0x20, 0x00, 0x00, 
    0xFF, 0x00, 0xFF, 0x00, 0xFE, 0x00, 0xC0, 0x00, 0x03, 0x01, 0x7F, 0x09, 0xDF, 0xDF, 0xFF, 0xBF, 
    0x7F, 0x30, 0xFE, 0x00, 0x8C, 0x00, 0xC3, 0x00, 0xE0, 0x00, 0x00, 0x01, 0x00, 0x03, 0x04, 0x01, 
    0x7A, 0x85, 0x30, 0xCF, 0x00, 0xFF, 0x00, 0xFF, 0x00, 0xFF, 0x00, 0xFF, 0x00, 0xFF, 0x00, 0xFF, 
    0x09, 0x25, 0x14, 0x54, 0x90, 0x10, 0x01, 0x20, 0x6E, 0x91, 0x02, 0x11, 0x8E, 0x70, 0x1C, 0x00, 
    0x05, 0xFA, 0x1B, 0xE3, 0x1F, 0xEC, 0x0E, 0xF1, 0x08, 0xF7, 0x02, 0xFD, 0x82, 0x7D, 0x00, 0xFF, 
    0xFF, 0x40, 0xFF, 0x40, 0xFF, 0x30, 0xFF, 0xBE, 0xFF, 0x00, 0xFF, 0x00, 0xFF, 0x10, 0xFF, 0x40, 
    0xC0, 0xC0, 0xC0, 0xC0, 0xB0, 0xB0, 0xBE, 0xBE, 0x00, 0x00, 0x07, 0x07, 0x1E, 0x1E, 0x5F, 0x5F, 
    0xFF, 0x23, 0xFF, 0x30, 0xFF, 0x36, 0xFF, 0x00, 0xFF, 0x7C, 0xFF, 0xD9, 0xFF, 0xC0, 0xE0, 0x1F, 
    0x23, 0x23, 0x3C, 0x3C, 0x36, 0x36, 0x07, 0x07, 0x7C, 0x7C, 0xD9, 0xD9, 0xFF, 0xFF, 0xE0, 0xE0, 
    0xC2, 0xFF, 0x00, 0xFF, 0x00, 0xFF, 0x00, 0xFF, 0x00, 0xFF, 0x00, 0xFF, 0xBC, 0xFF, 0x7F, 0xFF, 
    0x00, 0xC2, 0x00, 0x00, 0x00, 0x00, 0x00, 0x00, 0x00, 0x00, 0x00, 0x00, 0x00, 0xBC, 0x00, 0x7F, 
    0x7F, 0xFF, 0x3F, 0xFF, 0x0F, 0xFF, 0x0F, 0xFF, 0x0F, 0xFF, 0x1E, 0xFE, 0x3A, 0xFA, 0xD7, 0xD7, 
    0x00, 0x7F, 0x00, 0x3F, 0x00, 0x0F, 0x00, 0x0F, 0x00, 0x0F, 0x01, 0x1E, 0x05, 0x3E, 0x2F, 0xD0, 
    0xFF, 0x00, 0xFF, 0x00, 0x60, 0x00, 0x00, 0x00, 0x00, 0x00, 0x00, 0xF0, 0x00, 0xF8, 0x00, 0xF0, 
    0x08, 0xF7, 0x00, 0xFF, 0x00, 0xFF, 0x00, 0xFF, 0x00, 0xFF, 0x00, 0xFF, 0x80, 0x7F, 0x00, 0xFF, 
    0xEF, 0x40, 0xF0, 0x00, 0x00, 0x10, 0x40, 0x00, 0x01, 0x00, 0x00, 0x00, 0x00, 0x00, 0x03, 0x60, 
    0x41, 0xBE, 0x20, 0xDF, 0x00, 0xFF, 0x00, 0xFF, 0x00, 0xFF, 0x00, 0xFF, 0x00, 0xFF, 0x00, 0xFF, 
    0xFF, 0x00, 0xFF, 0x80, 0xFF, 0x80, 0xFF, 0x80, 0xFF, 0xC0, 0x7F, 0x60, 0x3F, 0x30, 0x1F, 0x1E, 
    0xFF, 0x00, 0xFF, 0x00, 0xFF, 0x00, 0xFF, 0x00, 0xFF, 0x00, 0xFF, 0x00, 0xFF, 0x00, 0xFF, 0x00, 
    0xFF, 0x00, 0xFF, 0x00, 0xFF, 0x00, 0xFF, 0x00, 0xFF, 0x00, 0xFF, 0x00, 0xFF, 0x00, 0xFF, 0x00, 
    0xFF, 0x00, 0xFF, 0x00, 0xFF, 0x00, 0xFF, 0x00, 0xFF, 0x00, 0xFF, 0x00, 0xFF, 0x00, 0xFF, 0x00, 
    0x00, 0x01, 0x30, 0x03, 0x00, 0x03, 0x00, 0x01, 0x00, 0x03, 0x00, 0x07, 0xF0, 0x00, 0xFF, 0x00, 
    0x00, 0xFF, 0x00, 0xFF, 0x00, 0xFF, 0x00, 0xFF, 0x00, 0xFF, 0x00, 0xFF, 0x00, 0xFF, 0x00, 0xFF, 
    0x00, 0xFE, 0x00, 0xFF, 0x00, 0xFE, 0x00, 0xFE, 0x00, 0xFE, 0x01, 0xF8, 0x07, 0x01, 0x1F, 0x01, 
    0xFC, 0x03, 0x70, 0x8F, 0x74, 0x8B, 0x00, 0xFF, 0x00, 0xFF, 0x00, 0xFF, 0x02, 0xFC, 0x02, 0xFC, 
    0xFF, 0x00, 0xFF, 0xB0, 0xFF, 0x80, 0xFF, 0x02, 0xFF, 0x5C, 0xFD, 0x17, 0x76, 0x8E, 0x13, 0xF2, 
    0x00, 0x00, 0xB0, 0xB0, 0x80, 0x80, 0x82, 0x82, 0x5D, 0x5D, 0xD4, 0xD5, 0x51, 0x57, 0x0E, 0x1D, 
    0xFF, 0x7E, 0xFF, 0x65, 0xFF, 0x90, 0xE6, 0x5F, 0x68, 0xF9, 0xD4, 0xD7, 0xDC, 0xC7, 0x5C, 0x47, 
    0x7E, 0x7E, 0x67, 0x67, 0x9F, 0x9F, 0x60, 0x66, 0x06, 0x68, 0x38, 0xE4, 0x38, 0xC4, 0x78, 0x84, 
    0x00, 0xFF, 0x00, 0xFF, 0x00, 0xFF, 0x00, 0xFF, 0x00, 0xFF, 0x00, 0xFF, 0x00, 0xFF, 0x30, 0xFF, 
    0x00, 0x00, 0x00, 0x00, 0x00, 0x00, 0x00, 0x00, 0x00, 0x00, 0x00, 0x00, 0x00, 0x00, 0x00, 0x30, 
    0x00, 0xFF, 0x00, 0xFF, 0x00, 0xFF, 0x00, 0xFF, 0x00, 0xFF, 0x00, 0xFF, 0x00, 0xFF, 0x00, 0xFF, 
    0x00, 0x00, 0x00, 0x00, 0x00, 0x00, 0x00, 0x00, 0x00, 0x00, 0x00, 0x00, 0x00, 0x00, 0x00, 0x00, 
    0x60, 0x60, 0xFD, 0xFD, 0xFF, 0x80, 0x8F, 0x00, 0x3F, 0x00, 0x1F, 0x00, 0x3F, 0x00, 0xFF, 0x00, 
    0xFF, 0x00, 0xFF, 0x00, 0xE6, 0x19, 0x03, 0xFC, 0x03, 0xFC, 0x07, 0xF8, 0x0F, 0xF0, 0x1F, 0xE0, 
    0x1F, 0x1C, 0xFF, 0x00, 0xFF, 0x00, 0xFF, 0x00, 0xFF, 0x00, 0xFF, 0x00, 0xFF, 0x00, 0xFF, 0x00, 
    0xFE, 0x01, 0xF1, 0x0E, 0x3F, 0xC0, 0xFF, 0x00, 0xFF, 0x00, 0xFF, 0x00, 0xFF, 0x00, 0xFF, 0x00, 
    0x00, 0x65, 0x00, 0xEF, 0x00, 0xFF, 0x00, 0xFD, 0x00, 0xFF, 0x00, 0xFF, 0x00, 0xFF, 0x00, 0xFF, 
    0x00, 0xFF, 0x00, 0xFF, 0x00, 0xFF, 0xF0, 0x0F, 0xF0, 0x0F, 0xF8, 0x07, 0x6C, 0x93, 0x07, 0xF8, 
    0x00, 0xD8, 0x10, 0xC0, 0x00, 0xED, 0x00, 0xFF, 0x00, 0xFF, 0x00, 0xFF, 0x00, 0xFF, 0x00, 0xFE, 
    0x90, 0x6F, 0x40, 0xBF, 0x00, 0xFF, 0x1F, 0xE0, 0xFE, 0x01, 0xFE, 0x01, 0xFE, 0x01, 0xFC, 0x03, 
    0x47, 0x00, 0x87, 0x00, 0x1F, 0x00, 0x7F, 0x00, 0xF9, 0x00, 0x59, 0x00, 0x39, 0x00, 0x00, 0x00, 
    0x00, 0xFF, 0x02, 0xFD, 0x00, 0xFF, 0x00, 0xFF, 0x40, 0xBF, 0x00, 0xFF, 0x00, 0xFF, 0x00, 0xFF, 
    0xFF, 0x00, 0xFF, 0x00, 0xFF, 0x00, 0xEF, 0x00, 0x9B, 0x00, 0x49, 0x00, 0x6C, 0x02, 0x37, 0x00, 
    0x00, 0xFF, 0x00, 0xFF, 0x00, 0xFF, 0x00, 0xFF, 0x00, 0xFF, 0x00, 0xFF, 0x00, 0xFF, 0x10, 0xEF, 
    0x00, 0xFF, 0x00, 0xFF, 0x00, 0xFF, 0x00, 0xFF, 0x00, 0xFF, 0x00, 0xFF, 0x3C, 0xFF, 0xFF, 0xFF, 
    0x00, 0x00, 0x00, 0x00, 0x00, 0x00, 0x00, 0x00, 0x00, 0x00, 0x00, 0x00, 0x00, 0x3C, 0x00, 0xFF, 
    0x00, 0xFF, 0x00, 0xFF, 0x00, 0xFF, 0x00, 0xFF, 0x00, 0xFF, 0x00, 0xFF, 0x00, 0xFF, 0xC0, 0xFF, 
    0x00, 0x00, 0x00, 0x00, 0x00, 0x00, 0x00, 0x00, 0x00, 0x00, 0x00, 0x00, 0x00, 0x00, 0x00, 0xC0, 
    0xFF, 0x00, 0xFF, 0x00, 0xFF, 0x00, 0xFF, 0x00, 0xFF, 0x03, 0xFF, 0x00, 0xFF, 0x00, 0xFF, 0x00, 
    0x00, 0x00, 0x00, 0x00, 0x00, 0x00, 0x00, 0x00, 0x03, 0x03, 0x00, 0x00, 0x00, 0x00, 0x00, 0x00, 
    0xFF, 0x00, 0xFF, 0x00, 0xFF, 0x00, 0xFF, 0x00, 0xFF, 0xC3, 0xFF, 0x06, 0xFF, 0x02, 0xFF, 0x80, 
    0x00, 0x00, 0x00, 0x00, 0x00, 0x00, 0x00, 0x00, 0xC3, 0xC3, 0x06, 0x06, 0x06, 0x06, 0x8D, 0x8D, 
    0x01, 0x01, 0x03, 0x03, 0xFF, 0xFF, 0xFF, 0xFF, 0xFF, 0xFF, 0xFF, 0xFF, 0x01, 0xFF, 0x07, 0xFF, 
    0xFE, 0x1F, 0xFC, 0xFF, 0x00, 0xFF, 0x00, 0xFF, 0x00, 0xFF, 0x00, 0xFF, 0x00, 0x01, 0x00, 0x07, 
    0x60, 0x60, 0xE0, 0xE0, 0x10, 0xD0, 0xFD, 0xFD, 0xFC, 0xFE, 0xFF, 0xFF, 0xFF, 0xFF, 0xE7, 0xFF, 
    0x9F, 0xF8, 0x1F, 0xF1, 0xEF, 0xFF, 0x02, 0xFF, 0x03, 0xFF, 0x00, 0xFF, 0x00, 0xFF, 0x00, 0xE7, 
    0x00, 0x1F, 0x00, 0x1F, 0x00, 0x9F, 0x00, 0x3F, 0x11, 0x26, 0x38, 0xD0, 0x0B, 0x00, 0xC7, 0xC4, 
    0x0C, 0xF3, 0x0C, 0xF3, 0x00, 0xFF, 0x18, 0xE7, 0x00, 0xFF, 0x30, 0xCF, 0xF0, 0x0F, 0x3D, 0xF2, 
    0x00, 0xF9, 0x00, 0x30, 0x00, 0x9F, 0x00, 0x9F, 0x00, 0xDE, 0x00, 0xFF, 0x00, 0xDF, 0x80, 0x5F, 
    0x00, 0xFF, 0x00, 0xFF, 0x00, 0xFF, 0x00, 0xFF, 0x02, 0xFD, 0x0A, 0xF5, 0x02, 0xFD, 0x82, 0x7D, 
    0x00, 0xFF, 0x00, 0xFF, 0x00, 0xFF, 0x00, 0xFF, 0x00, 0xFF, 0x00, 0xFF, 0x00, 0xFF, 0x00, 0xFF, 
    0xFF, 0x00, 0xFF, 0x00, 0xFC, 0x03, 0xE0, 0x1F, 0xE3, 0x1C, 0xFF, 0x00, 0x5F, 0xA0, 0x5F, 0xA0, 
    0x00, 0xFF, 0x00, 0xFF, 0x00, 0xFF, 0x01, 0xFE, 0x00, 0xFE, 0x00, 0xFE, 0x02, 0xF8, 0x00, 0xF8, 
    0xA7, 0x58, 0x31, 0xCE, 0x72, 0x8D, 0x7C, 0x83, 0xBC, 0x43, 0xC0, 0x3F, 0xE0, 0x1F, 0xC0, 0x3F, 
    0xFF, 0x00, 0xFF, 0x00, 0xFF, 0x00, 0xFF, 0x00, 0xFF, 0x00, 0xFF, 0x00, 0xFF, 0x00, 0xFF, 0x00, 
    0xFF, 0x00, 0xFF, 0x00, 0xFF, 0x00, 0xFF, 0x00, 0xFF, 0x00, 0xFF, 0x00, 0xFF, 0x00, 0xFF, 0x00, 
    0xFF, 0x00, 0xFF, 0x00, 0xFF, 0x04, 0xFF, 0x7C, 0xFF, 0x00, 0xFF, 0x01, 0xFF, 0x07, 0xFF, 0x3F, 
    0xFF, 0x00, 0xFF, 0x00, 0xFF, 0x00, 0xFF, 0x00, 0xFF, 0x00, 0xFF, 0x00, 0xFF, 0x00, 0xFF, 0x00, 
    0x00, 0xFF, 0x00, 0xFF, 0x00, 0xFF, 0x00, 0xFF, 0x00, 0xFF, 0x00, 0xFF, 0x00, 0xFF, 0x00, 0xFF, 
    0x00, 0x00, 0x00, 0x00, 0x00, 0x00, 0x00, 0x00, 0x00, 0x00, 0x00, 0x00, 0x00, 0x00, 0x00, 0x00, 
    0x01, 0xFF, 0x00, 0xFF, 0x00, 0xFF, 0x00, 0xFF, 0x00, 0xFF, 0x00, 0xFF, 0x00, 0xFF, 0x00, 0xFF, 
    0x00, 0x01, 0x00, 0x00, 0x00, 0x00, 0x00, 0x00, 0x00, 0x00, 0x00, 0x00, 0x00, 0x00, 0x00, 0x00, 
    0x40, 0xFF, 0x00, 0xFF, 0x00, 0xFF, 0x00, 0xFF, 0x00, 0xFF, 0x00, 0xFF, 0x00, 0xFF, 0x00, 0xFF, 
    0x00, 0x40, 0x00, 0x00, 0x00, 0x00, 0x00, 0x00, 0x00, 0x00, 0x00, 0x00, 0x00, 0x00, 0x00, 0x00, 
    0x00, 0xFF, 0x00, 0xFF, 0x00, 0xFF, 0x00, 0xFF, 0x00, 0xFF, 0x00, 0xFF, 0x00, 0xFF, 0x00, 0xFF, 
    0x00, 0x00, 0x00, 0x00, 0x00, 0x00, 0x00, 0x00, 0x00, 0x00, 0x00, 0x00, 0x00, 0x00, 0x00, 0x00, 
    0x00, 0x3E, 0x00, 0xFE, 0x00, 0xF7, 0x00, 0xF7, 0x00, 0xFF, 0x00, 0xFF, 0x00, 0xFE, 0x40, 0x0C, 
    0x04, 0xFB, 0x74, 0x8B, 0xE0, 0x1F, 0xC0, 0x3F, 0x30, 0xCF, 0xE0, 0x1F, 0x00, 0xFF, 0x00, 0xFF, 
    0x00, 0x2C, 0x00, 0x0C, 0x00, 0x3B, 0x00, 0x5F, 0x00, 0xDF, 0x00, 0x7F, 0x00, 0x7F, 0x00, 0xFF, 
    0x00, 0xFF, 0x00, 0xFF, 0x00, 0xFF, 0x09, 0xF6, 0x0F, 0xF0, 0x1E, 0xE1, 0x2E, 0xD1, 0x23, 0xDC, 
    0x13, 0x1F, 0x1F, 0xFF, 0x9F, 0xDF, 0xFE, 0xFF, 0xF8, 0xFF, 0xFC, 0xFF, 0xEC, 0xFF, 0xF4, 0xFF, 
    0xEC, 0xFF, 0xE0, 0xFF, 0x60, 0xFF, 0x00, 0xFE, 0x00, 0xF8, 0x00, 0xFC, 0x00, 0xEC, 0x00, 0xF4, 
    0xC0, 0xFF, 0x80, 0xFF, 0x00, 0xFF, 0x00, 0xFF, 0x00, 0xFF, 0x00, 0xFF, 0x00, 0xFF, 0x00, 0xFF, 
    0x00, 0xC0, 0x00, 0x80, 0x00, 0x00, 0x00, 0x00, 0x00, 0x00, 0x00, 0x00, 0x00, 0x00, 0x00, 0x00, 
    0xC8, 0x02, 0x9C, 0x00, 0xAC, 0x00, 0x61, 0x00, 0x87, 0x00, 0x1E, 0x60, 0x1B, 0xE0, 0x00, 0xC0, 
    0x00, 0xFF, 0x00, 0xFF, 0x00, 0xFF, 0x00, 0xFF, 0x00, 0xFF, 0x00, 0xFF, 0x00, 0xFF, 0x00, 0xFF, 
    0x71, 0x00, 0x61, 0x00, 0x02, 0x30, 0x83, 0x28, 0xBF, 0x00, 0x1F, 0x00, 0x07, 0x00, 0x03, 0xC0, 
    0x00, 0xFF, 0x00, 0xFF, 0x00, 0xFF, 0x00, 0xFF, 0x02, 0xFD, 0x02, 0xFD, 0x00, 0xFF, 0x00, 0xFF, 
    0xF0, 0xF0, 0xF1, 0xFD, 0xF4, 0xFE, 0xE3, 0xE3, 0xE7, 0xFF, 0xFC, 0xFF, 0xF0, 0xFF, 0x40, 0xFF, 
    0x0F, 0xFF, 0x0E, 0xFE, 0x0B, 0xFF, 0x1C, 0xFF, 0x18, 0xFF, 0x00, 0xFC, 0x00, 0xF0, 0x00, 0x40, 
    0x03, 0x8F, 0x4F, 0x4F, 0x3F, 0xFF, 0xFF, 0xFF, 0xC0, 0xFF, 0xC0, 0xFF, 0x00, 0xFF, 0x00, 0xFF, 
    0xFC, 0xDF, 0xB0, 0xFF, 0xC0, 0xFF, 0x00, 0xFF, 0x00, 0xC0, 0x00, 0xC0, 0x00, 0x00, 0x00, 0x00, 
    0xFF, 0xFF, 0xF0, 0xF0, 0x70, 0x40, 0xFF, 0x02, 0xCC, 0x00, 0xBC, 0x00, 0x7F, 0x10, 0xFE, 0x00, 
    0x00, 0xFF, 0x0F, 0xFB, 0xFF, 0x02, 0xA7, 0x58, 0xC8, 0x37, 0x18, 0xE7, 0x3C, 0xC3, 0x80, 0x7F, 
    0x8F, 0x88, 0x0F, 0x00, 0x38, 0x34, 0xD8, 0x83, 0x4F, 0x20, 0x8B, 0x00, 0x9F, 0x00, 0x71, 0x00, 
    0x7C, 0x83, 0xFC, 0x03, 0xF8, 0x07, 0xC0, 0x3F, 0x00, 0xFF, 0x00, 0xFF, 0x00, 0xFF, 0x00, 0xFF, 
    0x7F, 0xFF, 0x80, 0xFF, 0x00, 0xFF, 0x00, 0xFF, 0x00, 0xFF, 0x00, 0xFF, 0x00, 0xFF, 0x00, 0xFF, 
    0x00, 0x7F, 0x00, 0x80, 0x00, 0x00, 0x00, 0x00, 0x00, 0x00, 0x00, 0x00, 0x00, 0x00, 0x00, 0x00, 
    0x21, 0xFF, 0x0B, 0xFF, 0x00, 0xFF, 0x00, 0xFF, 0x00, 0xFF, 0x00, 0xFF, 0x00, 0xFF, 0x00, 0xFF, 
    0x00, 0x21, 0x00, 0x0B, 0x00, 0x00, 0x00, 0x00, 0x00, 0x00, 0x00, 0x00, 0x00, 0x00, 0x00, 0x00, 
    0xFC, 0x1C, 0xF0, 0x10, 0xE0, 0x80, 0xE0, 0xA0, 0xC0, 0xC0, 0x00, 0x00, 0x00, 0x00, 0x00, 0x00, 
    0xFF, 0x00, 0xEF, 0x00, 0xFF, 0x00, 0x5F, 0x00, 0x3F, 0x00, 0xFF, 0x03, 0xFF, 0x00, 0xFF, 0x00, 
    0x00, 0x00, 0x31, 0x30, 0x39, 0x38, 0x7F, 0x34, 0x74, 0x60, 0x1E, 0x00, 0x0D, 0x00, 0x7F, 0x52, 
    0xFF, 0x00, 0xFF, 0x00, 0xFF, 0x00, 0xFE, 0x01, 0xE0, 0x1F, 0xF0, 0x0F, 0xF9, 0x06, 0xFF, 0x00, 
    0xFF, 0x00, 0xFF, 0x00, 0xFF, 0x00, 0xFF, 0x00, 0x47, 0xB8, 0x10, 0xEF, 0x00, 0xFF, 0x00, 0xFF, 
    0xFF, 0xFF, 0xFF, 0xFF, 0xFF, 0xFF, 0xFF, 0xFF, 0x47, 0x47, 0x10, 0x10, 0x00, 0x00, 0x00, 0x00, 
    0xFF, 0x00, 0xFF, 0x00, 0xF7, 0x08, 0xE6, 0x19, 0x0F, 0xF0, 0x00, 0xFF, 0x00, 0xFF, 0x00, 0xFF, 
    0xFF, 0xFF, 0xFF, 0xFF, 0xF7, 0xF7, 0xE6, 0xE6, 0x0F, 0x0F, 0x00, 0x00, 0x00, 0x00, 0x00, 0x00, 
    0x8C, 0x01, 0xEE, 0x00, 0xFF, 0x00, 0x9F, 0x00, 0xFC, 0x00, 0x70, 0x00, 0xE0, 0x00, 0xE0, 0x00, 
    0x04, 0xFB, 0x00, 0xFF, 0x00, 0xFF, 0x00, 0xFF, 0x40, 0xBF, 0x00, 0xFF, 0x00, 0xFF, 0x00, 0xFF, 
    0x1F, 0x03, 0x77, 0x00, 0xF0, 0x00, 0x83, 0x00, 0x86, 0x00, 0x02, 0x00, 0x00, 0x00, 0x00, 0x00, 
    0x1F, 0xE0, 0x12, 0xED, 0x80, 0x7F, 0x80, 0x7F, 0x00, 0xFF, 0x00, 0xFF, 0x00, 0xFF, 0x00, 0xFF, 
    0x00, 0xFF, 0x07, 0xF8, 0xFF, 0x00, 0xBF, 0x40, 0xFF, 0x00, 0xFF, 0x00, 0xFF, 0x00, 0xFF, 0x00, 
    0x00, 0x00, 0x07, 0x07, 0xFF, 0xFF, 0xBF, 0xBF, 0xFF, 0xFF, 0xFF, 0xFF, 0xFF, 0xFF, 0xFF, 0xFF, 
    0x06, 0xF9, 0x05, 0xFA, 0xFF, 0x00, 0xFE, 0x01, 0xFF, 0x00, 0xFF, 0x00, 0xFE, 0x01, 0xFF, 0x00, 
    0x06, 0x06, 0x05, 0x05, 0xFF, 0xFF, 0xFE, 0xFE, 0xFF, 0xFF, 0xFF, 0xFF, 0xFE, 0xFE, 0xFF, 0xFF, 
    0xFF, 0x0B, 0x0C, 0xFB, 0x88, 0xFF, 0xF0, 0xF0, 0xEF, 0xE8, 0xAD, 0x20, 0x65, 0x00, 0x8F, 0x01, 
    0xFB, 0xFB, 0x0C, 0x0C, 0x00, 0x88, 0x0F, 0xF0, 0x1F, 0xE0, 0xED, 0x12, 0x01, 0xFE, 0x01, 0xFE, 
    0xFF, 0x0E, 0x07, 0xFA, 0x07, 0xFA, 0x23, 0x3C, 0xA1, 0x3E, 0x01, 0x0E, 0xE8, 0xEF, 0xEC, 0xAF, 
    0xFE, 0xFE, 0x06, 0x06, 0x06, 0x06, 0xC3, 0x23, 0xC1, 0x21, 0xF1, 0x01, 0xF0, 0x08, 0xF8, 0x04, 
    0xFE, 0x00, 0xFF, 0x72, 0xFF, 0xC6, 0xFF, 0x40, 0x6F, 0x00, 0xFF, 0x00, 0x37, 0x00, 0x90, 0x40, 
    0x30, 0xCF, 0xF3, 0x0C, 0xC7, 0x38, 0x40, 0xBF, 0x00, 0xFF, 0x20, 0xDF, 0x00, 0xFF, 0x00, 0xFF, 
    0xFF, 0x00, 0xFF, 0x00, 0xE7, 0x00, 0xFF, 0x00, 0x1F, 0x00, 0x1B, 0x00, 0xA0, 0x04, 0x00, 0x06, 
    0x40, 0xBF, 0xE0, 0x1F, 0x00, 0xFF, 0x00, 0xFF, 0x00, 0xFF, 0x00, 0xFF, 0x00, 0xFF, 0x00, 0xFF, 
    0xF8, 0x07, 0xFC, 0x03, 0xFF, 0x00, 0xFF, 0x00, 0xFC, 0x03, 0xFC, 0x03, 0xC0, 0x3F, 0x01, 0xFF, 
    0xF8, 0xF8, 0xFC, 0xFC, 0xFF, 0xFF, 0xFF, 0xFF, 0xFC, 0xFC, 0xFC, 0xFC, 0xC0, 0xC0, 0x00, 0x01, 
    0x01, 0xFF, 0x00, 0xFF, 0x00, 0xFF, 0x00, 0xFF, 0x00, 0xFF, 0x00, 0xFF, 0xF8, 0xFF, 0xF8, 0xFF, 
    0x00, 0x01, 0x00, 0x00, 0x00, 0x00, 0x00, 0x00, 0x00, 0x00, 0x00, 0x00, 0x00, 0xF8, 0x00, 0xF8, 
    0xFE, 0x00, 0x97, 0x00, 0x3F, 0x00, 0xBF, 0x00, 0x7F, 0x01, 0x7B, 0x01, 0x9F, 0x00, 0x3F, 0x18, 
    0x00, 0xFF, 0x00, 0xFF, 0x03, 0xFC, 0x00, 0xFF, 0x01, 0xFE, 0x01, 0xFE, 0x02, 0xFD, 0x1C, 0xE3, 
    0x17, 0x00, 0xFF, 0x00, 0xFF, 0x28, 0xFF, 0x0C, 0xFF, 0x82, 0xFE, 0xC0, 0xFF, 0x00, 0x9F, 0x00, 
    0x00, 0xFF, 0x18, 0xE7, 0x3C, 0xC3, 0x3E, 0xC1, 0x87, 0x78, 0xC0, 0x3F, 0x00, 0xFF, 0x00, 0xFF, 
    0x00, 0xC0, 0x06, 0x80, 0x00, 0xB8, 0x01, 0xFC, 0x0F, 0xC0, 0x00, 0x00, 0x00, 0x00, 0x00, 0x9C, 
    0x00, 0xFF, 0x00, 0xFF, 0x00, 0xFF, 0x00, 0xFF, 0x00, 0xFF, 0x00, 0xFF, 0x00, 0xFF, 0x00, 0xFF, 
    0x00, 0x01, 0x00, 0x20, 0x01, 0x38, 0x03, 0x70, 0x80, 0x0F, 0xE0, 0x03, 0x04, 0x00, 0x00, 0x10, 
    0x00, 0xFF, 0x00, 0xFF, 0x00, 0xFF, 0x00, 0xFF, 0x00, 0xFF, 0x00, 0xFF, 0x00, 0xFF, 0x00, 0xFF, 
    0x00, 0xFF, 0x00, 0x1F, 0x00, 0xE0, 0x00, 0xC1, 0x00, 0x7F, 0x00, 0xFF, 0x00, 0xF8, 0x00, 0xE0, 
    0x00, 0xFF, 0x08, 0xF7, 0x00, 0xFF, 0x00, 0xFF, 0x00, 0xFF, 0x40, 0xBF, 0x40, 0xBF, 0x80, 0x7F, 
    0x01, 0xFE, 0x03, 0xA0, 0x0F, 0x20, 0x3F, 0x02, 0x3F, 0x82, 0x1F, 0x80, 0xF7, 0x00, 0xD3, 0x00, 
    0x40, 0xBF, 0x00, 0xFF, 0x00, 0xFF, 0x06, 0xF9, 0x02, 0xFD, 0x00, 0xFF, 0x00, 0xFF, 0x00, 0xFF, 
    0xFF, 0x00, 0xFA, 0x05, 0xBE, 0x41, 0x00, 0xFF, 0x40, 0xBF, 0x40, 0xBF, 0x00, 0xFF, 0x8E, 0x71, 
    0xFF, 0xFF, 0xFA, 0xFA, 0xBE, 0xBE, 0x00, 0x00, 0x40, 0x40, 0x40, 0x40, 0x00, 0x00, 0x8E, 0x8E, 
    0xFD, 0x02, 0x7C, 0x83, 0x90, 0x6F, 0x03, 0xFC, 0xD0, 0x2F, 0xC0, 0x3F, 0x18, 0xE7, 0x00, 0xFF, 
    0xFD, 0xFD, 0x7C, 0x7C, 0x90, 0x90, 0x03, 0x03, 0xD0, 0xD0, 0xC0, 0xC0, 0x18, 0x18, 0x00, 0x00, 
    0x4F, 0x00, 0x1F, 0x80, 0x06, 0x00, 0x53, 0x00, 0x10, 0x00, 0x00, 0xF0, 0x00, 0xFF, 0x00, 0xFF, 
    0x00, 0xFF, 0x00, 0xFF, 0x00, 0xFF, 0x00, 0xFF, 0x00, 0xFF, 0x00, 0xFF, 0xE0, 0x1F, 0xF0, 0x0F, 
    0xF6, 0x00, 0xC3, 0x00, 0x33, 0x00, 0x03, 0x00, 0x03, 0x20, 0x01, 0x00, 0x00, 0x00, 0x00, 0x08, 
    0x00, 0xFF, 0x00, 0xFF, 0x00, 0xFF, 0x00, 0xFF, 0x00, 0xFF, 0x00, 0xFF, 0x00, 0xFF, 0x00, 0xFF, 
    0xE0, 0x08, 0x38, 0x01, 0x00, 0x01, 0x00, 0x81, 0x00, 0xFF, 0x00, 0x9E, 0x00, 0x01, 0x00, 0xF6, 
    0x00, 0xFF, 0x00, 0xFF, 0x00, 0xFF, 0x00, 0xFF, 0x00, 0xFF, 0x08, 0xF7, 0x00, 0xFF, 0x00, 0xFF, 
    0x00, 0x0F, 0x00, 0x06, 0x00, 0xFF, 0x00, 0xFF, 0x00, 0x3F, 0x40, 0x3F, 0x00, 0xBF, 0x00, 0x3F, 
    0x00, 0xFF, 0x00, 0xFF, 0x08, 0xF7, 0xC1, 0x3E, 0x07, 0xF8, 0x07, 0xF8, 0x07, 0xF8, 0x06, 0xF9, 
    0xFF, 0x00, 0xFF, 0x00, 0xFE, 0x00, 0xE0, 0x00, 0x20, 0x00, 0x80, 0x06, 0x00, 0x06, 0x00, 0x9C, 
    0x00, 0xFF, 0x00, 0xFF, 0x00, 0xFF, 0x00, 0xFF, 0x00, 0xFF, 0x00, 0xFF, 0x00, 0xFF, 0x00, 0xFF, 
    0xB8, 0x00, 0xE0, 0x03, 0x00, 0x07, 0x00, 0x0F, 0x00, 0x1F, 0x00, 0x7F, 0x00, 0x7F, 0x00, 0xFF, 
    0x00, 0xFF, 0x00, 0xFF, 0x00, 0xFF, 0x07, 0xF8, 0x02, 0xFD, 0x00, 0xFF, 0x1F, 0xE0, 0x3F, 0xC0, 
    0xFF, 0x00, 0xFF, 0x00, 0xFF, 0x00, 0xFF, 0x00, 0xFF, 0x00, 0xFF, 0x00, 0xFF, 0x00, 0xFF, 0x00, 
    0x1F, 0xE0, 0x3F, 0xC0, 0xFF, 0x00, 0xFF, 0x00, 0xFF, 0x00, 0xFF, 0x00, 0xFF, 0x00, 0xFF, 0x00, 
    0xF0, 0x03, 0xF8, 0x03, 0xF0, 0x01, 0xFF, 0x00, 0xFF, 0x00, 0xFF, 0x00, 0xFF, 0x00, 0xFF, 0x00, 
    0x01, 0xFE, 0xC0, 0x3F, 0xC0, 0x3F, 0xC0, 0x3F, 0xC1, 0x3E, 0xFF, 0x00, 0xFF, 0x00, 0xFF, 0x00, 
    0xF4, 0xE7, 0x6C, 0x0F, 0xAA, 0x2B, 0x5C, 0x01, 0x3D, 0x81, 0x15, 0x20, 0x00, 0x80, 0x00, 0xF4, 
    0x38, 0xC4, 0xB8, 0x44, 0xBC, 0x42, 0x6E, 0x92, 0x1A, 0xE5, 0x1F, 0xE0, 0x00, 0xFF, 0x00, 0xFF, 
    0x3F, 0xCA, 0x7F, 0x84, 0x1F, 0xE0, 0x01, 0xFF, 0xFC, 0xFC, 0xD9, 0x19, 0x60, 0x20, 0x61, 0x02, 
    0x3A, 0x3A, 0x64, 0x64, 0x1F, 0x1F, 0x00, 0x01, 0x03, 0xFF, 0xE6, 0x3E, 0x3F, 0xC0, 0x00, 0xFF, 
    0xC0, 0xFF, 0xA0, 0xFF, 0x00, 0xFF, 0x00, 0xFF, 0x00, 0xFF, 0x00, 0xFF, 0x00, 0xFF, 0x00, 0xFF, 
    0x00, 0xC0, 0x00, 0xA0, 0x00, 0x00, 0x00, 0x00, 0x00, 0x00, 0x00, 0x00, 0x00, 0x00, 0x00, 0x00, 
    0x00, 0xFF, 0x00, 0xFF, 0x00, 0xFF, 0x00, 0xFF, 0x00, 0xFF, 0x01, 0xFE, 0x01, 0xFE, 0x04, 0xFB, 
    0x00, 0x00, 0x00, 0x00, 0x00, 0x00, 0x00, 0x00, 0x00, 0x00, 0x01, 0x01, 0x01, 0x01, 0x04, 0x04, 
    0x00, 0xFF, 0x00, 0xDF, 0x00, 0xBF, 0x00, 0xD6, 0x00, 0x00, 0x00, 0xC1, 0x00, 0x6F, 0x00, 0x1F, 
    0x02, 0xFD, 0x00, 0xFF, 0x0A, 0xF5, 0x00, 0xFF, 0x00, 0xFF, 0x00, 0xFF, 0x00, 0xFF, 0x0D, 0xF2, 
    0x00, 0xFF, 0x00, 0xFF, 0x00, 0xFF, 0x00, 0xFF, 0x00, 0xFD, 0x00, 0xFF, 0x00, 0xEF, 0x00, 0xFF, 
    0xCF, 0x30, 0x9F, 0x60, 0x6F, 0x90, 0x78, 0x87, 0x18, 0xE7, 0x01, 0xFE, 0xC0, 0x3F, 0xC4, 0x3B, 
    0xFF, 0x00, 0xFF, 0x82, 0xFF, 0x47, 0xFF, 0x1F, 0xFF, 0xA0, 0xFF, 0xF0, 0xF8, 0x07, 0x70, 0x8F, 
    0xFF, 0xFF, 0xBE, 0xBE, 0x77, 0x77, 0x1F, 0x1F, 0xAF, 0xAF, 0xF7, 0xF7, 0xF8, 0xF8, 0x70, 0x70, 
    0xFF, 0x00, 0xFF, 0xC0, 0xFF, 0x00, 0xFF, 0x8B, 0xFF, 0x04, 0xFF, 0x00, 0x1F, 0xE0, 0x00, 0xFF, 
    0x1F, 0x1F, 0xD9, 0xD9, 0x1C, 0x1C, 0xBF, 0xBF, 0xFC, 0xFC, 0xFF, 0xFF, 0x1F, 0x1F, 0x00, 0x00, 
    0xFF, 0x00, 0xFF, 0x00, 0xFF, 0x00, 0xFF, 0x00, 0xFF, 0x00, 0x0F, 0xF4, 0x1F, 0xE1, 0x80, 0xFF, 
    0xFF, 0xFF, 0xFF, 0xFF, 0xFF, 0xFF, 0x7F, 0x7F, 0xFF, 0xFF, 0x0F, 0x0F, 0x1F, 0x1F, 0x00, 0x80, 
    0xFF, 0x00, 0xFF, 0x00, 0xFF, 0x00, 0xFF, 0x04, 0xFF, 0x00, 0xFF, 0x20, 0xFF, 0x80, 0x1F, 0xE0, 
    0xFF, 0xFF, 0xFF, 0xFF, 0xFF, 0xFF, 0xFF, 0xFF, 0xC3, 0xC3, 0x27, 0x27, 0xFF, 0xFF, 0x1F, 0x1F, 
    0xF0, 0x00, 0xF0, 0x00, 0x0F, 0x00, 0x0F, 0x00, 0x0F, 0xC0, 0x1F, 0x00, 0x70, 0x00, 0x00, 0x86, 
    0x00, 0xFF, 0x00, 0xFF, 0x01, 0xFE, 0x01, 0xFE, 0x00, 0xFF, 0x00, 0xFF, 0x00, 0xFF, 0x00, 0xFF, 
    0xF9, 0x00, 0x3F, 0x00, 0xF9, 0x00, 0xF0, 0x44, 0x70, 0x04, 0x83, 0x10, 0x02, 0x08, 0x07, 0x00, 
    0x00, 0xFF, 0x00, 0xFF, 0x00, 0xFF, 0x40, 0xBF, 0x00, 0xFF, 0x00, 0xFF, 0x00, 0xFF, 0x00, 0xFF, 
    0xFF, 0x04, 0xFF, 0xE1, 0xFF, 0xC1, 0xFF, 0x1E, 0xFF, 0x44, 0xFF, 0xC0, 0xFC, 0x83, 0xFF, 0xC7, 
    0x04, 0x04, 0xE3, 0xE3, 0xC1, 0xC1, 0x1F, 0x1F, 0x47, 0x47, 0xDF, 0xDF, 0xBC, 0xBC, 0xD8, 0xDF, 
    0xFF, 0xC0, 0xFF, 0x40, 0xFF, 0x00, 0xFF, 0x00, 0xFF, 0x00, 0x81, 0x7E, 0x71, 0xFE, 0xA1, 0x8E, 
    0xDF, 0xDF, 0x7E, 0x7E, 0x7E, 0x7E, 0xFF, 0xFF, 0xFF, 0xFF, 0x81, 0x81, 0x01, 0x71, 0x71, 0x81, 
    0xFF, 0x80, 0xFF, 0x00, 0xFF, 0x00, 0xFF, 0x00, 0xFF, 0x00, 0xFF, 0x00, 0xFF, 0x00, 0xFF, 0x00, 
    0xF8, 0x07, 0xF8, 0x07, 0xF8, 0x07, 0xFC, 0x03, 0xFC, 0x03, 0xF8, 0x07, 0xFC, 0x03, 0xFF, 0x00, 
    0xFC, 0x00, 0xFE, 0x00, 0xFF, 0x00, 0xFC, 0x00, 0xFC, 0x00, 0xFC, 0x00, 0xFE, 0x00, 0xFF, 0x00, 
    0x00, 0xFF, 0x00, 0xFF, 0x00, 0xFF, 0x00, 0xFF, 0x00, 0xFF, 0x00, 0xFF, 0x00, 0xFF, 0x00, 0xFF, 
    0x00, 0xA0, 0xF8, 0xFF, 0xFF, 0xFF, 0xFF, 0xFF, 0xFF, 0xFF, 0xFF, 0xFF, 0xC0, 0xFF, 0x00, 0xFF, 
    0xFF, 0xFF, 0x07, 0xFF, 0x00, 0xFF, 0x00, 0xFF, 0x00, 0xFF, 0x00, 0xFF, 0x00, 0xC0, 0x00, 0x00, 
    0x00, 0x00, 0xC1, 0xC1, 0xFF, 0xFF, 0xFF, 0xFF, 0xFF, 0xFF, 0xFF, 0xFF, 0x7F, 0xFF, 0xC9, 0xFF, 
    0xFF, 0xFF, 0x3E, 0xFF, 0x00, 0xFF, 0x00, 0xFF, 0x00, 0xFF, 0x00, 0xFF, 0x00, 0x7F, 0x00, 0xC9, 
    0x02, 0x33, 0x1C, 0x89, 0x1C, 0x0C, 0x7F, 0x02, 0xFF, 0x19, 0xFF, 0x80, 0xF7, 0x00, 0xD8, 0x80, 
    0x04, 0xFA, 0x1E, 0xE0, 0x1F, 0xE0, 0x3F, 0xC0, 0x19, 0xE6, 0x84, 0x7B, 0x00, 0xFF, 0x80, 0x7F, 
    0x0F, 0xF4, 0x00, 0xFF, 0x80, 0xFF, 0xB3, 0xB3, 0xFF, 0x1C, 0xFB, 0x00, 0xFF, 0x00, 0xFF, 0x00, 
    0x0F, 0x0F, 0x00, 0x00, 0x00, 0x80, 0xCC, 0x33, 0x9E, 0x61, 0x70, 0x8F, 0x20, 0xDF, 0x02, 0xFD, 
    0xFF, 0x00, 0xFF, 0x00, 0xFF, 0x41, 0xFF, 0x00, 0xFF, 0x00, 0xFF, 0x03, 0xFF, 0x00, 0xFF, 0x30, 
    0xFF, 0xFF, 0x78, 0x78, 0x59, 0x59, 0xE7, 0xE7, 0xFF, 0xFF, 0xFF, 0xFF, 0xFF, 0xFF, 0xB0, 0xB0, 
    0xFF, 0x40, 0xFF, 0x40, 0xFF, 0x00, 0xFF, 0x20, 0xFF, 0x00, 0xFF, 0xE0, 0xFF, 0x00, 0xFF, 0x7B, 
    0x7F, 0x7F, 0x7F, 0x7F, 0x0F, 0x0F, 0xFC, 0xFC, 0xFF, 0xFF, 0xEF, 0xEF, 0xDF, 0xDF, 0x7B, 0x7B, 
    0x02, 0x02, 0x00, 0x00, 0x00, 0x00, 0x00, 0x00, 0x00, 0x00, 0xE6, 0xE6, 0xFE, 0xFE, 0xFE, 0xFE, 
    0xFD, 0x00, 0xFF, 0x88, 0xFF, 0xE6, 0xFF, 0xFF, 0xFF, 0xFF, 0x19, 0xFF, 0x01, 0xFF, 0x01, 0xFF, 
    0x00, 0x00, 0x00, 0x00, 0x00, 0x00, 0x00, 0x00, 0x00, 0x00, 0x02, 0x02, 0x80, 0xF0, 0x26, 0xFE, 
    0xFF, 0x9F, 0xFF, 0xCF, 0xFF, 0xFA, 0xFF, 0xFD, 0xFF, 0xFF, 0xFD, 0xFF, 0x7F, 0xFF, 0xD9, 0xFF, 
    0xBF, 0x00, 0x9F, 0x00, 0xEB, 0x00, 0xC0, 0x00, 0x00, 0x10, 0x2D, 0x00, 0x8F, 0x00, 0xF6, 0x00, 
    0x00, 0xFF, 0x00, 0xFF, 0x00, 0xFF, 0x80, 0x7F, 0x00, 0xFF, 0x00, 0xFF, 0x02, 0xFD, 0x00, 0xFF, 
    0xFF, 0x00, 0xBF, 0x00, 0x3F, 0x08, 0xBF, 0x00, 0x7F, 0x00, 0xFC, 0x60, 0xF0, 0x00, 0x00, 0x07, 
    0x00, 0xFF, 0x00, 0xFF, 0x18, 0xE7, 0x00, 0xFF, 0x20, 0xDF, 0x60, 0x9F, 0x00, 0xFF, 0x00, 0xFF, 
    0xFF, 0x60, 0xFD, 0x00, 0xF9, 0x00, 0x3F, 0x00, 0x20, 0x00, 0xF7, 0x00, 0xFF, 0x00, 0x81, 0x00, 
    0x6C, 0x93, 0xE0, 0x1F, 0x00, 0xFF, 0x00, 0xFF, 0x00, 0xFF, 0x00, 0xFF, 0x00, 0xFF, 0x00, 0xFF, 
    0xFF, 0x00, 0xFF, 0x00, 0xFC, 0x00, 0xB2, 0x00, 0x7B, 0x00, 0xCF, 0x00, 0xF0, 0x00, 0xE0, 0x03, 
    0x00, 0xFF, 0x00, 0xFF, 0x00, 0xFF, 0x00, 0xFF, 0x00, 0xFF, 0x00, 0xFF, 0x00, 0xFF, 0x00, 0xFF, 
    0x00, 0xFE, 0x00, 0xFC, 0x03, 0xE0, 0x00, 0xF8, 0x00, 0xFE, 0x01, 0xFC, 0x01, 0x00, 0x00, 0x07, 
    0x9C, 0x63, 0xC0, 0x3F, 0xC0, 0x3F, 0x00, 0xFF, 0x00, 0xFF, 0x00, 0xFF, 0x00, 0xFF, 0x00, 0xFF, 
    0x18, 0x00, 0x80, 0x00, 0x10, 0x00, 0x18, 0x00, 0x00, 0x00, 0x80, 0x03, 0x00, 0x6E, 0x00, 0xF9, 
    0x00, 0xFF, 0x00, 0xFF, 0x00, 0xFF, 0x00, 0xFF, 0x00, 0xFF, 0x00, 0xFF, 0x00, 0xFF, 0x00, 0xFF, 
    0x9F, 0x80, 0xDF, 0xC0, 0x2F, 0x20, 0x67, 0x43, 0xB7, 0x01, 0xF7, 0x20, 0xFF, 0x03, 0xFF, 0x00, 
    0x7F, 0x80, 0x20, 0xDF, 0xE2, 0x5D, 0xC3, 0x3C, 0x83, 0x7C, 0x33, 0xCC, 0x63, 0x9C, 0x08, 0xF7, 
    0xFD, 0x11, 0xFF, 0x85, 0xFF, 0x26, 0xFB, 0x10, 0xFF, 0x81, 0xFF, 0x00, 0xFF, 0x82, 0xFF, 0x49, 
    0x37, 0xC8, 0xEF, 0x10, 0x7F, 0x80, 0xF1, 0x0E, 0x89, 0x76, 0x36, 0xC9, 0x9F, 0x60, 0x4F, 0xB0, 
    0xFF, 0x00, 0xFF, 0x00, 0xFF, 0x00, 0xFF, 0x00, 0xFF, 0x3C, 0xFF, 0x30, 0xFF, 0x00, 0xFF, 0x00, 
    0x00, 0x00, 0x00, 0x00, 0x00, 0x00, 0x00, 0x00, 0x3C, 0x3C, 0x7F, 0x7F, 0xFF, 0xFF, 0xCF, 0xCF, 
    0xFF, 0x00, 0xFF, 0x00, 0xFF, 0x00, 0xFF, 0x00, 0xFF, 0xCB, 0xFF, 0x80, 0xFF, 0x00, 0xFF, 0x00, 
    0x00, 0x00, 0x00, 0x00, 0x00, 0x00, 0x00, 0x00, 0xCB, 0xCB, 0xE0, 0xE0, 0xFF, 0xFF, 0xFF, 0xFF, 
    0xFF, 0x00, 0xFF, 0x58, 0xFF, 0xC0, 0xFF, 0xC6, 0xFC, 0xC3, 0xF7, 0x0F, 0xCC, 0x3C, 0x79, 0xF9, 
    0xEF, 0xEF, 0xDF, 0xDF, 0xC2, 0xC2, 0xCF, 0xCF, 0xDC, 0xDC, 0xF0, 0xF7, 0xC7, 0xC8, 0x06, 0x79, 
    0xFF, 0x00, 0xFF, 0x00, 0xFF, 0x00, 0xFF, 0x00, 0x0F, 0xF0, 0x80, 0xFF, 0x5D, 0x7D, 0xF7, 0xF7, 
    0xFF, 0xFF, 0xFC, 0xFC, 0x1F, 0x1F, 0xFE, 0xFE, 0x0F, 0x0F, 0x00, 0x80, 0x82, 0x5F, 0x0F, 0xF0, 
    0x00, 0xFF, 0x00, 0xFF, 0x00, 0xFF, 0x00, 0xFF, 0x00, 0xFF, 0x00, 0xFF, 0x00, 0xFF, 0x00, 0xFF, 
    0x00, 0x00, 0x00, 0x00, 0x00, 0x00, 0x00, 0x00, 0x00, 0x00, 0x00, 0x00, 0x00, 0x00, 0x00, 0x00, 
    0x00, 0xFF, 0x00, 0xFF, 0x00, 0xFF, 0x00, 0xFF, 0x00, 0xFF, 0x00, 0xFF, 0x08, 0xFF, 0x18, 0xFF, 
    0x00, 0x00, 0x00, 0x00, 0x00, 0x00, 0x00, 0x00, 0x00, 0x00, 0x00, 0x00, 0x00, 0x08, 0x00, 0x18, 
    0x9C, 0x01, 0x48, 0x00, 0xC9, 0x82, 0x31, 0x00, 0xE0, 0x02, 0x00, 0xF0, 0x00, 0x83, 0x00, 0x87, 
    0x90, 0x6F, 0x80, 0x7F, 0xC0, 0x3F, 0x00, 0xFF, 0x00, 0xFF, 0x00, 0xFF, 0x00, 0xFF, 0x00, 0xFF, 
    0x3B, 0x00, 0xF0, 0x00, 0xFC, 0x00, 0xE1, 0x00, 0x01, 0x0C, 0x00, 0x0C, 0x00, 0xF0, 0x27, 0x80, 
    0x10, 0xEF, 0x20, 0xDF, 0xA0, 0x5F, 0x00, 0xFF, 0x00, 0xFF, 0x00, 0xFF, 0x00, 0xFF, 0x00, 0xFF, 
    0x00, 0xE7, 0x00, 0xFF, 0x00, 0xDB, 0x00, 0xFF, 0x00, 0x7F, 0x00, 0xFF, 0x00, 0xFF, 0x00, 0xFF, 
    0x60, 0x9F, 0x01, 0xFE, 0x19, 0xE6, 0x20, 0xDF, 0x21, 0xDE, 0x41, 0xBE, 0x3E, 0xC1, 0x04, 0xFB, 
    0x00, 0xFF, 0x00, 0xFF, 0x00, 0xFF, 0x00, 0xFF, 0x00, 0xFF, 0x00, 0xFF, 0x00, 0xCC, 0x00, 0xF3, 
    0xFF, 0x00, 0x87, 0x78, 0xF7, 0x08, 0xF7, 0x08, 0xE7, 0x18, 0x81, 0x7E, 0x80, 0x7F, 0x00, 0xFF, 
    0xC1, 0x00, 0x00, 0x30, 0x00, 0xE0, 0x02, 0x20, 0x1F, 0x00, 0xBF, 0x10, 0xFE, 0x00, 0xC0, 0x00, 
    0x00, 0xFF, 0x00, 0xFF, 0x00, 0xFF, 0x00, 0xFF, 0x00, 0xFF, 0x19, 0xE6, 0x00, 0xFF, 0x80, 0x7F, 
    0x80, 0x00, 0x0D, 0x00, 0x44, 0x00, 0xCF, 0x00, 0xBF, 0x00, 0xF1, 0x00, 0x00, 0x80, 0x00, 0x01, 
    0x00, 0xFF, 0x00, 0xFF, 0x00, 0xFF, 0x00, 0xFF, 0x00, 0xFF, 0x20, 0xDF, 0x00, 0xFF, 0x00, 0xFF, 
    0xFF, 0x68, 0x78, 0x87, 0x5F, 0xBF, 0x39, 0xE9, 0xFE, 0xC4, 0xBF, 0x84, 0x5E, 0x00, 0xFE, 0x60, 
    0xE8, 0xE8, 0x48, 0x48, 0x40, 0x5F, 0x1F, 0x20, 0x24, 0xDB, 0x46, 0xB9, 0xC0, 0x3F, 0x70, 0x8F, 
    0x83, 0x7C, 0xE0, 0xFF, 0x48, 0x08, 0xFB, 0x9B, 0xC3, 0x33, 0x02, 0x00, 0x37, 0x40, 0x8E, 0x24, 
    0x83, 0x83, 0x00, 0xE0, 0xF7, 0x08, 0xBF, 0x40, 0x02, 0xFD, 0x01, 0xFE, 0x01, 0xFE, 0x84, 0x7B, 
    0xFF, 0x27, 0xFF, 0xEF, 0xFF, 0x4C, 0xFF, 0xB7, 0xFD, 0x82, 0xFF, 0x00, 0xFF, 0x00, 0xFF, 0x00, 
    0x27, 0x27, 0xEF, 0xEF, 0x4C, 0x4C, 0xB7, 0xB7, 0x95, 0x95, 0xFF, 0xFF, 0xFF, 0xFF, 0xFF, 0xFF, 
    0xFF, 0x7A, 0xFF, 0xBF, 0xFF, 0xBC, 0xFF, 0xEE, 0xFE, 0xE1, 0xFF, 0x00, 0xFF, 0x00, 0xFF, 0x00, 
    0x7A, 0x7A, 0xBF, 0xBF, 0xBC, 0xBC, 0xEF, 0xEF, 0xE2, 0xE2, 0xBB, 0xBB, 0xFF, 0xFF, 0xFF, 0xFF, 
    0x00, 0xFF, 0x00, 0xFF, 0x00, 0xFF, 0x00, 0xFF, 0xF8, 0xFF, 0xF8, 0xFF, 0xF8, 0xFF, 0xE0, 0xFF, 
    0x00, 0x00, 0x00, 0x00, 0x00, 0x00, 0x00, 0x00, 0x00, 0xF8, 0x00, 0xF8, 0x00, 0xF8, 0x00, 0xE0, 
    0x02, 0xFF, 0x00, 0xFF, 0x00, 0xFF, 0x00, 0xFF, 0x00, 0xFF, 0x00, 0xFF, 0x00, 0xFF, 0x00, 0xFF, 
    0x00, 0x02, 0x00, 0x00, 0x00, 0x00, 0x00, 0x00, 0x00, 0x00, 0x00, 0x00, 0x00, 0x00, 0x00, 0x00, 
    0xF8, 0xB9, 0xFC, 0x25, 0xFC, 0x2C, 0xF8, 0xF8, 0xF1, 0xF3, 0xC1, 0xC3, 0x03, 0x03, 0x0F, 0x0F, 
    0x47, 0x07, 0xFB, 0x03, 0xD3, 0x03, 0x07, 0x07, 0x0E, 0x0F, 0x3E, 0x3F, 0xFC, 0xFF, 0xF0, 0xFF, 
    0xE1, 0xFE, 0xE1, 0xFE, 0x70, 0xFF, 0xE0, 0xFF, 0xE0, 0xFF, 0xE0, 0xFF, 0xC0, 0xFF, 0xC0, 0xFF, 
    0x01, 0xE1, 0x01, 0xE1, 0x80, 0xF0, 0x00, 0xE0, 0x00, 0xE0, 0x00, 0xE0, 0x00, 0xC0, 0x00, 0xC0, 
    0xFC, 0x00, 0x7B, 0x00, 0xFF, 0x00, 0xF3, 0x00, 0xBE, 0x00, 0x0F, 0x00, 0x0B, 0x00, 0x0F, 0x00, 
    0x00, 0xFF, 0x00, 0xFF, 0x00, 0xFF, 0x00, 0xFF, 0x00, 0xFF, 0x00, 0xFF, 0x00, 0xFF, 0x00, 0xFF, 
    0x77, 0x00, 0xFE, 0x00, 0xE0, 0x00, 0xE0, 0x00, 0x0C, 0x00, 0xBE, 0x00, 0xF6, 0x00, 0x80, 0x00, 
    0x00, 0xFF, 0x00, 0xFF, 0x00, 0xFF, 0x00, 0xFF, 0x00, 0xFF, 0x00, 0xFF, 0x00, 0xFF, 0x00, 0xFF, 
    0xFE, 0x01, 0x03, 0xFF, 0x57, 0xF7, 0xDF, 0xC7, 0x5E, 0x48, 0x7F, 0x02, 0xF6, 0x04, 0xF4, 0x61, 
    0xFE, 0xFE, 0x00, 0x03, 0x08, 0x57, 0x34, 0xCB, 0xB9, 0x46, 0x67, 0x98, 0x76, 0x89, 0x64, 0x9B, 
    0x20, 0xFF, 0xB7, 0xB7, 0xFB, 0x03, 0x3C, 0x00, 0x5D, 0x02, 0x10, 0xC0, 0x48, 0x06, 0x00, 0x0F, 
    0x00, 0x20, 0x78, 0x8F, 0xFC, 0x03, 0xE7, 0x98, 0xC8, 0x37, 0x00, 0xFF, 0x00, 0xFF, 0x00, 0xFF, 
    0x00, 0xFF, 0x00, 0xFF, 0x00, 0xFF, 0x00, 0xFF, 0x03, 0xFF, 0x0F, 0xFF, 0x31, 0xF1, 0x63, 0xE2, 
    0x00, 0x00, 0x00, 0x00, 0x00, 0x00, 0x00, 0x00, 0x00, 0x03, 0x00, 0x0F, 0x0F, 0x32, 0x1F, 0x60, 
    0x03, 0xFF, 0x1D, 0xFD, 0x7F, 0xFF, 0xFF, 0xFF, 0x89, 0x89, 0xD1, 0xD1, 0xEB, 0x6A, 0xFF, 0xE0, 
    0x00, 0x03, 0x03, 0x1E, 0x00, 0x7F, 0x01, 0xFE, 0x77, 0x88, 0xEF, 0x10, 0xFF, 0x00, 0xFC, 0x03, 
    0xD0, 0x06, 0x00, 0x01, 0x00, 0x00, 0x00, 0x01, 0x00, 0x01, 0x00, 0x00, 0xC0, 0x00, 0x00, 0x00, 
    0x00, 0xFF, 0x00, 0xFF, 0x00, 0xFF, 0x00, 0xFF, 0x00, 0xFF, 0x00, 0xFF, 0x00, 0xFF, 0x00, 0xFF, 
    0x00, 0x5F, 0x00, 0x9F, 0x00, 0xC7, 0x00, 0xFE, 0x00, 0xFC, 0x00, 0x09, 0x00, 0x1F, 0x00, 0x1F, 
    0x08, 0xF7, 0x00, 0xFF, 0x00, 0xFF, 0x04, 0xFB, 0x00, 0xFF, 0x00, 0xFF, 0x01, 0xFE, 0x01, 0xFE, 
    0x80, 0x00, 0x00, 0x06, 0x00, 0xCF, 0x00, 0xFE, 0x00, 0xFE, 0x00, 0xFD, 0x00, 0xFE, 0x00, 0xFE, 
    0x00, 0xFF, 0x00, 0xFF, 0x00, 0xFF, 0xC0, 0x3F, 0xF8, 0x07, 0xF0, 0x0F, 0xC4, 0x3B, 0x00, 0xFF, 
    0x00, 0x1F, 0x00, 0x7F, 0x00, 0xFF, 0x00, 0xDF, 0x00, 0x63, 0x00, 0xE3, 0x00, 0x17, 0x00, 0x7F, 
    0x04, 0xFB, 0x1C, 0xE3, 0x1F, 0xE0, 0x0F, 0xF0, 0x00, 0xFF, 0x00, 0xFF, 0x03, 0xFC, 0x00, 0xFF, 
    0x00, 0x01, 0x06, 0x00, 0x00, 0xF7, 0x00, 0xFF, 0x00, 0xFF, 0x00, 0x82, 0x00, 0x80, 0x00, 0x60, 
    0x00, 0xFF, 0x00, 0xFF, 0x80, 0x7F, 0x00, 0xFF, 0x00, 0xFF, 0x00, 0xFF, 0x00, 0xFF, 0x00, 0xFF, 
    0x00, 0x7F, 0x00, 0x7D, 0x00, 0xFF, 0x00, 0xFF, 0x00, 0xFF, 0x00, 0x79, 0x00, 0x78, 0x02, 0x00, 
    0x08, 0xF7, 0x08, 0xF7, 0x01, 0xFE, 0xCF, 0x30, 0x00, 0xFF, 0x20, 0xDF, 0x00, 0xFF, 0x00, 0xFF, 
    0x00, 0xFF, 0x00, 0xFC, 0x00, 0xFF, 0x00, 0xFF, 0x00, 0xFF, 0x00, 0xE7, 0x00, 0x07, 0x00, 0x07, 
    0x10, 0xEF, 0xF8, 0x07, 0xF8, 0x07, 0x94, 0x6B, 0x02, 0xFD, 0x00, 0xFF, 0x00, 0xFF, 0x00, 0xFF, 
    0x00, 0xFF, 0x00, 0xFF, 0x00, 0x7F, 0x00, 0xFF, 0x00, 0xFF, 0x00, 0xF3, 0x00, 0x01, 0x00, 0x79, 
    0x5C, 0xA3, 0x3F, 0xC0, 0x3F, 0xC0, 0x37, 0xC8, 0xE1, 0x1E, 0x40, 0xBF, 0x00, 0xFF, 0x00, 0xFF, 
    0xFF, 0x00, 0xFF, 0x00, 0xFF, 0x00, 0xFF, 0x00, 0xFF, 0x00, 0xFF, 0x00, 0xFF, 0x00, 0xFF, 0x00, 
    0xFF, 0x00, 0xFF, 0x00, 0xFF, 0x00, 0xFF, 0x00, 0xFF, 0x00, 0xFF, 0x00, 0xFF, 0x00, 0xFF, 0x00, 
    0xFF, 0x00, 0xFF, 0x00, 0xFF, 0x00, 0xFF, 0x00, 0xFF, 0x00, 0xFF, 0x00, 0xFF, 0x00, 0xFF, 0x00, 
    0xE0, 0x1F, 0x80, 0x7F, 0x00, 0xFF, 0xF8, 0x07, 0xFF, 0x00, 0xFF, 0x00, 0xFF, 0x00, 0xFF, 0x00, 
    0x00, 0xFF, 0x00, 0xFF, 0x00, 0xFF, 0x00, 0xFF, 0x00, 0xFF, 0x00, 0xF8, 0x3F, 0x00, 0xFF, 0x33, 
    0xFF, 0x00, 0xFF, 0x00, 0xFF, 0x00, 0xFF, 0x00, 0x16, 0xE9, 0x00, 0xFF, 0x01, 0xFE, 0x4C, 0x80, 
    0x00, 0xFF, 0x00, 0xFF, 0x00, 0xFF, 0x00, 0xFF, 0x00, 0xFF, 0x00, 0x00, 0xFF, 0x00, 0xFF, 0xF8, 
    0xFF, 0x00, 0xFF, 0x00, 0xFF, 0x00, 0xC0, 0x3F, 0x00, 0xFF, 0x00, 0xFF, 0xFC, 0x03, 0x07, 0x00, 
    0xF0, 0xFF, 0xD8, 0xFF, 0x80, 0xFF, 0x00, 0xFF, 0x00, 0xFF, 0x00, 0xFF, 0x00, 0xFF, 0x00, 0xFF, 
    0x00, 0xF0, 0x00, 0xD8, 0x00, 0x80, 0x00, 0x00, 0x00, 0x00, 0x00, 0x00, 0x00, 0x00, 0x00, 0x00, 
    0x00, 0xFF, 0x00, 0xFF, 0x00, 0xFF, 0x00, 0xFF, 0x00, 0xFF, 0x00, 0xFF, 0x00, 0xFF, 0x00, 0xFF, 
    0x00, 0x00, 0x00, 0x00, 0x00, 0x00, 0x00, 0x00, 0x00, 0x00, 0x00, 0x00, 0x00, 0x00, 0x00, 0x00, 
    0x33, 0xCC, 0x0F, 0xF0, 0x0F, 0xF0, 0x0E, 0xF1, 0x0F, 0xF0, 0xBF, 0x40, 0xFF, 0x00, 0xBF, 0x40, 
    0x33, 0x33, 0x0F, 0x0F, 0x0F, 0x0F, 0x0E, 0x0E, 0x0F, 0x0F, 0xBF, 0xBF, 0xFF, 0xFF, 0xBF, 0xBF, 
    0xFF, 0x00, 0xFF, 0x00, 0xFF, 0x00, 0xFF, 0x00, 0xFF, 0x00, 0xFF, 0x00, 0xFF, 0x00, 0xFD, 0x02, 
    0xFF, 0xFF, 0xFF, 0xFF, 0xFF, 0xFF, 0xFF, 0xFF, 0xFF, 0xFF, 0xFF, 0xFF, 0xFF, 0xFF, 0xFD, 0xFD, 
    0xFF, 0x08, 0xFF, 0x02, 0xFF, 0x00, 0xD9, 0x00, 0x00, 0x30, 0x1F, 0x20, 0x0F, 0xC0, 0x0F, 0x00, 
    0x08, 0xF7, 0x02, 0xFD, 0x40, 0xBF, 0x00, 0xFF, 0x00, 0xFF, 0x02, 0xFD, 0x00, 0xFF, 0x00, 0xFF, 
    0xFF, 0x00, 0x7F, 0x00, 0x7D, 0x00, 0x5D, 0x00, 0x07, 0x00, 0x0C, 0x00, 0x1C, 0x00, 0xFF, 0x30, 
    0x06, 0xF9, 0x20, 0xDF, 0x00, 0xFF, 0x08, 0xF7, 0x00, 0xFF, 0x00, 0xFF, 0x00, 0xFF, 0x30, 0xCF, 
    0x00, 0xFF, 0x00, 0xFF, 0x10, 0xEF, 0x00, 0xFF, 0x00, 0xFF, 0x00, 0xFF, 0x00, 0xFF, 0x00, 0xFF, 
    0x00, 0x00, 0x00, 0x00, 0x10, 0x10, 0x00, 0x00, 0x00, 0x00, 0x00, 0x00, 0x00, 0x00, 0x00, 0x00, 
    0x00, 0xFF, 0x00, 0xFF, 0x00, 0xFF, 0x00, 0xFF, 0x00, 0xFF, 0x00, 0xFF, 0x00, 0xFF, 0x00, 0xFF, 
    0x00, 0x00, 0x00, 0x00, 0x00, 0x00, 0x00, 0x00, 0x00, 0x00, 0x00, 0x00, 0x00, 0x00, 0x00, 0x00, 
    0xA3, 0xFF, 0x00, 0xFF, 0x00, 0xFF, 0x00, 0xFF, 0x00, 0xFF, 0x00, 0xFF, 0x00, 0xFF, 0x00, 0xFF, 
    0x00, 0xA3, 0x00, 0x00, 0x00, 0x00, 0x00, 0x00, 0x00, 0x00, 0x00, 0x00, 0x00, 0x00, 0x00, 0x00, 
    0x6C, 0xFF, 0x00, 0xFF, 0x00, 0xFF, 0x00, 0xFF, 0x00, 0xFF, 0x00, 0xFF, 0x00, 0xFF, 0x00, 0xFF, 
    0x00, 0x6C, 0x00, 0x00, 0x00, 0x00, 0x00, 0x00, 0x00, 0x00, 0x00, 0x00, 0x00, 0x00, 0x00, 0x00, 
    0x00, 0x00, 0x00, 0x00, 0xF1, 0xFF, 0xFB, 0xFF, 0xFF, 0xFF, 0xFF, 0xFF, 0xFF, 0xFF, 0xFF, 0xFF, 
    0xFF, 0xFF, 0xFF, 0xFF, 0x0E, 0xFF, 0x04, 0xFF, 0x00, 0xFF, 0x00, 0xFF, 0x00, 0xFF, 0x00, 0xFF, 
    0x00, 0x00, 0x00, 0x00, 0x1B, 0x9B, 0xB1, 0xFF, 0xFF, 0xFF, 0xFF, 0xFF, 0xFF, 0xFF, 0xFF, 0xFF, 
    0xFF, 0xFF, 0xFF, 0xFF, 0xE4, 0xFF, 0x4E, 0xFF, 0x00, 0xFF, 0x00, 0xFF, 0x00, 0xFF, 0x00, 0xFF, 
    0xFF, 0xFF, 0xC0, 0xC0, 0x00, 0x00, 0x00, 0x00, 0x3D, 0xBD, 0x3F, 0xBF, 0x7F, 0xFF, 0xFF, 0xFF, 
    0x00, 0x00, 0x3F, 0x00, 0xFF, 0x00, 0xFF, 0xFF, 0xC2, 0xFF, 0xC0, 0xFF, 0x80, 0xFF, 0x00, 0xFF, 
    0xFF, 0xFF, 0x00, 0x00, 0x00, 0x00, 0x00, 0x00, 0xBF, 0xFF, 0xFF, 0xFF, 0xFF, 0xFF, 0xFF, 0xFF, 
    0x00, 0x00, 0xFF, 0x00, 0xFF, 0x01, 0xFF, 0xFF, 0x40, 0xFF, 0x00, 0xFF, 0x00, 0xFF, 0x00, 0xFF, 
    0xF8, 0xB7, 0xFC, 0xD3, 0xFC, 0x7B, 0xF8, 0xC7, 0xF0, 0x2F, 0xF1, 0x0F, 0xC3, 0x3F, 0xC6, 0x3F, 
    0xB8, 0xB8, 0xDC, 0xDC, 0x7C, 0x7C, 0xC8, 0xC8, 0xB0, 0xB0, 0xF0, 0xF1, 0xC0, 0xC3, 0xC0, 0xC6, 
    0xE3, 0xE3, 0xE3, 0xE3, 0x41, 0xC1, 0xC1, 0xC1, 0xC0, 0xC0, 0xE0, 0xE0, 0xF0, 0xF0, 0xF0, 0xF0, 
    0x1F, 0xE0, 0x1F, 0xE0, 0x3F, 0x40, 0x3F, 0xC0, 0x3F, 0xF0, 0x1F, 0xF0, 0x0F, 0xF0, 0x0F, 0xF8, 
    0x00, 0xFF, 0x00, 0xFF, 0x00, 0xFF, 0x00, 0xFF, 0x00, 0xFF, 0x00, 0xFF, 0x00, 0xFF, 0x00, 0xFF, 
    0xFF, 0x00, 0xFF, 0x00, 0xFF, 0x00, 0xFF, 0x00, 0x7F, 0x80, 0x7F, 0x80, 0xFC, 0x03, 0xA0, 0x5F, 
    0x00, 0xFF, 0x00, 0xFF, 0x00, 0xFF, 0x00, 0xFF, 0x00, 0xFF, 0x00, 0xE0, 0x00, 0xCF, 0x00, 0xCB, 
    0xFF, 0x00, 0xFF, 0x00, 0xFF, 0x00, 0xFF, 0x00, 0xF2, 0x0D, 0x00, 0xFF, 0x00, 0xFF, 0x01, 0xFE, 
    0x00, 0xC3, 0x00, 0xE6, 0x00, 0x00, 0xFC, 0x01, 0x78, 0x00, 0x80, 0x00, 0xC0, 0x2F, 0xC0, 0x17, 
    0x00, 0xFF, 0x00, 0xFF, 0x00, 0xFF, 0x40, 0xBF, 0x00, 0xFF, 0x00, 0xFF, 0x00, 0xFF, 0x00, 0xFF, 
    0x00, 0xBF, 0x00, 0x3F, 0x00, 0x3F, 0x00, 0x1F, 0x00, 0x7C, 0x00, 0x41, 0x20, 0xC9, 0x00, 0x99, 
    0x1F, 0xE0, 0x1F, 0xE0, 0x1D, 0xE2, 0x02, 0xFD, 0x00, 0xFF, 0x00, 0xFF, 0x00, 0xFF, 0x00, 0xFF, 
    0x07, 0xF8, 0x00, 0xFF, 0x00, 0xFF, 0x00, 0xFF, 0x00, 0xFF, 0x00, 0xFF, 0x00, 0xFF, 0x00, 0xFF, 
    0x07, 0x07, 0x00, 0x00, 0x00, 0x00, 0x00, 0x00, 0x00, 0x00, 0x00, 0x00, 0x00, 0x00, 0x00, 0x00, 
    0x10, 0xEF, 0x30, 0xCF, 0x00, 0xFF, 0x00, 0xFF, 0x00, 0xFF, 0x00, 0xFF, 0x00, 0xFF, 0x40, 0xBF, 
    0x10, 0x10, 0x30, 0x30, 0x00, 0x00, 0x00, 0x00, 0x00, 0x00, 0x00, 0x00, 0x00, 0x00, 0x40, 0x40, 
    0x00, 0xFF, 0x00, 0xFF, 0x00, 0xFF, 0x00, 0xFF, 0x80, 0xFF, 0x80, 0xFF, 0x00, 0xFF, 0xE0, 0xFF, 
    0x00, 0x00, 0x00, 0x00, 0x00, 0x00, 0x00, 0x00, 0x00, 0x80, 0x00, 0x80, 0x00, 0x00, 0x00, 0xE0, 
    0x00, 0xFF, 0x00, 0xFF, 0x00, 0xFF, 0x00, 0xFF, 0x00, 0xFF, 0x00, 0xFF, 0x00, 0xFF, 0x00, 0xFF, 
    0x00, 0x00, 0x00, 0x00, 0x00, 0x00, 0x00, 0x00, 0x00, 0x00, 0x00, 0x00, 0x00, 0x00, 0x00, 0x00, 
    0xFF, 0x00, 0xFF, 0x00, 0xFF, 0xFF, 0xE0, 0xE0, 0x00, 0x00, 0x00, 0x00, 0xF0, 0xF0, 0xFE, 0x7E, 
    0x36, 0xC9, 0xFF, 0x00, 0x00, 0x00, 0x1F, 0x00, 0xFF, 0x00, 0xFF, 0x00, 0xFF, 0x00, 0xFF, 0x00, 
    0xFE, 0x00, 0xFC, 0x1C, 0xF8, 0xF8, 0x00, 0x00, 0x07, 0x07, 0x1F, 0x1C, 0x3F, 0x3C, 0x7F, 0x68, 
    0x7F, 0x80, 0xE3, 0x01, 0x7F, 0x00, 0xFF, 0x00, 0xFF, 0x00, 0xFE, 0x01, 0xFE, 0x01, 0xE9, 0x16, 
    0x80, 0x80, 0xE0, 0xE0, 0xB8, 0xF8, 0xFF, 0xFF, 0x7F, 0xFF, 0x7F, 0xFF, 0x03, 0xFF, 0x00, 0xFF, 
    0x7F, 0xAF, 0x1F, 0xFC, 0x47, 0xF9, 0x00, 0xFF, 0x00, 0x7F, 0x00, 0x7F, 0x00, 0x03, 0x00, 0x00, 
    0x3F, 0x31, 0x06, 0x06, 0x71, 0x71, 0x3F, 0xFF, 0x7E, 0x7E, 0xDF, 0xFF, 0x1F, 0xFF, 0x00, 0xFF, 
    0xDF, 0x80, 0xF9, 0x80, 0x8E, 0x8F, 0xC0, 0xFF, 0x81, 0xFF, 0x00, 0xDF, 0x00, 0x1F, 0x00, 0x00, 
    0x00, 0xFF, 0x00, 0xFF, 0x00, 0xFF, 0x00, 0xFF, 0x0E, 0xFF, 0x0C, 0xFF, 0x00, 0xFF, 0x00, 0xFF, 
    0x00, 0x00, 0x00, 0x00, 0x00, 0x00, 0x00, 0x00, 0x00, 0x0E, 0x00, 0x0C, 0x00, 0x00, 0x00, 0x00, 
    0x00, 0xFF, 0x00, 0xFF, 0x00, 0xFF, 0x00, 0xFF, 0x00, 0xFF, 0x00, 0xFF, 0x00, 0xFF, 0x00, 0xFF, 
    0x00, 0x00, 0x00, 0x00, 0x00, 0x00, 0x00, 0x00, 0x00, 0x00, 0x00, 0x00, 0x00, 0x00, 0x00, 0x00, 
    0x00, 0xFF, 0x00, 0xFF, 0x00, 0xFF, 0x00, 0xFC, 0x00, 0xFB, 0x00, 0x7B, 0x00, 0x02, 0x00, 0x00, 
    0xF8, 0x07, 0xF1, 0x0E, 0xE0, 0x1F, 0x88, 0x77, 0x60, 0x9F, 0x00, 0xFF, 0x00, 0xFF, 0x00, 0xFF, 
    0x00, 0xFF, 0x00, 0xFF, 0x00, 0xFF, 0x00, 0x7F, 0x00, 0x35, 0x00, 0x09, 0x00, 0x00, 0x00, 0x00, 
    0xBF, 0x40, 0x7F, 0x80, 0x6F, 0x90, 0x34, 0xCB, 0x00, 0xFF, 0x00, 0xFF, 0x00, 0xFF, 0x00, 0xFF, 
    0x00, 0xFC, 0x00, 0xF9, 0x00, 0xF7, 0x00, 0xFF, 0x00, 0xFF, 0x00, 0xFF, 0x00, 0xFF, 0x00, 0xFF, 
    0x18, 0xE7, 0xE0, 0x1F, 0xC0, 0x3F, 0x84, 0x7B, 0x3C, 0xC3, 0x70, 0x8F, 0xF0, 0x0F, 0xFE, 0x01, 
    0x00, 0x7F, 0x00, 0xFF, 0x00, 0xFE, 0x00, 0xFD, 0x00, 0xFE, 0x00, 0xFF, 0x00, 0xFF, 0x00, 0xFF, 
    0x00, 0xFF, 0xFA, 0x05, 0xF0, 0x0F, 0x18, 0xE7, 0x20, 0xDF, 0x60, 0x9F, 0x3B, 0xC4, 0x7F, 0x80, 
    0x9F, 0x40, 0x1F, 0x40, 0x2F, 0x09, 0x3F, 0x07, 0x7F, 0x2F, 0xFF, 0xB4, 0xF7, 0x00, 0x9B, 0x00, 
    0x00, 0xFF, 0x0C, 0xF3, 0x0F, 0xF0, 0x3F, 0xC0, 0x7F, 0x80, 0xFC, 0x03, 0x00, 0xFF, 0x00, 0xFF, 
    0x80, 0x79, 0x87, 0x00, 0xF8, 0x00, 0xFF, 0xF8, 0xFF, 0xFA, 0xFF, 0xF9, 0xFF, 0x48, 0xFF, 0x00, 
    0x00, 0xFF, 0x00, 0xFF, 0xE0, 0x1F, 0xF8, 0x07, 0xFF, 0x00, 0xF9, 0x06, 0x48, 0xB7, 0x00, 0xFF, 
    0x00, 0xB2, 0x00, 0xE1, 0x00, 0xF0, 0x00, 0xE0, 0x00, 0x80, 0x00, 0x00, 0x00, 0x08, 0x00, 0x00, 
    0x00, 0xFF, 0x00, 0xFF, 0x00, 0xFF, 0x80, 0x7F, 0x00, 0xFF, 0x00, 0xFF, 0x00, 0xFF, 0x00, 0xFF, 
    0x06, 0x00, 0x0C, 0x00, 0x00, 0x00, 0x08, 0x00, 0x00, 0x00, 0x00, 0x00, 0x70, 0x00, 0xF0, 0x00, 
    0x00, 0xFF, 0x00, 0xFF, 0x00, 0xFF, 0x00, 0xFF, 0x00, 0xFF, 0x00, 0xFF, 0x00, 0xFF, 0x00, 0xFF, 
    0x27, 0x00, 0x01, 0x80, 0x00, 0x06, 0x00, 0x30, 0x08, 0x32, 0x00, 0x7C, 0x01, 0x60, 0x00, 0x00, 
    0x00, 0xFF, 0x00, 0xFF, 0x00, 0xFF, 0x00, 0xFF, 0x00, 0xFF, 0x00, 0xFF, 0x00, 0xFF, 0x00, 0xFF, 
    0x03, 0x00, 0x14, 0xC0, 0x1A, 0x02, 0x3F, 0x0D, 0x1F, 0x06, 0x77, 0x00, 0x01, 0x00, 0x03, 0x10, 
    0x01, 0xFE, 0x07, 0xF8, 0x13, 0xEC, 0x0D, 0xF2, 0x06, 0xF9, 0x00, 0xFF, 0x00, 0xFF, 0x01, 0xFE, 
    0xFF, 0xFF, 0xFF, 0x79, 0xFF, 0x9C, 0xFF, 0x98, 0xFC, 0x60, 0xE4, 0x00, 0xC8, 0x00, 0xC0, 0x00, 
    0xFF, 0x00, 0x7B, 0x84, 0x9C, 0x63, 0x98, 0x67, 0x60, 0x9F, 0x00, 0xFF, 0x00, 0xFF, 0x00, 0xFF, 
    0xFF, 0xE0, 0xFF, 0x60, 0xFC, 0x40, 0xB8, 0x00, 0x00, 0x00, 0x00, 0x13, 0x00, 0xFF, 0x00, 0x7F, 
    0xE0, 0x1F, 0xE0, 0x1F, 0x60, 0x9F, 0x00, 0xFF, 0x00, 0xFF, 0x00, 0xFF, 0x16, 0xE9, 0x24, 0xDB, 
    0xFF, 0x00, 0xFF, 0x00, 0xFF, 0x00, 0xFF, 0x00, 0xFF, 0x00, 0xFF, 0x00, 0xFF, 0x00, 0xFF, 0x00, 
    0xFF, 0xFF, 0xFF, 0xFF, 0xFF, 0xFF, 0xFF, 0xFF, 0xFF, 0xFF, 0xFF, 0xFF, 0xFF, 0xFF, 0xFF, 0xFF, 
    0xFF, 0x40, 0xFF, 0x00, 0xFF, 0x00, 0xFC, 0x03, 0xFF, 0x00, 0xFF, 0x00, 0xFF, 0x00, 0xFF, 0x00, 
    0xFF, 0xFF, 0xFF, 0xFF, 0xFF, 0xFF, 0xFC, 0xFC, 0xFF, 0xFF, 0xFF, 0xFF, 0xFF, 0xFF, 0xFF, 0xFF, 
    0x00, 0xF6, 0x00, 0xE4, 0x08, 0xE0, 0x3F, 0x40, 0x9E, 0x00, 0xF8, 0x01, 0x60, 0x03, 0x00, 0x07, 
    0xC0, 0x3F, 0x00, 0xFF, 0x00, 0xFF, 0x00, 0xFF, 0x00, 0xFF, 0x00, 0xFF, 0x00, 0xFF, 0x00, 0xFF, 
    0x00, 0x64, 0x10, 0x05, 0xE0, 0x0D, 0x00, 0x0C, 0x00, 0xE7, 0x00, 0x7F, 0x00, 0xFF, 0x00, 0xFC, 
    0x00, 0xFF, 0x00, 0xFF, 0x00, 0xFF, 0x00, 0xFF, 0x00, 0xFF, 0x00, 0xFF, 0x00, 0xFF, 0x00, 0xFF, 
    0xFF, 0x00, 0xEC, 0x00, 0x7F, 0x00, 0x79, 0x00, 0xF0, 0x00, 0xBC, 0x00, 0x00, 0x00, 0x8F, 0x01, 
    0x80, 0x7F, 0x00, 0xFF, 0x0C, 0xF3, 0x00, 0xFF, 0x00, 0xFF, 0x00, 0xFF, 0x00, 0xFF, 0x81, 0x7E, 
    0xE7, 0x00, 0xF7, 0x00, 0xF9, 0x00, 0xC7, 0x00, 0x0E, 0x00, 0x3E, 0x00, 0x7B, 0x00, 0xE0, 0x00, 
    0x00, 0xFF, 0x00, 0xFF, 0x00, 0xFF, 0x00, 0xFF, 0x00, 0xFF, 0x00, 0xFF, 0x20, 0xDF, 0x00, 0xFF, 
    0xFF, 0x00, 0xFF, 0x00, 0xFF, 0x00, 0xFF, 0x00, 0xFF, 0x00, 0xFF, 0x00, 0xFF, 0x00, 0xBF, 0x40, 
    0xFF, 0xFF, 0xFF, 0xFF, 0xFF, 0xFF, 0xFF, 0xFF, 0xFF, 0xFF, 0xFF, 0xFF, 0xFF, 0xFF, 0xBF, 0xBF, 
    0xFF, 0x00, 0xFF, 0x00, 0xF7, 0x08, 0xFB, 0x04, 0xFF, 0x00, 0xF7, 0x08, 0xFD, 0x02, 0xFC, 0x03, 
    0xFF, 0xFF, 0xFF, 0xFF, 0xF7, 0xF7, 0xFB, 0xFB, 0xFF, 0xFF, 0xF7, 0xF7, 0xFD, 0xFD, 0xFC, 0xFC, 
    0x7E, 0xFF, 0x3F, 0xFF, 0x00, 0xFF, 0x00, 0xFF, 0x00, 0xFF, 0x00, 0xFF, 0x73, 0x8C, 0x79, 0x86, 
    0x00, 0x7E, 0x00, 0x3F, 0x00, 0x00, 0x00, 0x00, 0x00, 0x00, 0x00, 0x00, 0x73, 0x73, 0x79, 0x79, 
    0x40, 0xFF, 0x00, 0xFF, 0x00, 0xFF, 0x00, 0xFF, 0x00, 0xFF, 0x00, 0xFF, 0xE0, 0x1F, 0xB3, 0x4C, 
    0x00, 0x40, 0x00, 0x00, 0x00, 0x00, 0x00, 0x00, 0x00, 0x00, 0x00, 0x00, 0xE0, 0xE0, 0xB3, 0xB3, 
    0x00, 0x3F, 0x00, 0x3F, 0x00, 0x3F, 0x00, 0x7F, 0x00, 0x4E, 0x40, 0x00, 0x30, 0x80, 0x00, 0xCC, 
    0x01, 0xFE, 0x03, 0xFC, 0x03, 0xFC, 0x02, 0xFD, 0x00, 0xFF, 0x00, 0xFF, 0x00, 0xFF, 0x00, 0xFF, 
    0x00, 0xFD, 0x00, 0xFF, 0x00, 0xBF, 0x20, 0x0F, 0x00, 0x0F, 0x00, 0xFF, 0x00, 0x3F, 0x00, 0x9C, 
    0x80, 0x7F, 0xA1, 0x5E, 0x8F, 0x70, 0x07, 0xF8, 0x07, 0xF8, 0x16, 0xE9, 0x00, 0xFF, 0x00, 0xFF, 
    0xFE, 0xFF, 0xFE, 0xFF, 0x8E, 0x8F, 0x4F, 0x4F, 0x9F, 0x9F, 0x31, 0x31, 0xCD, 0x41, 0xF3, 0xD7, 
    0x00, 0xFE, 0x00, 0xFE, 0xF0, 0x1E, 0x70, 0xBF, 0x60, 0x7F, 0xCE, 0x3B, 0xFE, 0x03, 0xFC, 0x07, 
    0x00, 0xFF, 0x00, 0xFF, 0x00, 0xFF, 0xE0, 0xFF, 0xE0, 0xFF, 0xE3, 0xFF, 0xC2, 0xFF, 0x00, 0xFF, 
    0x00, 0x00, 0x00, 0x00, 0x00, 0x00, 0x00, 0xE0, 0x00, 0xE0, 0x00, 0xE3, 0x00, 0xC2, 0x00, 0x00, 
    0xD8, 0xF8, 0xF0, 0xF0, 0xF0, 0xF0, 0xC0, 0xC0, 0x90, 0x90, 0x1C, 0x1C, 0x3F, 0x3F, 0xFF, 0x84, 
    0x27, 0xFC, 0x0F, 0xFF, 0x0F, 0xFE, 0x3F, 0xC0, 0x7F, 0x80, 0xFF, 0x00, 0xFF, 0x00, 0xF7, 0x08, 
    0x00, 0x00, 0x80, 0x80, 0x1F, 0x1E, 0x3F, 0x3E, 0xFF, 0xFC, 0xFF, 0xF0, 0xFD, 0x90, 0xFC, 0x80, 
    0xFF, 0xE0, 0x7F, 0xC0, 0xFF, 0xC0, 0xFE, 0x01, 0xFC, 0x03, 0xF0, 0x0F, 0xD0, 0x2F, 0x80, 0x7F, 
    0xE7, 0x00, 0x97, 0x01, 0xFF, 0x02, 0xFB, 0x38, 0xF8, 0x00, 0x7C, 0x00, 0xFE, 0x00, 0xFB, 0x00, 
    0x00, 0xFF, 0x01, 0xFE, 0x02, 0xFD, 0x78, 0x87, 0x50, 0xAF, 0x00, 0xFF, 0x00, 0xFF, 0x00, 0xFF, 
    0xFF, 0x18, 0xFF, 0x80, 0xFF, 0x00, 0xEF, 0x00, 0x03, 0x00, 0x00, 0x33, 0xC0, 0x1F, 0xC0, 0x1F, 
    0x18, 0xE7, 0x80, 0x7F, 0x00, 0xFF, 0x00, 0xFF, 0x00, 0xFF, 0x00, 0xFF, 0x00, 0xFF, 0x08, 0xF7, 
    0x00, 0xFF, 0x00, 0xFF, 0x00, 0xFF, 0x00, 0xFC, 0x03, 0x00, 0xFF, 0x00, 0xFF, 0x01, 0xFF, 0x00, 
    0x00, 0xFF, 0x04, 0xFB, 0x00, 0xFF, 0x00, 0xFF, 0x00, 0xFF, 0x03, 0xFC, 0x7F, 0x80, 0xFF, 0x00, 
    0x0F, 0xE0, 0x0F, 0xC0, 0x1F, 0x80, 0x7F, 0x02, 0xFE, 0x0E, 0xF0, 0x70, 0xE0, 0xE0, 0x80, 0x80, 
    0x03, 0xFC, 0x07, 0xF8, 0x0F, 0xF0, 0x1F, 0xE0, 0xFF, 0x00, 0x8F, 0x00, 0xDF, 0x00, 0xFF, 0x00, 
    0x09, 0xF9, 0xEE, 0xE4, 0x1F, 0x00, 0x13, 0x10, 0x38, 0x1E, 0x42, 0x10, 0x83, 0x60, 0x1F, 0x80, 
    0x06, 0x0B, 0x1F, 0xF0, 0xFF, 0xE0, 0xEF, 0x20, 0x18, 0xE7, 0x00, 0xFF, 0x01, 0xFE, 0x00, 0xFF, 
    0x00, 0xFF, 0xFF, 0xFF, 0xEB, 0x0B, 0xFE, 0x02, 0xFC, 0x00, 0x3B, 0x11, 0xBF, 0x00, 0xF3, 0x00, 
    0x00, 0x00, 0x00, 0xFF, 0xF4, 0x1F, 0x7F, 0x80, 0x34, 0xCB, 0x13, 0xEC, 0x04, 0xFB, 0x00, 0xFF, 
    0x00, 0x12, 0x00, 0xFE, 0x00, 0xF9, 0x00, 0xFE, 0x00, 0xF6, 0x00, 0xFF, 0x00, 0xFF, 0x00, 0xFF, 
    0x00, 0xFF, 0x00, 0xFF, 0x00, 0xFF, 0xE0, 0x1F, 0x40, 0xBF, 0x40, 0xBF, 0xC4, 0x3B, 0xE7, 0x18, 
    0x00, 0x0C, 0x00, 0x3C, 0x00, 0x33, 0x00, 0x07, 0x00, 0x1F, 0x00, 0xFF, 0x00, 0xFF, 0x00, 0xFF, 
    0x00, 0xFF, 0x00, 0xFF, 0x00, 0xFF, 0x01, 0xFE, 0x01, 0xFE, 0x1F, 0xE0, 0x8F, 0x70, 0xFF, 0x00, 
    0x00, 0x3F, 0x00, 0xFF, 0x00, 0xFF, 0x00, 0xB7, 0x00, 0xBF, 0x00, 0xB7, 0x00, 0xFF, 0x00, 0x1F, 
    0x1C, 0xE3, 0x13, 0xEC, 0x05, 0xFA, 0x01, 0xFE, 0x00, 0xFF, 0x01, 0xFE, 0x03, 0xFC, 0x0F, 0xF0, 
    0x00, 0xFC, 0x00, 0xFF, 0x00, 0xFF, 0x00, 0xFF, 0x00, 0xFF, 0x00, 0xFF, 0x00, 0xFF, 0x00, 0xFE, 
    0x48, 0xB7, 0xFC, 0x03, 0xFF, 0x00, 0xFF, 0x00, 0x3E, 0xC1, 0xFF, 0x00, 0xFE, 0x01, 0xF8, 0x07, 
    0x1F, 0x00, 0x3F, 0x00, 0xFF, 0x02, 0xFF, 0x01, 0xFB, 0x41, 0xFD, 0x00, 0x7F, 0x00, 0x4C, 0x00, 
    0x00, 0xFF, 0x02, 0xFD, 0x03, 0xFC, 0x01, 0xFE, 0x41, 0xBE, 0x00, 0xFF, 0x00, 0xFF, 0x00, 0xFF, 
    0xB8, 0x00, 0xB9, 0x10, 0xFF, 0x10, 0xFF, 0xC8, 0xFF, 0x20, 0xFC, 0x00, 0x00, 0x00, 0x00, 0x10, 
    0x00, 0xFF, 0x10, 0xEF, 0x10, 0xEF, 0xC8, 0x37, 0x20, 0xDF, 0x00, 0xFF, 0x00, 0xFF, 0x00, 0xFF, 
    0xFF, 0x00, 0xFF, 0x00, 0xFF, 0x00, 0xFF, 0x00, 0xC0, 0x3F, 0x00, 0xFF, 0x1C, 0xE3, 0x8E, 0x71, 
    0xFF, 0xFF, 0xFF, 0xFF, 0xFF, 0xFF, 0xFF, 0xFF, 0xC0, 0xC0, 0x00, 0x00, 0x1C, 0x1C, 0x8E, 0x8E, 
    0xFF, 0x00, 0x9F, 0x60, 0xDE, 0x21, 0xFE, 0x01, 0x78, 0x87, 0x00, 0xFF, 0x00, 0xFF, 0x00, 0xFF, 
    0xFF, 0xFF, 0x9F, 0x9F, 0xDE, 0xDE, 0xFE, 0xFE, 0x78, 0x78, 0x00, 0x00, 0x00, 0x00, 0x00, 0x00, 
    0x00, 0xC0, 0x00, 0xC0, 0x00, 0x1F, 0x00, 0x08, 0x00, 0x03, 0x00, 0xCF, 0x00, 0x3F, 0x00, 0x7F, 
    0x00, 0xFF, 0x00, 0xFF, 0x00, 0xFF, 0x00, 0xFF, 0x00, 0xFF, 0x04, 0xFB, 0x06, 0xF9, 0x11, 0xEE, 
    0x00, 0x00, 0x01, 0x08, 0x03, 0x00, 0x00, 0x78, 0x00, 0xFE, 0x01, 0xF0, 0x03, 0xF8, 0x00, 0xFC, 
    0x00, 0xFF, 0x00, 0xFF, 0x00, 0xFF, 0x00, 0xFF, 0x00, 0xFF, 0x00, 0xFF, 0x00, 0xFF, 0x00, 0xFF, 
    0x0F, 0xC0, 0x00, 0x00, 0x00, 0x00, 0x3C, 0x00, 0x06, 0x00, 0x00, 0xFC, 0x00, 0x0F, 0x80, 0x0F, 
    0x00, 0xFF, 0x00, 0xFF, 0x00, 0xFF, 0x00, 0xFF, 0x00, 0xFF, 0x00, 0xFF, 0x00, 0xFF, 0x00, 0xFF, 
    0x10, 0x01, 0xB0, 0x01, 0x00, 0x00, 0x00, 0x02, 0x00, 0x33, 0x00, 0xFF, 0x00, 0xFF, 0x00, 0xFF, 
    0x00, 0xFF, 0x00, 0xFF, 0x00, 0xFF, 0x00, 0xFF, 0x00, 0xFF, 0x1C, 0xE3, 0x1F, 0xE0, 0x7F, 0x80, 
    0xC0, 0x02, 0x80, 0x0F, 0x00, 0x0F, 0x00, 0x00, 0x00, 0x0F, 0x00, 0xBF, 0x00, 0xFF, 0x00, 0xFF, 
    0x80, 0x7F, 0x00, 0xFF, 0x00, 0xFF, 0x00, 0xFF, 0x00, 0xFF, 0x00, 0xFF, 0x10, 0xEF, 0x47, 0xB8, 
    0x00, 0x3F, 0x00, 0xFF, 0x00, 0xFF, 0x00, 0x7F, 0x00, 0xFE, 0x00, 0xFA, 0x00, 0xF7, 0x00, 0xFE, 
    0x00, 0xFF, 0x07, 0xF8, 0x06, 0xF9, 0x00, 0xFF, 0x30, 0xCF, 0x40, 0xBF, 0x20, 0xDF, 0x80, 0x7F, 
    0xFF, 0x00, 0xFF, 0x00, 0xFF, 0x00, 0xFF, 0x00, 0xFF, 0x00, 0xFF, 0x00, 0xFF, 0x00, 0xFF, 0x00, 
    0xFF, 0xFF, 0xFF, 0xFF, 0xFF, 0xFF, 0xFF, 0xFF, 0xFF, 0xFF, 0xFF, 0xFF, 0xFF, 0xFF, 0xFF, 0xFF, 
    0xFF, 0x00, 0xFF, 0x00, 0xFF, 0x00, 0xFF, 0x00, 0xFF, 0x00, 0xFF, 0x00, 0xFF, 0x00, 0xFF, 0x00, 
    0xFF, 0xFF, 0xFF, 0xFF, 0xFF, 0xFF, 0xFF, 0xFF, 0xFF, 0xFF, 0xFF, 0xFF, 0xFF, 0xFF, 0xFF, 0xFF, 
    0x00, 0x00, 0x00, 0x00, 0x40, 0x01, 0x00, 0x01, 0x00, 0x4F, 0x00, 0x6F, 0x00, 0xFF, 0x00, 0xFF, 
    0x00, 0xFF, 0x00, 0xFF, 0x00, 0xFF, 0x00, 0xFF, 0x00, 0xFF, 0x01, 0xFE, 0x0F, 0xF0, 0x1F, 0xE0, 
    0x00, 0x00, 0x00, 0x67, 0x00, 0xFF, 0x00, 0xFF, 0x00, 0xFF, 0x00, 0xFF, 0x00, 0xFF, 0x00, 0xFF, 
    0x00, 0xFF, 0x00, 0xFF, 0x20, 0xDF, 0x7E, 0x81, 0x7F, 0x80, 0x9F, 0x60, 0xFF, 0x00, 0xFF, 0x00, 
    0xFC, 0x03, 0xFE, 0x01, 0xFF, 0x00, 0xFF, 0x00, 0xFF, 0x00, 0xFF, 0x00, 0xFF, 0x00, 0xFF, 0x00, 
    0xFC, 0xFC, 0xFE, 0xFE, 0xFF, 0xFF, 0xFF, 0xFF, 0xFF, 0xFF, 0xFF, 0xFF, 0xFF, 0xFF, 0xFF, 0xFF, 
    0xFC, 0x03, 0xCC, 0x33, 0xFF, 0x00, 0xFF, 0x00, 0xFF, 0x00, 0xFF, 0x00, 0xFF, 0x00, 0xFF, 0x00, 
    0xFC, 0xFC, 0xCC, 0xCC, 0xFF, 0xFF, 0xFF, 0xFF, 0xFF, 0xFF, 0xFF, 0xFF, 0xFF, 0xFF, 0xFF, 0xFF, 
    0x01, 0x91, 0x05, 0x80, 0x0F, 0xC0, 0x0F, 0x00, 0xF8, 0xC0, 0xE0, 0x00, 0x80, 0x00, 0xFC, 0x00, 
    0x01, 0xFE, 0x01, 0xFE, 0x00, 0xFF, 0x06, 0xF9, 0xF0, 0x0F, 0x00, 0xFF, 0x00, 0xFF, 0x00, 0xFF, 
    0xC8, 0x03, 0x10, 0x47, 0x80, 0x01, 0x00, 0x5F, 0x00, 0x17, 0x00, 0x3C, 0x00, 0xEC, 0x00, 0x04, 
    0x80, 0x7F, 0x00, 0xFF, 0x00, 0xFF, 0x01, 0xFE, 0x00, 0xFF, 0x00, 0xFF, 0x00, 0xFF, 0x00, 0xFF, 
    0xFC, 0x21, 0xF9, 0x00, 0xF9, 0x00, 0xFC, 0x00, 0xE0, 0x01, 0x00, 0x00, 0x10, 0x00, 0x00, 0x34, 
    0xFC, 0x03, 0x00, 0xFF, 0x00, 0xFF, 0x00, 0xFF, 0x00, 0xFF, 0x00, 0xFF, 0x00, 0xFF, 0x00, 0xFF, 
    0x87, 0x00, 0x20, 0x1D, 0xE0, 0x07, 0x08, 0x00, 0x02, 0xAC, 0x01, 0x08, 0xC3, 0x08, 0x02, 0x20, 
    0x80, 0x7F, 0x00, 0xFF, 0x02, 0xFD, 0x00, 0xFF, 0x00, 0xFF, 0x00, 0xFF, 0x00, 0xFF, 0x00, 0xFF, 
    0xFF, 0x20, 0xFF, 0xF8, 0xFF, 0xD8, 0xFF, 0xBA, 0xFF, 0x6E, 0xFF, 0x80, 0xFF, 0xC0, 0xFF, 0x0C, 
    0x20, 0x20, 0xF8, 0xF8, 0xD8, 0xD8, 0xFA, 0xFA, 0x6E, 0x6E, 0x80, 0x80, 0xC0, 0xC0, 0x0C, 0x0C, 
    0xFF, 0x00, 0xFF, 0x00, 0xFF, 0x00, 0xFF, 0x00, 0xFF, 0x00, 0xFF, 0x00, 0xFF, 0x00, 0xFF, 0x00, 
    0x00, 0x00, 0x00, 0x00, 0x00, 0x00, 0x00, 0x00, 0x00, 0x00, 0x00, 0x00, 0x00, 0x00, 0x00, 0x00, 
    0x00, 0xFE, 0x00, 0xFE, 0x00, 0x9F, 0x00, 0xFF, 0x00, 0xFF, 0x00, 0xFF, 0x00, 0x7F, 0x00, 0xFF, 
    0x08, 0xF7, 0x0C, 0xF3, 0x08, 0xF7, 0x00, 0xFF, 0x34, 0xCB, 0x1D, 0xE2, 0x39, 0xC6, 0x18, 0xE7, 
    0x00, 0x3F, 0x00, 0x3F, 0x00, 0xFE, 0x00, 0xFF, 0x00, 0xFE, 0x00, 0xFE, 0x00, 0xFE, 0x00, 0x80, 
    0x01, 0xFE, 0x02, 0xFD, 0x00, 0xFF, 0x7C, 0x83, 0xFC, 0x03, 0xF8, 0x07, 0xE0, 0x1F, 0x00, 0xFF, 
    0x00, 0xFF, 0x00, 0xFF, 0x00, 0xFF, 0x00, 0xFF, 0x00, 0xFF, 0x00, 0xFF, 0x00, 0xFF, 0x00, 0xFF, 
    0x3F, 0xC0, 0xFF, 0x00, 0xFF, 0x00, 0xFB, 0x04, 0xFF, 0x00, 0xFF, 0x00, 0xFF, 0x00, 0xFF, 0x00, 
    0x00, 0xFF, 0x00, 0xFF, 0x00, 0xFF, 0x00, 0xFF, 0x00, 0xFF, 0x00, 0xCF, 0x00, 0xFE, 0x00, 0xFF, 
    0xFF, 0x00, 0xCF, 0x30, 0xC0, 0x3F, 0xD8, 0x27, 0x02, 0xFD, 0x80, 0x7F, 0x00, 0xFF, 0x00, 0xFF, 
    0xEC, 0x2F, 0x0C, 0x0F, 0x3E, 0x3F, 0x1C, 0x1F, 0x8F, 0x8F, 0xEF, 0x6F, 0xE7, 0x67, 0xF9, 0x39, 
    0xF0, 0x1C, 0xF0, 0xFC, 0xC0, 0x3E, 0xE0, 0x1C, 0xF0, 0x0F, 0xF0, 0x0F, 0x78, 0x87, 0xFE, 0x01, 
    0x00, 0xFF, 0x18, 0xFF, 0x18, 0xFF, 0x60, 0xFF, 0xE0, 0xFF, 0xC0, 0xFF, 0xC0, 0xFF, 0xC0, 0xFF, 
    0x00, 0x00, 0x00, 0x18, 0x00, 0x18, 0x00, 0x60, 0x00, 0xE0, 0x00, 0xC0, 0x00, 0xC0, 0x00, 0xC0, 
    0xFF, 0x00, 0xFF, 0x00, 0xFF, 0x00, 0xFF, 0x00, 0xFF, 0x00, 0xFF, 0x08, 0xFF, 0x00, 0xFF, 0x00, 
    0x00, 0xFF, 0xFF, 0x00, 0xFF, 0x00, 0xFF, 0x00, 0xFF, 0x00, 0xFF, 0x00, 0xFF, 0x00, 0xFF, 0x00, 
    0xF9, 0x00, 0xFF, 0x00, 0xFF, 0x00, 0xFF, 0x00, 0xFF, 0x60, 0xFF, 0x70, 0xFF, 0x00, 0xFF, 0x00, 
    0x00, 0xFF, 0xC0, 0x3F, 0xEC, 0x13, 0xFC, 0x03, 0xFC, 0x03, 0xFD, 0x02, 0xFE, 0x01, 0xFF, 0x00, 
    0xF1, 0x90, 0xA2, 0x61, 0xEE, 0xE1, 0x71, 0x68, 0xB9, 0x42, 0x06, 0x00, 0x83, 0xC3, 0x82, 0x53, 
    0xAF, 0xBC, 0x9C, 0xAB, 0x10, 0xEF, 0xF1, 0x8E, 0x8B, 0x74, 0x07, 0xF8, 0x84, 0x7B, 0x04, 0xFE, 
    0xD3, 0x5C, 0xF3, 0x3C, 0x97, 0x18, 0x6F, 0x70, 0xDF, 0xE0, 0xBF, 0xC8, 0x7F, 0x9E, 0x3F, 0xC0, 
    0xE3, 0x13, 0x23, 0xD3, 0x67, 0xB7, 0x8F, 0x6F, 0x18, 0xD8, 0x28, 0xA8, 0x7E, 0x7E, 0x30, 0x30, 
    0x03, 0x40, 0x3F, 0x00, 0x78, 0x00, 0xDC, 0x00, 0xFF, 0x40, 0xFF, 0x20, 0xDB, 0x90, 0xFE, 0x00, 
    0x00, 0xFF, 0x00, 0xFF, 0x10, 0xEF, 0x08, 0xF7, 0xC2, 0x3D, 0x60, 0x9F, 0x90, 0x6F, 0x00, 0xFF, 
    0x00, 0x00, 0x01, 0x00, 0x00, 0x30, 0x60, 0x00, 0xE0, 0x00, 0xEB, 0x00, 0xFF, 0x08, 0xFF, 0x00, 
    0x00, 0xFF, 0x00, 0xFF, 0x00, 0xFF, 0x00, 0xFF, 0x00, 0xFF, 0x01, 0xFE, 0x7C, 0x83, 0x00, 0xFF, 
    0x03, 0x20, 0x00, 0x60, 0x00, 0xFE, 0x00, 0xB6, 0x00, 0xB3, 0x00, 0x07, 0x00, 0x83, 0x20, 0x04, 
    0x00, 0xFF, 0x00, 0xFF, 0x00, 0xFF, 0x00, 0xFF, 0x00, 0xFF, 0x00, 0xFF, 0x00, 0xFF, 0x20, 0xDF, 
    0xE0, 0x03, 0x9A, 0x00, 0x08, 0x00, 0x0F, 0x60, 0x37, 0x82, 0x7F, 0x03, 0x3F, 0x86, 0x7F, 0x3C, 
    0x00, 0xFF, 0x00, 0xFF, 0x00, 0xFF, 0x00, 0xFF, 0x02, 0xFD, 0x03, 0xFC, 0x06, 0xF9, 0x3C, 0xC3, 
    0x7B, 0xBB, 0xC7, 0x07, 0x5F, 0x9F, 0xFF, 0xFF, 0xFF, 0xFF, 0xEF, 0xFF, 0xFF, 0xFF, 0xFE, 0xFE, 
    0x7C, 0x83, 0x78, 0x8F, 0x60, 0xBF, 0x80, 0x7F, 0x00, 0xFF, 0x00, 0xEF, 0x00, 0xFF, 0x01, 0xFE, 
    0xBB, 0x80, 0xBB, 0x80, 0x9A, 0x90, 0xB0, 0x80, 0x78, 0x40, 0x60, 0x40, 0xE0, 0x93, 0x70, 0x0F, 
    0x50, 0xAF, 0x78, 0x87, 0x70, 0x8F, 0x40, 0xBF, 0xC0, 0xBF, 0xC0, 0x3F, 0x80, 0x7F, 0xD3, 0x2C, 
    0x00, 0xFF, 0x00, 0xFF, 0x00, 0xFF, 0x00, 0xFF, 0x00, 0xFF, 0x00, 0xFF, 0x00, 0xFF, 0x00, 0xFF, 
    0x00, 0x00, 0x00, 0x00, 0x00, 0x00, 0x00, 0x00, 0x00, 0x00, 0x00, 0x00, 0x00, 0x00, 0x00, 0x00, 
    0x00, 0xFF, 0x20, 0xFF, 0x70, 0xFF, 0x00, 0xFF, 0x00, 0xFF, 0x00, 0xFF, 0x00, 0xFF, 0x00, 0xFF, 
    0x00, 0x00, 0x00, 0x20, 0x00, 0x70, 0x00, 0x00, 0x00, 0x00, 0x00, 0x00, 0x00, 0x00, 0x00, 0x00, 
    0xFF, 0x00, 0xFF, 0x00, 0x7F, 0x80, 0xF0, 0x0F, 0xB0, 0x4F, 0xBA, 0x45, 0xE0, 0x1F, 0xE7, 0x18, 
    0xFF, 0xFF, 0xFF, 0xFF, 0x7F, 0x7F, 0xF0, 0xF0, 0xB0, 0xB0, 0xBA, 0xBA, 0xE0, 0xE0, 0xE7, 0xE7, 
    0xCF, 0x30, 0xCC, 0x33, 0x40, 0xBF, 0x60, 0x9F, 0x42, 0xBD, 0x58, 0xA7, 0x18, 0xE7, 0x98, 0x67, 
    0xCF, 0xCF, 0xCC, 0xCC, 0x40, 0x40, 0x60, 0x60, 0x42, 0x42, 0x58, 0x58, 0x18, 0x18, 0x98, 0x98, 
    0x70, 0x00, 0x40, 0x00, 0x80, 0x04, 0x00, 0x02, 0x01, 0x80, 0x06, 0xC0, 0x00, 0x37, 0x00, 0x31, 
    0x00, 0xFF, 0x00, 0xFF, 0x00, 0xFF, 0x00, 0xFF, 0x00, 0xFF, 0x00, 0xFF, 0x00, 0xFF, 0x00, 0xFF, 
    0x00, 0x26, 0x00, 0x4E, 0x06, 0x40, 0x0C, 0x00, 0x00, 0x07, 0x00, 0xB3, 0x00, 0xFF, 0x00, 0xFF, 
    0x00, 0xFF, 0x00, 0xFF, 0x00, 0xFF, 0x00, 0xFF, 0x00, 0xFF, 0x00, 0xFF, 0x20, 0xDF, 0x07, 0xF8, 
    0xFF, 0x1C, 0xFF, 0xC8, 0xFF, 0x2C, 0x3F, 0xC9, 0x3F, 0xC0, 0x7F, 0xA3, 0x7F, 0xA0, 0x7F, 0x82, 
    0x1C, 0x1C, 0xC8, 0xC8, 0xEC, 0xEC, 0x29, 0x29, 0x20, 0x20, 0x63, 0x63, 0x60, 0x60, 0x43, 0x43, 
    0xFF, 0x18, 0xFF, 0x00, 0xFF, 0x00, 0xFF, 0x02, 0xFF, 0x4A, 0xFF, 0x5C, 0xFF, 0x00, 0xF8, 0x17, 
    0x18, 0x18, 0x00, 0x00, 0x00, 0x00, 0x02, 0x02, 0x4B, 0x4B, 0x5D, 0x5D, 0x03, 0x03, 0xF8, 0xF8, 
    0xFF, 0xB0, 0xFF, 0x96, 0xFF, 0x00, 0xFF, 0x83, 0x03, 0xFD, 0x63, 0xFC, 0xF3, 0x9C, 0xB1, 0x3E, 
    0xB0, 0xB0, 0x96, 0x96, 0x00, 0x00, 0xFF, 0xFF, 0x03, 0x03, 0x03, 0x63, 0xE3, 0x13, 0xC1, 0x31, 
    0xFF, 0xC8, 0xFF, 0xC8, 0xFF, 0x00, 0xFF, 0x80, 0xFF, 0x78, 0x7F, 0xF8, 0xFF, 0x58, 0xFF, 0x51, 
    0xC8, 0xC8, 0xC8, 0xC8, 0x00, 0x00, 0x80, 0x80, 0x78, 0x78, 0x78, 0x78, 0xD8, 0xD8, 0xF1, 0xF1, 
    0xFF, 0x00, 0xFF, 0xC0, 0xFF, 0xF1, 0xFF, 0xFE, 0xFF, 0xFF, 0x00, 0x00, 0x00, 0x00, 0x00, 0x00, 
    0xFF, 0x00, 0xFF, 0x00, 0xFF, 0x00, 0x71, 0x00, 0x00, 0x00, 0xFF, 0x00, 0xFF, 0x00, 0xFF, 0xFE, 
    0xFF, 0x00, 0xFF, 0x00, 0xFF, 0xC0, 0xFF, 0x00, 0xFF, 0xFF, 0x27, 0x27, 0x00, 0x00, 0x00, 0x00, 
    0xFF, 0x00, 0xFF, 0x00, 0xFF, 0x00, 0xFF, 0x00, 0xE0, 0x00, 0xD8, 0x00, 0xFF, 0x03, 0xFF, 0x3F, 
    0xFF, 0xF7, 0x1F, 0x1F, 0x1F, 0x1F, 0x01, 0x01, 0x63, 0x63, 0x00, 0x00, 0x00, 0x00, 0xC0, 0xC0, 
    0x08, 0x00, 0xE0, 0x00, 0xE0, 0x00, 0xFE, 0xE4, 0x9C, 0x8C, 0xFF, 0xFC, 0xFF, 0xF4, 0x3F, 0xFF, 
    0xFF, 0xF0, 0xFF, 0xE8, 0xFF, 0xB9, 0xFF, 0xB7, 0xE7, 0xA7, 0x7F, 0x47, 0x09, 0x09, 0x00, 0x00, 
    0x0F, 0x00, 0x1F, 0x00, 0x4E, 0x00, 0x68, 0x00, 0x78, 0x00, 0xBC, 0x00, 0xF6, 0x00, 0xFF, 0x20, 
    0x01, 0xFE, 0xE1, 0x1E, 0xFF, 0x00, 0xFF, 0x00, 0xFF, 0x00, 0xFF, 0x00, 0xFF, 0x00, 0xFF, 0x00, 
    0x01, 0x01, 0xE1, 0xE1, 0xFF, 0xFF, 0xFF, 0xFF, 0xFF, 0xFF, 0xFF, 0xFF, 0xFF, 0xFF, 0xDF, 0xDF, 
    0x80, 0x7F, 0xE0, 0x1F, 0xF0, 0x0F, 0xFF, 0x00, 0xFF, 0x00, 0xFF, 0x00, 0xFD, 0x02, 0xFF, 0x00, 
    0x80, 0x80, 0xE0, 0xE0, 0xF0, 0xF0, 0xFF, 0xFF, 0xFF, 0xFF, 0xFF, 0xFF, 0xFD, 0xFD, 0xFF, 0xFF, 
    0xFF, 0x00, 0xFF, 0x00, 0xFF, 0x00, 0xFF, 0x00, 0xFF, 0x00, 0xFF, 0xE0, 0xFF, 0xE0, 0xFF, 0xC0, 
    0xFF, 0x00, 0xFF, 0x00, 0xFF, 0x00, 0xFF, 0x00, 0xFF, 0x00, 0xFF, 0x00, 0xFF, 0x00, 0xFF, 0x00, 
    0xFF, 0x00, 0xFF, 0x00, 0xFF, 0x00, 0xFF, 0x00, 0xFF, 0x00, 0xFF, 0x00, 0xFF, 0x00, 0xFF, 0x00, 
    0xFF, 0x00, 0xFF, 0x00, 0xFF, 0x00, 0xFF, 0x00, 0xFF, 0x00, 0xFF, 0x00, 0xFF, 0x00, 0xFF, 0x00, 
    0x00, 0xFF, 0x00, 0xFB, 0x00, 0xEF, 0x00, 0x77, 0x00, 0x03, 0x00, 0x07, 0x00, 0x07, 0x00, 0x07, 
    0x39, 0xC6, 0x21, 0xDE, 0x41, 0xBE, 0x03, 0xFC, 0x00, 0xFF, 0x00, 0xFF, 0x01, 0xFE, 0x03, 0xFC, 
    0x00, 0xFF, 0x00, 0xFF, 0x00, 0xFF, 0x00, 0xFF, 0x00, 0xFF, 0x00, 0xFF, 0x00, 0xFF, 0x00, 0xFC, 
    0xFF, 0x00, 0xFF, 0x00, 0xFF, 0x00, 0xFF, 0x00, 0xFF, 0x00, 0xF6, 0x09, 0xF2, 0x0D, 0xF0, 0x0F, 
    0x00, 0xFF, 0x00, 0xFF, 0x00, 0xFF, 0x00, 0xFF, 0x00, 0xFF, 0x00, 0xFF, 0x00, 0xFF, 0x01, 0xFF, 
    0x00, 0x00, 0x00, 0x00, 0x00, 0x00, 0x00, 0x00, 0x00, 0x00, 0x00, 0x00, 0x00, 0x00, 0x00, 0x01, 
    0x01, 0xFF, 0x03, 0xFF, 0x07, 0xFF, 0x1E, 0xFE, 0x1C, 0xFC, 0x14, 0xF4, 0x6D, 0xE8, 0xCE, 0xC0, 
    0x00, 0x01, 0x00, 0x03, 0x00, 0x07, 0x01, 0x1F, 0x03, 0x1C, 0x0F, 0x10, 0x19, 0x76, 0x38, 0xF7, 
    0x41, 0x1E, 0x51, 0x1F, 0x53, 0x1D, 0xD3, 0x1D, 0xD7, 0x1B, 0xF3, 0x7D, 0x93, 0x9C, 0xB6, 0xB9, 
    0x61, 0xA1, 0x21, 0xD1, 0x63, 0x93, 0xE3, 0x33, 0xE7, 0x37, 0x83, 0x33, 0x62, 0x32, 0x46, 0x76, 
    0xFF, 0x30, 0xFF, 0x00, 0xFF, 0x00, 0xFF, 0x12, 0xFF, 0xC8, 0xE0, 0xBF, 0xBB, 0xFB, 0xFF, 0xF0, 
    0x30, 0x30, 0x00, 0x00, 0x00, 0x00, 0x12, 0x12, 0xCF, 0xCF, 0xA0, 0xA0, 0x84, 0xBF, 0x11, 0xEE, 
    0x00, 0x7F, 0x00, 0x7F, 0x80, 0x3F, 0xE0, 0x1F, 0xC0, 0x0F, 0xF8, 0x03, 0xF0, 0x01, 0xFE, 0x00, 
    0x3F, 0xC0, 0x3F, 0xC0, 0x0F, 0xF0, 0x0F, 0xF0, 0x03, 0xFC, 0x01, 0xFE, 0x80, 0x7F, 0x80, 0x7F, 
    0x00, 0xFF, 0x00, 0xFF, 0x00, 0xFF, 0x00, 0xFF, 0x00, 0xFF, 0x00, 0xFF, 0x00, 0xFF, 0x00, 0xFF, 
    0xFF, 0x00, 0xFF, 0x00, 0xFF, 0x00, 0xFF, 0x00, 0xFF, 0x00, 0xFF, 0x00, 0x7F, 0x80, 0x7F, 0x80, 
    0x00, 0xFF, 0x00, 0xFF, 0x00, 0xFF, 0x18, 0xE7, 0x10, 0xEF, 0x00, 0xFF, 0x04, 0xFB, 0x00, 0xFF, 
    0x00, 0x00, 0x00, 0x00, 0x00, 0x00, 0x18, 0x18, 0x10, 0x10, 0x00, 0x00, 0x04, 0x04, 0x00, 0x00, 
    0x23, 0xDC, 0x00, 0xFF, 0x00, 0xFF, 0x00, 0xFF, 0x00, 0xFF, 0x00, 0xFF, 0x00, 0xFF, 0x00, 0xFF, 
    0x23, 0x23, 0x00, 0x00, 0x00, 0x00, 0x00, 0x00, 0x00, 0x00, 0x00, 0x00, 0x00, 0x00, 0x00, 0x00, 
    0x02, 0xFF, 0x00, 0xFF, 0x00, 0xFF, 0x00, 0xFF, 0x00, 0xFF, 0x00, 0xFF, 0x00, 0xFF, 0x00, 0xFF, 
    0x00, 0x02, 0x00, 0x00, 0x00, 0x00, 0x00, 0x00, 0x00, 0x00, 0x00, 0x00, 0x00, 0x00, 0x00, 0x00, 
    0x03, 0xFF, 0x0D, 0xFF, 0x0F, 0xFF, 0x0F, 0xFF, 0x03, 0xFF, 0x03, 0xFF, 0x00, 0xFF, 0x00, 0xFF, 
    0x00, 0x03, 0x00, 0x0D, 0x00, 0x0F, 0x00, 0x0F, 0x00, 0x03, 0x00, 0x03, 0x00, 0x00, 0x00, 0x00, 
    0x00, 0xFF, 0x00, 0xFF, 0x00, 0xFF, 0x00, 0xFF, 0x00, 0xFF, 0x00, 0xFF, 0x00, 0xFF, 0x00, 0xFF, 
    0x00, 0x00, 0x00, 0x00, 0x00, 0x00, 0x00, 0x00, 0x00, 0x00, 0x00, 0x00, 0x00, 0x00, 0x00, 0x00, 
    0x00, 0xFF, 0x00, 0xFF, 0x00, 0xFF, 0x00, 0xFF, 0x00, 0xFF, 0x00, 0xFF, 0x00, 0xFF, 0x00, 0xFF, 
    0x00, 0x00, 0x00, 0x00, 0x00, 0x00, 0x00, 0x00, 0x00, 0x00, 0x00, 0x00, 0x00, 0x00, 0x00, 0x00, 
    0xEC, 0x00, 0x00, 0x04, 0x1D, 0x20, 0xCF, 0x01, 0xEF, 0x00, 0xFE, 0x00, 0xE4, 0x00, 0xBA, 0x04, 
    0x00, 0xFF, 0x00, 0xFF, 0x00, 0xFF, 0x01, 0xFE, 0x00, 0xFF, 0x00, 0xFF, 0x00, 0xFF, 0x10, 0xEF, 
    0x67, 0x27, 0xF8, 0x78, 0xFF, 0xF9, 0xFF, 0x81, 0xFD, 0x00, 0xFE, 0x00, 0x1B, 0x00, 0x1C, 0x00, 
    0x38, 0xCF, 0xFF, 0x00, 0xFD, 0x02, 0x85, 0x7A, 0x00, 0xFF, 0x00, 0xFF, 0x00, 0xFF, 0x00, 0xFF, 
    0x0F, 0xFF, 0x1E, 0xFE, 0x1D, 0xFD, 0x7C, 0xFC, 0x78, 0xF8, 0x77, 0xF0, 0xF1, 0xF1, 0xFF, 0xFF, 
    0x00, 0x0F, 0x01, 0x1F, 0x03, 0x1C, 0x03, 0x7C, 0x07, 0x78, 0x0F, 0x78, 0x0E, 0xF9, 0x00, 0xFF, 
    0xFB, 0xDB, 0x3F, 0x0F, 0xF7, 0x07, 0x6F, 0x0F, 0x36, 0x06, 0xEE, 0x8E, 0xFF, 0xFF, 0xFF, 0xFF, 
    0x7C, 0x83, 0xF8, 0x87, 0xF8, 0x07, 0xF0, 0x0F, 0xF9, 0x06, 0xF1, 0x0F, 0x00, 0xFF, 0x00, 0xFF, 
    0xFF, 0x00, 0xFF, 0x00, 0xFF, 0x32, 0xDC, 0x5C, 0x00, 0x00, 0x00, 0x00, 0x00, 0x00, 0x03, 0x03, 
    0xFF, 0x00, 0xFF, 0x00, 0xFF, 0x00, 0xE3, 0x00, 0xFF, 0x00, 0xFF, 0x00, 0xFF, 0x00, 0xFF, 0x00, 
    0xFF, 0x00, 0xFF, 0x00, 0xFF, 0x6E, 0x07, 0x05, 0x06, 0x02, 0x02, 0x02, 0x3B, 0x3B, 0xBF, 0x86, 
    0xC8, 0x37, 0xFF, 0x00, 0xD9, 0x00, 0xFE, 0x00, 0xFF, 0x00, 0xFF, 0x00, 0xFF, 0x00, 0xE7, 0x18, 
    0xFF, 0x00, 0xFF, 0x00, 0xFF, 0x00, 0x7F, 0x80, 0xFF, 0x00, 0xFF, 0x00, 0x7F, 0x80, 0xFF, 0x00, 
    0xFF, 0xFF, 0xFF, 0xFF, 0xFF, 0xFF, 0x7F, 0x7F, 0xFF, 0xFF, 0xFF, 0xFF, 0x7F, 0x7F, 0xFF, 0xFF, 
    0xFF, 0x00, 0xFF, 0x00, 0xFF, 0x00, 0xFF, 0x00, 0xFF, 0x00, 0xFF, 0x00, 0xFF, 0x00, 0xFF, 0x00, 
    0xFF, 0xFF, 0xFF, 0xFF, 0xFF, 0xFF, 0xFF, 0xFF, 0xFF, 0xFF, 0xFF, 0xFF, 0xFF, 0xFF, 0xFF, 0xFF, 
    0x06, 0xB8, 0x04, 0x90, 0x08, 0x40, 0x10, 0xA2, 0x00, 0xFB, 0x00, 0xFF, 0x00, 0xFF, 0x00, 0xFF, 
    0x00, 0xFF, 0x00, 0xFF, 0x00, 0xFF, 0x00, 0xFF, 0x70, 0x8F, 0xF1, 0x0E, 0xFC, 0x03, 0xFF, 0x00, 
    0x00, 0x71, 0x00, 0x3E, 0x00, 0xBF, 0x00, 0x1F, 0x00, 0xF8, 0x00, 0xF8, 0x00, 0xEF, 0x00, 0xFF, 
    0x00, 0xFF, 0x10, 0xEF, 0x00, 0xFF, 0x00, 0xFF, 0x00, 0xFF, 0x00, 0xFF, 0xC0, 0x3F, 0xDF, 0x20, 
    0x76, 0x00, 0xC4, 0x01, 0xE0, 0x01, 0xE0, 0x00, 0x83, 0x00, 0xF4, 0x00, 0x00, 0x42, 0x00, 0xE5, 
    0x00, 0xFF, 0x00, 0xFF, 0x00, 0xFF, 0x00, 0xFF, 0x00, 0xFF, 0x00, 0xFF, 0x00, 0xFF, 0x40, 0xBF, 
    0x00, 0x17, 0x00, 0x7F, 0x00, 0xE7, 0x00, 0x02, 0x00, 0x08, 0x00, 0x00, 0x04, 0x11, 0x09, 0x00, 
    0x00, 0xFF, 0x10, 0xEF, 0x00, 0xFF, 0x00, 0xFF, 0x00, 0xFF, 0x00, 0xFF, 0x00, 0xFF, 0x00, 0xFF, 
    0x00, 0x22, 0x00, 0xFE, 0x00, 0xEC, 0x00, 0x99, 0x00, 0xFF, 0x00, 0xFE, 0x00, 0xEC, 0x00, 0xE8, 
    0x00, 0xFF, 0x20, 0xDF, 0x80, 0x7F, 0x00, 0xFF, 0x30, 0xCF, 0x60, 0x9F, 0xC0, 0x3F, 0xC0, 0x3F, 
    0x00, 0x27, 0x00, 0x1F, 0x00, 0xFF, 0x00, 0xFF, 0x00, 0x7F, 0x00, 0x0E, 0x00, 0xFE, 0x00, 0x77, 
    0x00, 0xFF, 0x04, 0xFB, 0x0E, 0xF1, 0x3F, 0xC0, 0x0A, 0xF5, 0x00, 0xFF, 0x10, 0xEF, 0x20, 0xDF, 
    0x00, 0x3B, 0x00, 0xFF, 0x00, 0xFE, 0x00, 0xFE, 0x00, 0xFE, 0x00, 0xF8, 0x01, 0xFC, 0x0E, 0xC0, 
    0x00, 0xFF, 0x0F, 0xF0, 0xFC, 0x03, 0xFC, 0x03, 0xF8, 0x07, 0x00, 0xFF, 0x00, 0xFF, 0x00, 0xFF, 
    0x04, 0x40, 0xF8, 0x00, 0x79, 0x00, 0x1E, 0x00, 0x0F, 0x00, 0x0F, 0x10, 0x3F, 0x03, 0xF2, 0x00, 
    0x00, 0xFF, 0x00, 0xFF, 0x00, 0xFF, 0x00, 0xFF, 0x00, 0xFF, 0x01, 0xFE, 0x13, 0xEC, 0x00, 0xFF, 
    0x70, 0x8F, 0x60, 0x9F, 0x03, 0xFC, 0x0B, 0xF4, 0x00, 0xFF, 0x00, 0xFF, 0x00, 0xFF, 0x00, 0xFF, 
    0x70, 0x70, 0x60, 0x60, 0x03, 0x03, 0x0B, 0x0B, 0x00, 0x00, 0x00, 0x00, 0x00, 0x00, 0x00, 0x00, 
    0x41, 0xBE, 0x7C, 0x83, 0x96, 0x69, 0xC0, 0x3F, 0x00, 0xFF, 0x00, 0xFF, 0x00, 0xFF, 0x02, 0xFD, 
    0x41, 0x41, 0x7C, 0x7C, 0x96, 0x96, 0xC0, 0xC0, 0x00, 0x00, 0x00, 0x00, 0x00, 0x00, 0x02, 0x02, 
    0x00, 0xB1, 0x06, 0x88, 0x00, 0xF1, 0x00, 0xF7, 0x00, 0xD7, 0x00, 0x8E, 0x04, 0xD1, 0x00, 0x1F, 
    0x00, 0xFF, 0x00, 0xFF, 0x00, 0xFF, 0x80, 0x7F, 0x00, 0xFF, 0x00, 0xFF, 0x00, 0xFF, 0x00, 0xFF, 
    0x00, 0xBF, 0x00, 0x7F, 0x00, 0x7F, 0x00, 0x7F, 0x00, 0xFF, 0x00, 0x7F, 0x00, 0xCF, 0x00, 0xFD, 
    0x00, 0xFF, 0x28, 0xD7, 0x0E, 0xF1, 0x1F, 0xE0, 0x7F, 0x80, 0x7F, 0x80, 0x07, 0xF8, 0x08, 0xF7, 
    0xFF, 0x00, 0xFF, 0x00, 0xFF, 0x00, 0xFF, 0x00, 0xFF, 0x00, 0xFF, 0x00, 0xFF, 0x00, 0xFF, 0x00, 
    0xFF, 0xFF, 0xFF, 0xFF, 0xFF, 0xFF, 0xFF, 0xFF, 0xFF, 0xFF, 0xFF, 0xFF, 0xFF, 0xFF, 0xFF, 0xFF, 
    0xFF, 0x00, 0xFF, 0x00, 0xFF, 0x00, 0xFF, 0x00, 0xFF, 0x00, 0xF7, 0x08, 0xF0, 0x0F, 0xEF, 0x10, 
    0xFF, 0xFF, 0xFF, 0xFF, 0xFF, 0xFF, 0xFF, 0xFF, 0xFF, 0xFF, 0xF7, 0xF7, 0xF0, 0xF0, 0xEF, 0xEF, 
    0x00, 0xFF, 0x00, 0xFE, 0x00, 0xF8, 0x00, 0xF2, 0x00, 0x90, 0x03, 0xFC, 0x01, 0xE0, 0x1E, 0xC0, 
    0xFC, 0x03, 0xF8, 0x07, 0xF0, 0x0F, 0x00, 0xFF, 0x00, 0xFF, 0x00, 0xFF, 0x00, 0xFF, 0x00, 0xFF, 
    0x01, 0xC0, 0xC0, 0x00, 0xC0, 0x01, 0x00, 0x01, 0xC0, 0x00, 0xC0, 0x01, 0x90, 0x00, 0x02, 0x00, 
    0x00, 0xFF, 0x00, 0xFF, 0x00, 0xFF, 0x00, 0xFF, 0x00, 0xFF, 0x00, 0xFF, 0x00, 0xFF, 0x00, 0xFF, 
    0x00, 0x00, 0x80, 0x81, 0x8F, 0xCF, 0xFF, 0xFF, 0xFF, 0xFF, 0xFF, 0xFF, 0xFF, 0xFF, 0xEF, 0xFF, 
    0xFF, 0xFF, 0x7F, 0xFF, 0x70, 0xFF, 0x00, 0xFF, 0x00, 0xFF, 0x00, 0xFF, 0x00, 0xFF, 0x00, 0xEF, 
    0x00, 0x00, 0x00, 0x00, 0xF1, 0xFF, 0xFF, 0xFF, 0xFF, 0xFF, 0xFF, 0xFF, 0xFF, 0xFF, 0xFF, 0xFF, 
    0xFF, 0xFF, 0xFF, 0xFF, 0x0E, 0xFF, 0x00, 0xFF, 0x00, 0xFF, 0x00, 0xFF, 0x00, 0xFF, 0x00, 0xFF, 
    0x00, 0x7F, 0x00, 0xFF, 0x00, 0xFF, 0x00, 0xFF, 0x00, 0xFF, 0x00, 0xFF, 0x00, 0xFF, 0x00, 0xFE, 
    0x07, 0xF8, 0x3F, 0xC0, 0x1F, 0xE0, 0x18, 0xE7, 0x7E, 0x81, 0x7E, 0x81, 0x34, 0xCB, 0x00, 0xFF, 
    0x00, 0xFF, 0x00, 0xFF, 0x00, 0xFF, 0x00, 0xFF, 0x00, 0xEB, 0x00, 0xEE, 0x00, 0xEE, 0x00, 0x00, 
    0x3F, 0xC0, 0x07, 0xF8, 0xF3, 0x0C, 0x03, 0xFC, 0x00, 0xFF, 0x40, 0xBF, 0x00, 0xFF, 0x00, 0xFF, 
    0xDC, 0x5F, 0xE2, 0x43, 0xF5, 0x75, 0xFF, 0x27, 0xCF, 0x3F, 0xF7, 0x90, 0x7B, 0xA0, 0x06, 0x00, 
    0xE0, 0x1C, 0xFC, 0x0E, 0xDE, 0x21, 0x34, 0xCB, 0x48, 0xB7, 0x9C, 0x63, 0x23, 0xDC, 0x00, 0xFF, 
    0x1F, 0xF9, 0x12, 0xEF, 0x0E, 0xFF, 0xFA, 0xFB, 0xBF, 0x87, 0x7F, 0x47, 0xDE, 0x0A, 0x9F, 0x21, 
    0x1F, 0x1F, 0x10, 0x12, 0x00, 0x0E, 0x1C, 0xE2, 0x5C, 0xA3, 0xDC, 0x23, 0x9B, 0x64, 0x81, 0x7E, 
    0x21, 0x21, 0x01, 0x01, 0x05, 0x05, 0x0F, 0x0F, 0x5F, 0x5F, 0x7F, 0x7F, 0xFE, 0xFF, 0xFC, 0xFF, 
    0xDE, 0xF7, 0xFE, 0x3F, 0xFA, 0x7F, 0xF0, 0xFF, 0xA0, 0xFF, 0x80, 0xFF, 0x00, 0xFE, 0x00, 0xFC, 
    0xEF, 0xFF, 0xEF, 0xEF, 0xFC, 0xFF, 0xF0, 0xFF, 0xE0, 0xFF, 0x80, 0xFF, 0x00, 0xFF, 0x00, 0xFF, 
    0x10, 0xFF, 0x10, 0xFF, 0x00, 0xFC, 0x00, 0xF0, 0x00, 0xE0, 0x00, 0x80, 0x00, 0x00, 0x00, 0x00, 
    0x00, 0xFF, 0x00, 0xFF, 0x00, 0xFF, 0x00, 0xFF, 0x00, 0xFF, 0x00, 0xFF, 0x00, 0xFC, 0x00, 0xB6, 
    0x0F, 0xF0, 0x0F, 0xF0, 0xFF, 0x00, 0xFF, 0x00, 0xFF, 0x00, 0xF8, 0x07, 0x30, 0xCF, 0x00, 0xFF, 
    0x00, 0xFF, 0x00, 0xFF, 0x00, 0xFF, 0x00, 0xFC, 0x00, 0xF2, 0x00, 0xF3, 0x00, 0xF9, 0x00, 0xF8, 
    0xC4, 0x3B, 0xE0, 0x1F, 0xFC, 0x03, 0xE0, 0x1F, 0xE0, 0x1F, 0xC0, 0x3F, 0x00, 0xFF, 0x00, 0xFF, 
    0x00, 0xFF, 0x00, 0xFF, 0x00, 0xEF, 0x00, 0xDF, 0x00, 0xFD, 0x00, 0x0F, 0xD0, 0x07, 0x80, 0x0F, 
    0x10, 0xEF, 0xC8, 0x37, 0x01, 0xFE, 0x0C, 0xF3, 0x08, 0xF7, 0x00, 0xFF, 0x00, 0xFF, 0x02, 0xFD, 
    0x00, 0xBF, 0x00, 0xFF, 0x00, 0xFF, 0x00, 0xFF, 0x00, 0x3F, 0x00, 0xF9, 0x00, 0xFF, 0x00, 0xFF, 
    0x18, 0xE7, 0x0B, 0xF4, 0x8F, 0x70, 0x76, 0x89, 0x00, 0xFF, 0x20, 0xDF, 0x62, 0x9D, 0x40, 0xBF, 
    0xFF, 0x00, 0xFF, 0x00, 0xFF, 0xFF, 0x80, 0x80, 0x00, 0x00, 0x00, 0x00, 0x00, 0x00, 0x01, 0x01, 
    0xF9, 0x06, 0xFF, 0x00, 0x00, 0x00, 0x7F, 0x00, 0xFF, 0x01, 0xFF, 0x3F, 0xFF, 0xF9, 0xFE, 0xDF, 
    0xFF, 0x00, 0xFF, 0xFF, 0x80, 0x80, 0x00, 0x00, 0x00, 0x00, 0x03, 0x03, 0x0F, 0x0F, 0xFF, 0xFF, 
    0xFF, 0x00, 0x00, 0x00, 0x7F, 0x00, 0xFF, 0x1F, 0xFF, 0xFF, 0xFC, 0xFF, 0xF0, 0xFF, 0x00, 0xFF, 
    0xF2, 0x0D, 0xF8, 0x07, 0xF1, 0x0E, 0xF3, 0x0C, 0xFF, 0x00, 0xFF, 0x00, 0xFF, 0x00, 0xFF, 0x00, 
    0xF2, 0xF2, 0xF8, 0xF8, 0xF1, 0xF1, 0xF3, 0xF3, 0xFF, 0xFF, 0xFF, 0xFF, 0xFF, 0xFF, 0xFF, 0xFF, 
    0x00, 0xFF, 0x36, 0xC9, 0x9F, 0x60, 0xCF, 0x30, 0xBB, 0x44, 0xFF, 0x00, 0xFF, 0x00, 0xFF, 0x00, 
    0x00, 0x00, 0x36, 0x36, 0x9F, 0x9F, 0xCF, 0xCF, 0xBB, 0xBB, 0xFF, 0xFF, 0xFF, 0xFF, 0xFF, 0xFF, 
    0xFF, 0x00, 0xFF, 0x00, 0xFF, 0x00, 0xFF, 0x00, 0xFF, 0x00, 0xFF, 0x00, 0xFF, 0x00, 0xFF, 0x00, 
    0x00, 0x00, 0x00, 0x00, 0x00, 0x00, 0x00, 0x00, 0x00, 0x00, 0x00, 0x00, 0x00, 0x00, 0x00, 0x00, 
    0xFF, 0x4D, 0xFF, 0x7F, 0xFF, 0x37, 0xFF, 0x7D, 0xFF, 0x55, 0xFF, 0x63, 0xFF, 0x00, 0xFF, 0x3F, 
    0x4D, 0x4D, 0x7F, 0x7F, 0x37, 0x37, 0x7D, 0x7D, 0x5D, 0x5D, 0x63, 0x63, 0x00, 0x00, 0x3F, 0x3F, 
    0x00, 0xF8, 0x00, 0xF8, 0x01, 0xFC, 0x00, 0xFE, 0x00, 0xCF, 0x00, 0xDB, 0x00, 0xFF, 0x00, 0x7F, 
    0x30, 0xCF, 0xF0, 0x0F, 0xF0, 0x0F, 0xC0, 0x3F, 0x80, 0x7F, 0x80, 0x7F, 0x00, 0xFF, 0x02, 0xFD, 
    0x6F, 0x00, 0x0B, 0xC0, 0x00, 0x00, 0x03, 0x80, 0x00, 0x20, 0x00, 0xFC, 0x00, 0xFF, 0x00, 0xBF, 
    0x00, 0xFF, 0x00, 0xFF, 0x00, 0xFF, 0x00, 0xFF, 0x00, 0xFF, 0x00, 0xFF, 0x00, 0xFF, 0x10, 0xEF, 
    0x00, 0xFF, 0x00, 0xFF, 0x00, 0xFF, 0x00, 0xFF, 0x00, 0xFF, 0x00, 0xFF, 0x00, 0xFF, 0x00, 0xFF, 
    0xFF, 0x00, 0xFF, 0x00, 0xFF, 0x00, 0xFF, 0x00, 0xFF, 0x00, 0xFF, 0x00, 0xFF, 0x00, 0xFF, 0x00, 
    0x00, 0xFF, 0x00, 0xFF, 0x00, 0xFF, 0x00, 0xFF, 0x00, 0xFF, 0x00, 0xFF, 0x00, 0xFF, 0x00, 0xFF, 
    0xFF, 0x00, 0xF3, 0x0C, 0xF0, 0x0F, 0xF0, 0x0F, 0xF0, 0x0F, 0xF0, 0x0F, 0xF8, 0x07, 0xF8, 0x07, 
    0xBF, 0x40, 0x9F, 0x60, 0x0F, 0xF0, 0x0F, 0xF0, 0x0B, 0xF4, 0xC8, 0x37, 0x1C, 0xE3, 0x0F, 0xF0, 
    0xBF, 0xBF, 0x9F, 0x9F, 0x0F, 0x0F, 0x0F, 0x0F, 0x0B, 0x0B, 0xC8, 0xC8, 0x1C, 0x1C, 0x0F, 0x0F, 
    0x77, 0x88, 0xF7, 0x08, 0xE7, 0x18, 0x1E, 0xE1, 0x60, 0x9F, 0x60, 0x9F, 0xE3, 0x1C, 0xC1, 0x3E, 
    0x77, 0x77, 0xF7, 0xF7, 0xE7, 0xE7, 0x1E, 0x1E, 0x60, 0x60, 0x60, 0x60, 0xE3, 0xE3, 0xC1, 0xC1, 
    0x6C, 0x7F, 0xA1, 0x21, 0xDC, 0x5C, 0xFF, 0x1F, 0xFF, 0xF0, 0xFB, 0x60, 0xF0, 0x84, 0x80, 0x06, 
    0x80, 0x6C, 0xDE, 0x21, 0xFF, 0x00, 0xFF, 0x00, 0xF9, 0x06, 0xF0, 0x0F, 0xC0, 0x3F, 0x00, 0xFF, 
    0x00, 0xFF, 0xFD, 0xFF, 0x21, 0x21, 0xF8, 0x00, 0xFE, 0x76, 0x3F, 0x3F, 0xFF, 0x27, 0xEF, 0x40, 
    0x00, 0x00, 0x00, 0xFD, 0xFF, 0x00, 0x97, 0x68, 0x7F, 0x80, 0x3F, 0xC0, 0x7F, 0x80, 0x41, 0xBE, 
    0xFF, 0xFF, 0x9F, 0x9F, 0xCB, 0x8B, 0xFC, 0xE4, 0xF0, 0x70, 0xFC, 0x7C, 0xFF, 0x0C, 0xDE, 0x00, 
    0x00, 0xFF, 0xE0, 0x3F, 0xFC, 0x07, 0xFB, 0x04, 0x7F, 0x80, 0xFF, 0x00, 0xCF, 0x30, 0x08, 0xF7, 
    0xE0, 0xFF, 0xF8, 0xFF, 0xF0, 0xFF, 0xFF, 0xFF, 0x3F, 0x3F, 0x0F, 0x0F, 0xE3, 0xE3, 0xF7, 0x17, 
    0x00, 0xE0, 0x00, 0xF8, 0x00, 0xF0, 0x00, 0xFF, 0xC0, 0x3F, 0xF0, 0x0F, 0xFC, 0x07, 0x38, 0xC7, 
    0x0F, 0x0F, 0xFF, 0x1C, 0xFF, 0x08, 0xD6, 0x80, 0xB9, 0x00, 0xBF, 0xA0, 0x5F, 0x00, 0x3F, 0x02, 
    0xFF, 0x00, 0x7C, 0x83, 0x1D, 0xE2, 0xC0, 0x3F, 0xC8, 0x37, 0xE0, 0x1F, 0xC0, 0x3F, 0x02, 0xFD, 
    0xFF, 0x00, 0xF3, 0x00, 0xFF, 0x00, 0xFF, 0x00, 0xBF, 0x00, 0xFB, 0x00, 0xE7, 0x00, 0xFF, 0x00, 
    0xCA, 0x35, 0x80, 0x7F, 0x20, 0xDF, 0x08, 0xF7, 0x00, 0xFF, 0x00, 0xFF, 0x00, 0xFF, 0x80, 0x7F, 
    0x7E, 0x7E, 0xFB, 0xE0, 0xE7, 0x00, 0xCF, 0x00, 0xDF, 0x00, 0x73, 0x00, 0x87, 0x00, 0x1C, 0x00, 
    0xFF, 0x00, 0xF1, 0x0E, 0x01, 0xFE, 0x09, 0xF6, 0x00, 0xFF, 0x00, 0xFF, 0x00, 0xFF, 0x00, 0xFF, 
    0x9F, 0x80, 0xFF, 0xC6, 0xFF, 0xEE, 0xFF, 0x20, 0xED, 0x00, 0x0F, 0x00, 0x0C, 0x00, 0x0C, 0x10, 
    0x9C, 0x63, 0xE6, 0x19, 0xEE, 0x11, 0x20, 0xDF, 0x00, 0xFF, 0x00, 0xFF, 0x00, 0xFF, 0x00, 0xFF, 
    0x7F, 0x80, 0x7F, 0x80, 0x1F, 0xE0, 0x0F, 0xF0, 0x1F, 0xE0, 0x1F, 0xE0, 0x0F, 0xF0, 0x3F, 0xC0, 
    0x7F, 0x7F, 0x7F, 0x7F, 0x1F, 0x1F, 0x0F, 0x0F, 0x1F, 0x1F, 0x1F, 0x1F, 0x0F, 0x0F, 0x3F, 0x3F, 
    0xFF, 0x00, 0xFF, 0x00, 0xFF, 0x00, 0xFF, 0x00, 0xFF, 0x00, 0xFF, 0x00, 0xFF, 0x00, 0xFF, 0x00, 
    0xFF, 0xFF, 0xFF, 0xFF, 0xFF, 0xFF, 0xFF, 0xFF, 0xFF, 0xFF, 0xFF, 0xFF, 0xFF, 0xFF, 0xFF, 0xFF, 
    0x7C, 0xB3, 0x02, 0xFF, 0xF7, 0xF6, 0xFA, 0xF0, 0xFB, 0x81, 0x2D, 0x00, 0x70, 0x00, 0x44, 0x90, 
    0x7C, 0x7C, 0x00, 0x02, 0x0F, 0xF0, 0x0B, 0xF4, 0x8A, 0x75, 0x01, 0xFE, 0x41, 0xBE, 0x01, 0xFE, 
    0x09, 0xFF, 0x97, 0xF5, 0x43, 0x40, 0xEB, 0xEA, 0xB2, 0x80, 0x88, 0x83, 0x08, 0x04, 0x2A, 0x00, 
    0x00, 0x09, 0x0F, 0x90, 0xBD, 0x6A, 0x3E, 0xC1, 0x62, 0x9D, 0x48, 0xB7, 0xC0, 0xBF, 0xC0, 0xBF, 
    0x03, 0xFF, 0x03, 0xFF, 0x03, 0xFF, 0x03, 0xFF, 0x03, 0xFF, 0x07, 0xFF, 0x0F, 0xFF, 0x0F, 0xFF, 
    0x00, 0x03, 0x00, 0x03, 0x00, 0x03, 0x00, 0x03, 0x00, 0x03, 0x00, 0x07, 0x00, 0x0F, 0x00, 0x0F, 
    0xEC, 0xE1, 0xE8, 0xE0, 0x88, 0x84, 0x1F, 0x13, 0x3E, 0x04, 0x06, 0x06, 0x8B, 0x8B, 0xFB, 0xFB, 
    0x18, 0xE7, 0x10, 0xEF, 0x78, 0xE7, 0xFF, 0xC0, 0xEF, 0xD0, 0xFF, 0xC1, 0x7C, 0xE7, 0x7C, 0x83, 
    0x00, 0xFF, 0x00, 0xFF, 0x00, 0xFF, 0x00, 0xFF, 0x00, 0xFF, 0x00, 0xFF, 0x00, 0xFF, 0x00, 0xFF, 
    0x00, 0x00, 0x00, 0x00, 0x00, 0x00, 0x00, 0x00, 0x00, 0x00, 0x00, 0x00, 0x00, 0x00, 0x00, 0x00, 
    0x00, 0xFF, 0x00, 0xFF, 0x00, 0xFF, 0x00, 0xFF, 0x00, 0xFF, 0x00, 0xFF, 0x00, 0xFF, 0x01, 0xFF, 
    0x00, 0x00, 0x00, 0x00, 0x00, 0x00, 0x00, 0x00, 0x00, 0x00, 0x00, 0x00, 0x00, 0x00, 0x00, 0x01, 
    0x00, 0xFF, 0x00, 0xFF, 0x00, 0xFF, 0x00, 0xFF, 0x00, 0xFF, 0x00, 0x00, 0xFF, 0x00, 0xFF, 0x00, 
    0xFF, 0x00, 0xFF, 0x00, 0xFF, 0x00, 0xCD, 0x32, 0x00, 0xFF, 0x00, 0xFF, 0xF8, 0x07, 0xFF, 0x00, 
    0x00, 0xFF, 0x00, 0xFF, 0x00, 0xFF, 0x00, 0xFF, 0x00, 0xF3, 0x1F, 0x00, 0xFF, 0x00, 0xFF, 0x00, 
    0xF0, 0x0F, 0xF0, 0x0F, 0xF0, 0x0F, 0x80, 0x7F, 0x00, 0xFF, 0x00, 0xFF, 0x0A, 0xF5, 0xFF, 0x00, 
    0x00, 0xFF, 0x01, 0xF0, 0x1B, 0xE1, 0x9E, 0x02, 0xFE, 0x06, 0xF8, 0x08, 0xF8, 0x58, 0xF8, 0x78, 
    0xE0, 0x1F, 0x01, 0xFE, 0x0A, 0xF4, 0x1D, 0xE1, 0xF9, 0x01, 0xF7, 0x01, 0xA7, 0x03, 0x87, 0x07, 
    0xF2, 0x13, 0xEC, 0x6F, 0xD0, 0xFF, 0x63, 0x7C, 0xE3, 0xFC, 0xE3, 0xFC, 0xE1, 0xFE, 0xE1, 0xFE, 
    0xCC, 0x26, 0x90, 0x1C, 0x20, 0x30, 0x83, 0xE3, 0x03, 0xE3, 0x03, 0xE3, 0x01, 0xE1, 0x01, 0xE1, 
    0x9E, 0x20, 0x1F, 0x00, 0x26, 0x80, 0x04, 0x01, 0x42, 0x11, 0xEC, 0x00, 0x78, 0x00, 0x02, 0x08, 
    0x8F, 0x70, 0x04, 0xFB, 0x00, 0xFF, 0x00, 0xFF, 0x00, 0xFF, 0x00, 0xFF, 0x00, 0xFF, 0x00, 0xFF, 
    0xFB, 0xFB, 0xF7, 0x14, 0x3E, 0x0C, 0xBF, 0x00, 0xC4, 0x01, 0xC0, 0x00, 0xBC, 0x00, 0x19, 0x00, 
    0xFC, 0x03, 0xBD, 0x42, 0x3E, 0xC1, 0x00, 0xFF, 0x00, 0xFF, 0x00, 0xFF, 0x00, 0xFF, 0x00, 0xFF, 
    0x00, 0xFF, 0x00, 0xFF, 0x00, 0xFF, 0x00, 0xFF, 0x00, 0xFF, 0x00, 0xFF, 0x00, 0xED, 0x00, 0xE7, 
    0xFF, 0x00, 0xFE, 0x01, 0xF8, 0x07, 0x81, 0x7E, 0x21, 0xDE, 0x0C, 0xF3, 0x00, 0xFF, 0x40, 0xBF, 
    0x00, 0xFF, 0x00, 0xFF, 0x00, 0xFF, 0x00, 0xFF, 0x00, 0xFB, 0x0C, 0xF3, 0x00, 0x04, 0x00, 0x0F, 
    0x0F, 0xF0, 0x1C, 0xE3, 0x7C, 0x83, 0xF8, 0x07, 0xE0, 0x1F, 0x00, 0xFF, 0x00, 0xFF, 0x00, 0xFF, 
    0x87, 0x84, 0xFF, 0xC0, 0xA7, 0x80, 0x10, 0x08, 0xE0, 0x81, 0x01, 0xE6, 0xCF, 0xB1, 0x0E, 0x2E, 
    0x7F, 0x80, 0x7E, 0x81, 0x64, 0x9B, 0xF0, 0x8F, 0xE0, 0x1F, 0x00, 0xFF, 0x81, 0x7E, 0x2F, 0xD0, 
    0xFF, 0x10, 0xFC, 0x01, 0xF0, 0x01, 0x20, 0x0D, 0x00, 0x0F, 0x81, 0x06, 0x7F, 0x00, 0x3F, 0x05, 
    0xBB, 0x44, 0x38, 0xC7, 0x40, 0xBF, 0x00, 0xFF, 0x00, 0xFF, 0x80, 0x7F, 0xF0, 0x0F, 0xCF, 0xB0, 
    0x00, 0xFF, 0x6E, 0xFF, 0x05, 0xFF, 0x01, 0xFF, 0x00, 0xFF, 0x00, 0xFF, 0x00, 0xFF, 0xE8, 0x17, 
    0x00, 0x00, 0x00, 0x6E, 0x00, 0x05, 0x00, 0x01, 0x00, 0x00, 0x00, 0x00, 0x00, 0x00, 0xE8, 0xE8, 
    0x7F, 0xFF, 0xE3, 0xE3, 0xFF, 0xFF, 0xC3, 0xFF, 0x01, 0xFF, 0x00, 0xFF, 0x00, 0xFF, 0x00, 0xFF, 
    0x00, 0x7F, 0x1C, 0xFF, 0x00, 0xFF, 0x00, 0xC3, 0x00, 0x01, 0x00, 0x00, 0x00, 0x00, 0x00, 0x00, 
    0xE1, 0xFF, 0xA0, 0xFF, 0x00, 0xFF, 0x00, 0xFF, 0x00, 0xFF, 0x00, 0xFF, 0x00, 0xFF, 0x00, 0xFF, 
    0x00, 0xE1, 0x00, 0xA0, 0x00, 0x00, 0x00, 0x00, 0x00, 0x00, 0x00, 0x00, 0x00, 0x00, 0x00, 0x00, 
    0x8F, 0xFF, 0x80, 0xFF, 0x00, 0xFF, 0x00, 0xFF, 0x00, 0xFF, 0x00, 0xFF, 0x00, 0xFF, 0x00, 0xFF, 
    0x00, 0x8F, 0x00, 0x80, 0x00, 0x00, 0x00, 0x00, 0x00, 0x00, 0x00, 0x00, 0x00, 0x00, 0x00, 0x00, 
    0x00, 0xFF, 0x00, 0xFF, 0x00, 0xFF, 0x00, 0xFF, 0x00, 0xFF, 0x00, 0xFF, 0x00, 0xFF, 0x00, 0xFF, 
    0xFF, 0x00, 0xFF, 0x00, 0x3F, 0xC0, 0x3F, 0xC0, 0x3F, 0xC0, 0x7F, 0x80, 0x1F, 0xE0, 0x00, 0xFF, 
    0x07, 0xF0, 0x07, 0xF0, 0x07, 0xF0, 0x07, 0xF0, 0x07, 0xF0, 0x03, 0xE0, 0x07, 0xF0, 0x0F, 0xE0, 
    0xE1, 0x1E, 0xE1, 0x1E, 0xE1, 0x1E, 0xE0, 0x1F, 0x60, 0x9F, 0xC0, 0x3F, 0x81, 0x7E, 0x01, 0xFE, 
    0x00, 0xFF, 0x00, 0xFF, 0x00, 0xFF, 0x00, 0xFF, 0x00, 0xFF, 0x00, 0xFF, 0x00, 0xFF, 0x00, 0xFF, 
    0xF0, 0x0F, 0xFE, 0x01, 0xFE, 0x01, 0x9C, 0x63, 0x01, 0xFE, 0x35, 0xCA, 0xFF, 0x00, 0x7F, 0x80, 
    0x00, 0xF0, 0x00, 0xF0, 0x02, 0xE0, 0x00, 0xC0, 0x00, 0x87, 0x00, 0xFE, 0x00, 0xF0, 0x00, 0xFF, 
    0x00, 0xFF, 0xC0, 0x3F, 0x00, 0xFF, 0x80, 0x7F, 0x00, 0xFF, 0x00, 0xFF, 0xE0, 0x1F, 0xE4, 0x1B, 
    0xC3, 0x3C, 0xCC, 0x33, 0x0F, 0xF0, 0x00, 0xFF, 0x01, 0xFE, 0x00, 0xFF, 0x00, 0xFF, 0x00, 0xFF, 
    0xC3, 0xC3, 0xCC, 0xCC, 0x0F, 0x0F, 0x00, 0x00, 0x01, 0x01, 0x00, 0x00, 0x00, 0x00, 0x00, 0x00, 
    0x98, 0x67, 0x98, 0x67, 0x80, 0x7F, 0x80, 0x7F, 0x00, 0xFF, 0x00, 0xFF, 0x00, 0xFF, 0x00, 0xFF, 
    0x98, 0x98, 0x98, 0x98, 0x80, 0x80, 0x80, 0x80, 0x00, 0x00, 0x00, 0x00, 0x00, 0x00, 0x00, 0x00, 
    0x00, 0xF9, 0x80, 0x2B, 0x00, 0x5F, 0x00, 0xFF, 0x00, 0xCC, 0x70, 0x80, 0xE8, 0x61, 0x34, 0x30, 
    0xC8, 0x37, 0x00, 0xFF, 0x03, 0xFC, 0x24, 0xDB, 0x48, 0xB7, 0x30, 0xCF, 0xF8, 0x07, 0xC8, 0x37, 
    0x00, 0xF1, 0x04, 0xF1, 0x00, 0xFD, 0x20, 0xCF, 0x00, 0x7E, 0x00, 0xF8, 0x04, 0xFC, 0x68, 0x40, 
    0xC0, 0x3F, 0x70, 0x8F, 0x80, 0x7F, 0x80, 0x7F, 0x40, 0xBF, 0x40, 0xBF, 0x17, 0xE8, 0x4F, 0xB1, 
    0x7F, 0x00, 0x67, 0x00, 0x00, 0x00, 0x00, 0x80, 0x00, 0xFF, 0x00, 0xFF, 0x00, 0xFE, 0x00, 0xFE, 
    0x00, 0xFF, 0x20, 0xDF, 0x00, 0xFF, 0x00, 0xFF, 0x00, 0xFF, 0x80, 0x7F, 0x04, 0xFB, 0x04, 0xFB, 
    0xD2, 0x00, 0x82, 0x00, 0x00, 0x00, 0x00, 0x00, 0x02, 0x00, 0x03, 0x00, 0x07, 0x00, 0x0C, 0x00, 
    0x00, 0xFF, 0x00, 0xFF, 0x00, 0xFF, 0x00, 0xFF, 0x00, 0xFF, 0x00, 0xFF, 0x00, 0xFF, 0x00, 0xFF, 
    0x00, 0x00, 0x00, 0x00, 0x00, 0x00, 0x00, 0x00, 0x00, 0x00, 0x00, 0x00, 0x00, 0x00, 0x00, 0x00, 
    0x00, 0x00, 0x00, 0x00, 0x00, 0x00, 0x00, 0x00, 0x00, 0x00, 0x00, 0x00, 0x00, 0x00, 0x00, 0x00, 
    0x00, 0x00, 0x00, 0x00, 0x00, 0x00, 0x00, 0x00, 0x00, 0x00, 0x00, 0x00, 0x00, 0x00, 0x00, 0x00, 
    0x00, 0x00, 0x00, 0x00, 0x00, 0x00, 0x00, 0x00, 0x00, 0x00, 0x00, 0x00, 0x00, 0x00, 0x00, 0x00, 
    0x00, 0x00, 0x00, 0x00, 0x00, 0x00, 0x00, 0x00, 0x00, 0x00, 0x00, 0x00, 0x00, 0x00, 0x00, 0x00, 
    0x00, 0x00, 0x00, 0x00, 0x00, 0x00, 0x00, 0x00, 0x00, 0x00, 0x00, 0x00, 0x00, 0x00, 0x00, 0x00, 
    0x00, 0x00, 0x00, 0x00, 0x00, 0x00, 0x00, 0x00, 0x00, 0x00, 0x00, 0x00, 0x00, 0x00, 0x00, 0x00, 
    0x00, 0x00, 0x00, 0x00, 0x00, 0x00, 0x00, 0x00, 0x00, 0x00, 0x00, 0x00, 0x00, 0x00, 0x00, 0x00, 
    0x00, 0x00, 0x00, 0x00, 0x00, 0x00, 0x00, 0x00, 0x00, 0x00, 0x00, 0x00, 0x00, 0x00, 0x00, 0x00, 
    0x00, 0x00, 0x00, 0x00, 0x00, 0x00, 0x00, 0x00, 0x00, 0x00, 0x00, 0x00, 0x00, 0x00, 0x00, 0x00, 
    0x00, 0x00, 0x00, 0x00, 0x00, 0x00, 0x00, 0x00, 0x00, 0x00, 0x00, 0x00, 0x00, 0x00, 0x00, 0x00, 
    0x00, 0x00, 0x00, 0x00, 0x00, 0x00, 0x00, 0x00, 0x00, 0x00, 0x00, 0x00, 0x00, 0x00, 0x00, 0x00, 
    0x00, 0x00, 0x00, 0x00, 0x00, 0x00, 0x00, 0x00, 0x00, 0x00, 0x00, 0x00, 0x00, 0x00, 0x00, 0x00, 
    0x00, 0x00, 0x00, 0x00, 0x00, 0x00, 0x00, 0x00, 0x00, 0x00, 0x00, 0x00, 0x00, 0x00, 0x00, 0x00, 
    0x00, 0x00, 0x00, 0x00, 0x00, 0x00, 0x00, 0x00, 0x00, 0x00, 0x00, 0x00, 0x00, 0x00, 0x00, 0x00, 
    0x00, 0x00, 0x00, 0x00, 0x00, 0x00, 0x00, 0x00, 0x00, 0x00, 0x00, 0x00, 0x00, 0x00, 0x00, 0x00, 
    0x00, 0x00, 0x00, 0x00, 0x00, 0x00, 0x00, 0x00, 0x00, 0x00, 0x00, 0x00, 0x00, 0x00, 0x00, 0x00, 
    0x00, 0x00, 0x00, 0x00, 0x00, 0x00, 0x00, 0x00, 0x00, 0x00, 0x00, 0x00, 0x00, 0x00, 0x00, 0x00, 
    0x00, 0x00, 0x00, 0x00, 0x00, 0x00, 0x00, 0x00, 0x00, 0x00, 0x00, 0x00, 0x00, 0x00, 0x00, 0x00, 
    0x00, 0x00, 0x00, 0x00, 0x00, 0x00, 0x00, 0x00, 0x00, 0x00, 0x00, 0x00, 0x00, 0x00, 0x00, 0x00, 
    0x00, 0x00, 0x00, 0x00, 0x00, 0x00, 0x00, 0x00, 0x00, 0x00, 0x00, 0x00, 0x00, 0x00, 0x00, 0x00, 
    0x00, 0x00, 0x00, 0x00, 0x00, 0x00, 0x00, 0x00, 0x00, 0x00, 0x00, 0x00, 0x00, 0x00, 0x00, 0x00, 
    0x00, 0x00, 0x00, 0x00, 0x00, 0x00, 0x00, 0x00, 0x00, 0x00, 0x00, 0x00, 0x00, 0x00, 0x00, 0x00, 
    0x00, 0x00, 0x00, 0x00, 0x00, 0x00, 0x00, 0x00, 0x00, 0x00, 0x00, 0x00, 0x00, 0x00, 0x00, 0x00, 
    0x00, 0x00, 0x00, 0x00, 0x00, 0x00, 0x00, 0x00, 0x00, 0x00, 0x00, 0x00, 0x00, 0x00, 0x00, 0x00, 
    0x00, 0x00, 0x00, 0x00, 0x00, 0x00, 0x00, 0x00, 0x00, 0x00, 0x00, 0x00, 0x00, 0x00, 0x00, 0x00, 
    0x00, 0x00, 0x00, 0x00, 0x00, 0x00, 0x00, 0x00, 0x00, 0x00, 0x00, 0x00, 0x00, 0x00, 0x00, 0x00, 
    0x00, 0x00, 0x00, 0x00, 0x00, 0x00, 0x00, 0x00, 0x00, 0x00, 0x00, 0x00, 0x00, 0x00, 0x00, 0x00, 
    0x00, 0x00, 0x00, 0x00, 0x00, 0x00, 0x00, 0x00, 0x00, 0x00, 0x00, 0x00, 0x00, 0x00, 0x00, 0x00, 
    0x00, 0x00, 0x00, 0x00, 0x00, 0x00, 0x00, 0x00, 0x00, 0x00, 0x00, 0x00, 0x00, 0x00, 0x00, 0x00, 
    0x00, 0x00, 0x00, 0x00, 0x00, 0x00, 0x00, 0x00, 0x00, 0x00, 0x00, 0x00, 0x00, 0x00, 0x00, 0x00, 
    0x00, 0x00, 0x00, 0x00, 0x00, 0x00, 0x00, 0x00, 0x00, 0x00, 0x00, 0x00, 0x00, 0x00, 0x00, 0x00, 
    0x00, 0x00, 0x00, 0x00, 0x00, 0x00, 0x00, 0x00, 0x00, 0x00, 0x00, 0x00, 0x00, 0x00, 0x00, 0x00, 
    0x00, 0x00, 0x00, 0x00, 0x00, 0x00, 0x00, 0x00, 0x00, 0x00, 0x00, 0x00, 0x00, 0x00, 0x00, 0x00, 
    0x00, 0x00, 0x00, 0x00, 0x00, 0x00, 0x00, 0x00, 0x00, 0x00, 0x00, 0x00, 0x00, 0x00, 0x00, 0x00, 
    0x00, 0x00, 0x00, 0x00, 0x00, 0x00, 0x00, 0x00, 0x00, 0x00, 0x00, 0x00, 0x00, 0x00, 0x00, 0x00, 
    0x00, 0x00, 0x00, 0x00, 0x00, 0x00, 0x00, 0x00, 0x00, 0x00, 0x00, 0x00, 0x00, 0x00, 0x00, 0x00, 
    0x00, 0x00, 0x00, 0x00, 0x00, 0x00, 0x00, 0x00, 0x00, 0x00, 0x00, 0x00, 0x00, 0x00, 0x00, 0x00, 
    0x00, 0x00, 0x00, 0x00, 0x00, 0x00, 0x00, 0x00, 0x00, 0x00, 0x00, 0x00, 0x00, 0x00, 0x00, 0x00, 
    0x00, 0x00, 0x00, 0x00, 0x00, 0x00, 0x00, 0x00, 0x00, 0x00, 0x00, 0x00, 0x00, 0x00, 0x00, 0x00, 
    0x00, 0x00, 0x00, 0x00, 0x00, 0x00, 0x00, 0x00, 0x00, 0x00, 0x00, 0x00, 0x00, 0x00, 0x00, 0x00, 
    0x00, 0x00, 0x00, 0x00, 0x00, 0x00, 0x00, 0x00, 0x00, 0x00, 0x00, 0x00, 0x00, 0x00, 0x00, 0x00, 
    0x00, 0x00, 0x00, 0x00, 0x00, 0x00, 0x00, 0x00, 0x00, 0x00, 0x00, 0x00, 0x00, 0x00, 0x00, 0x00, 
    0x00, 0x00, 0x00, 0x00, 0x00, 0x00, 0x00, 0x00, 0x00, 0x00, 0x00, 0x00, 0x00, 0x00, 0x00, 0x00, 
    0x00, 0x00, 0x00, 0x00, 0x00, 0x00, 0x00, 0x00, 0x00, 0x00, 0x00, 0x00, 0x00, 0x00, 0x00, 0x00, 
    0x00, 0x00, 0x00, 0x00, 0x00, 0x00, 0x00, 0x00, 0x00, 0x00, 0x00, 0x00, 0x00, 0x00, 0x00, 0x00, 
    0x00, 0x00, 0x00, 0x00, 0x00, 0x00, 0x00, 0x00, 0x00, 0x00, 0x00, 0x00, 0x00, 0x00, 0x00, 0x00, 
    0x00, 0x00, 0x00, 0x00, 0x00, 0x00, 0x00, 0x00, 0x00, 0x00, 0x00, 0x00, 0x00, 0x00, 0x00, 0x00, 
    0x00, 0x00, 0x00, 0x00, 0x00, 0x00, 0x00, 0x00, 0x00, 0x00, 0x00, 0x00, 0x00, 0x00, 0x00, 0x00, 
    0x00, 0x00, 0x00, 0x00, 0x00, 0x00, 0x00, 0x00, 0x00, 0x00, 0x00, 0x00, 0x00, 0x00, 0x00, 0x00, 
    0x00, 0x00, 0x00, 0x00, 0x00, 0x00, 0x00, 0x00, 0x00, 0x00, 0x00, 0x00, 0x00, 0x00, 0x00, 0x00, 
    0x00, 0x00, 0x00, 0x00, 0x00, 0x00, 0x00, 0x00, 0x00, 0x00, 0x00, 0x00, 0x00, 0x00, 0x00, 0x00, 
    0x00, 0x00, 0x00, 0x00, 0x00, 0x00, 0x00, 0x00, 0x00, 0x00, 0x00, 0x00, 0x00, 0x00, 0x00, 0x00, 
    0x00, 0x00, 0x00, 0x00, 0x00, 0x00, 0x00, 0x00, 0x00, 0x00, 0x00, 0x00, 0x00, 0x00, 0x00, 0x00, 
    0x00, 0x00, 0x00, 0x00, 0x00, 0x00, 0x00, 0x00, 0x00, 0x00, 0x00, 0x00, 0x00, 0x00, 0x00, 0x00, 
    0x00, 0x00, 0x00, 0x00, 0x00, 0x00, 0x00, 0x00, 0x00, 0x00, 0x00, 0x00, 0x00, 0x00, 0x00, 0x00, 
    0x00, 0x00, 0x00, 0x00, 0x00, 0x00, 0x00, 0x00, 0x00, 0x00, 0x00, 0x00, 0x00, 0x00, 0x00, 0x00, 
    0x00, 0x00, 0x00, 0x00, 0x00, 0x00, 0x00, 0x00, 0x00, 0x00, 0x00, 0x00, 0x00, 0x00, 0x00, 0x00, 
    0x00, 0x00, 0x00, 0x00, 0x00, 0x00, 0x00, 0x00, 0x00, 0x00, 0x00, 0x00, 0x00, 0x00, 0x00, 0x00, 
    0x00, 0x00, 0x00, 0x00, 0x00, 0x00, 0x00, 0x00, 0x00, 0x00, 0x00, 0x00, 0x00, 0x00, 0x00, 0x00, 
    0x00, 0x00, 0x00, 0x00, 0x00, 0x00, 0x00, 0x00, 0x00, 0x00, 0x00, 0x00, 0x00, 0x00, 0x00, 0x00, 
    0x00, 0x00, 0x00, 0x00, 0x00, 0x00, 0x00, 0x00, 0x00, 0x00, 0x00, 0x00, 0x00, 0x00, 0x00, 0x00, 
    0x00, 0x00, 0x00, 0x00, 0x00, 0x00, 0x00, 0x00, 0x00, 0x00, 0x00, 0x00, 0x00, 0x00, 0x00, 0x00, 
    0x00, 0x00, 0x00, 0x00, 0x00, 0x00, 0x00, 0x00, 0x00, 0x00, 0x00, 0x00, 0x00, 0x00, 0x00, 0x00, 
    0x00, 0x00, 0x00, 0x00, 0x00, 0x00, 0x00, 0x00, 0x00, 0x00, 0x00, 0x00, 0x00, 0x00, 0x00, 0x00, 
    0x00, 0x00, 0x00, 0x00, 0x00, 0x00, 0x00, 0x00, 0x00, 0x00, 0x00, 0x00, 0x00, 0x00, 0x00, 0x00, 
    0x00, 0x00, 0x00, 0x00, 0x00, 0x00, 0x00, 0x00, 0x00, 0x00, 0x00, 0x00, 0x00, 0x00, 0x00, 0x00, 
    0x00, 0x00, 0x00, 0x00, 0x00, 0x00, 0x00, 0x00, 0x00, 0x00, 0x00, 0x00, 0x00, 0x00, 0x00, 0x00, 
    0x00, 0x00, 0x00, 0x00, 0x00, 0x00, 0x00, 0x00, 0x00, 0x00, 0x00, 0x00, 0x00, 0x00, 0x00, 0x00, 
    0x00, 0x00, 0x00, 0x00, 0x00, 0x00, 0x00, 0x00, 0x00, 0x00, 0x00, 0x00, 0x00, 0x00, 0x00, 0x00, 
    0x00, 0x00, 0x00, 0x00, 0x00, 0x00, 0x00, 0x00, 0x00, 0x00, 0x00, 0x00, 0x00, 0x00, 0x00, 0x00, 
    0x00, 0x00, 0x00, 0x00, 0x00, 0x00, 0x00, 0x00, 0x00, 0x00, 0x00, 0x00, 0x00, 0x00, 0x00, 0x00, 
    0x00, 0x00, 0x00, 0x00, 0x00, 0x00, 0x00, 0x00, 0x00, 0x00, 0x00, 0x00, 0x00, 0x00, 0x00, 0x00, 
    0x00, 0x00, 0x00, 0x00, 0x00, 0x00, 0x00, 0x00, 0x00, 0x00, 0x00, 0x00, 0x00, 0x00, 0x00, 0x00, 
    0x00, 0x00, 0x00, 0x00, 0x00, 0x00, 0x00, 0x00, 0x00, 0x00, 0x00, 0x00, 0x00, 0x00, 0x00, 0x00, 
    0x00, 0x00, 0x00, 0x00, 0x00, 0x00, 0x00, 0x00, 0x00, 0x00, 0x00, 0x00, 0x00, 0x00, 0x00, 0x00, 
    0x00, 0x00, 0x00, 0x00, 0x00, 0x00, 0x00, 0x00, 0x00, 0x00, 0x00, 0x00, 0x00, 0x00, 0x00, 0x00, 
    0x00, 0x00, 0x00, 0x00, 0x00, 0x00, 0x00, 0x00, 0x00, 0x00, 0x00, 0x00, 0x00, 0x00, 0x00, 0x00, 
    0x00, 0x00, 0x00, 0x00, 0x00, 0x00, 0x00, 0x00, 0x00, 0x00, 0x00, 0x00, 0x00, 0x00, 0x00, 0x00, 
    0x00, 0x00, 0x00, 0x00, 0x00, 0x00, 0x00, 0x00, 0x00, 0x00, 0x00, 0x00, 0x00, 0x00, 0x00, 0x00, 
    0x00, 0x00, 0x00, 0x00, 0x00, 0x00, 0x00, 0x00, 0x00, 0x00, 0x00, 0x00, 0x00, 0x00, 0x00, 0x00, 
    0x00, 0x00, 0x00, 0x00, 0x00, 0x00, 0x00, 0x00, 0x00, 0x00, 0x00, 0x00, 0x00, 0x00, 0x00, 0x00, 
    0x00, 0x00, 0x00, 0x00, 0x00, 0x00, 0x00, 0x00, 0x00, 0x00, 0x00, 0x00, 0x00, 0x00, 0x00, 0x00, 
    0x00, 0x00, 0x00, 0x00, 0x00, 0x00, 0x00, 0x00, 0x00, 0x00, 0x00, 0x00, 0x00, 0x00, 0x00, 0x00, 
    0x00, 0x00, 0x00, 0x00, 0x00, 0x00, 0x00, 0x00, 0x00, 0x00, 0x00, 0x00, 0x00, 0x00, 0x00, 0x00, 
    0x00, 0x00, 0x00, 0x00, 0x00, 0x00, 0x00, 0x00, 0x00, 0x00, 0x00, 0x00, 0x00, 0x00, 0x00, 0x00, 
    0x00, 0x00, 0x00, 0x00, 0x00, 0x00, 0x00, 0x00, 0x00, 0x00, 0x00, 0x00, 0x00, 0x00, 0x00, 0x00, 
    0x00, 0x00, 0x00, 0x00, 0x00, 0x00, 0x00, 0x00, 0x00, 0x00, 0x00, 0x00, 0x00, 0x00, 0x00, 0x00, 
    0x00, 0x00, 0x00, 0x00, 0x00, 0x00, 0x00, 0x00, 0x00, 0x00, 0x00, 0x00, 0x00, 0x00, 0x00, 0x00, 
    0x00, 0x00, 0x00, 0x00, 0x00, 0x00, 0x00, 0x00, 0x00, 0x00, 0x00, 0x00, 0x00, 0x00, 0x00, 0x00, 
    0x00, 0x00, 0x00, 0x00, 0x00, 0x00, 0x00, 0x00, 0x00, 0x00, 0x00, 0x00, 0x00, 0x00, 0x00, 0x00, 
    0x00, 0x00, 0x00, 0x00, 0x00, 0x00, 0x00, 0x00, 0x00, 0x00, 0x00, 0x00, 0x00, 0x00, 0x00, 0x00, 
    0x00, 0x00, 0x00, 0x00, 0x00, 0x00, 0x00, 0x00, 0x00, 0x00, 0x00, 0x00, 0x00, 0x00, 0x00, 0x00, 
    0x00, 0x00, 0x00, 0x00, 0x00, 0x00, 0x00, 0x00, 0x00, 0x00, 0x00, 0x00, 0x00, 0x00, 0x00, 0x00, 
    0x00, 0x00, 0x00, 0x00, 0x00, 0x00, 0x00, 0x00, 0x00, 0x00, 0x00, 0x00, 0x00, 0x00, 0x00, 0x00, 
    0x00, 0x00, 0x00, 0x00, 0x00, 0x00, 0x00, 0x00, 0x00, 0x00, 0x00, 0x00, 0x00, 0x00, 0x00, 0x00, 
    0x00, 0x00, 0x00, 0x00, 0x00, 0x00, 0x00, 0x00, 0x00, 0x00, 0x00, 0x00, 0x00, 0x00, 0x00, 0x00, 
    0x00, 0x00, 0x00, 0x00, 0x00, 0x00, 0x00, 0x00, 0x00, 0x00, 0x00, 0x00, 0x00, 0x00, 0x00, 0x00, 
    0x00, 0x00, 0x00, 0x00, 0x00, 0x00, 0x00, 0x00, 0x00, 0x00, 0x00, 0x00, 0x00, 0x00, 0x00, 0x00, 
    0x00, 0x00, 0x00, 0x00, 0x00, 0x00, 0x00, 0x00, 0x00, 0x00, 0x00, 0x00, 0x00, 0x00, 0x00, 0x00, 
    0x00, 0x00, 0x00, 0x00, 0x00, 0x00, 0x00, 0x00, 0x00, 0x00, 0x00, 0x00, 0x00, 0x00, 0x00, 0x00, 
    0x00, 0x00, 0x00, 0x00, 0x00, 0x00, 0x00, 0x00, 0x00, 0x00, 0x00, 0x00, 0x00, 0x00, 0x00, 0x00, 
    0x00, 0x00, 0x00, 0x00, 0x00, 0x00, 0x00, 0x00, 0x00, 0x00, 0x00, 0x00, 0x00, 0x00, 0x00, 0x00, 
    0x00, 0x00, 0x00, 0x00, 0x00, 0x00, 0x00, 0x00, 0x00, 0x00, 0x00, 0x00, 0x00, 0x00, 0x00, 0x00, 
    0x00, 0x00, 0x00, 0x00, 0x00, 0x00, 0x00, 0x00, 0x00, 0x00, 0x00, 0x00, 0x00, 0x00, 0x00, 0x00, 
    0x00, 0x00, 0x00, 0x00, 0x00, 0x00, 0x00, 0x00, 0x00, 0x00, 0x00, 0x00, 0x00, 0x00, 0x00, 0x00, 
    0x00, 0x00, 0x00, 0x00, 0x00, 0x00, 0x00, 0x00, 0x00, 0x00, 0x00, 0x00, 0x00, 0x00, 0x00, 0x00, 
    0x00, 0x00, 0x00, 0x00, 0x00, 0x00, 0x00, 0x00, 0x00, 0x00, 0x00, 0x00, 0x00, 0x00, 0x00, 0x00, 
    0x00, 0x00, 0x00, 0x00, 0x00, 0x00, 0x00, 0x00, 0x00, 0x00, 0x00, 0x00, 0x00, 0x00, 0x00, 0x00, 
    0x00, 0x00, 0x00, 0x00, 0x00, 0x00, 0x00, 0x00, 0x00, 0x00, 0x00, 0x00, 0x00, 0x00, 0x00, 0x00, 
    0x00, 0x00, 0x00, 0x00, 0x00, 0x00, 0x00, 0x00, 0x00, 0x00, 0x00, 0x00, 0x00, 0x00, 0x00, 0x00, 
    0x00, 0x00, 0x00, 0x00, 0x00, 0x00, 0x00, 0x00, 0x00, 0x00, 0x00, 0x00, 0x00, 0x00, 0x00, 0x00, 
    0x00, 0x00, 0x00, 0x00, 0x00, 0x00, 0x00, 0x00, 0x00, 0x00, 0x00, 0x00, 0x00, 0x00, 0x00, 0x00, 
    0x00, 0x00, 0x00, 0x00, 0x00, 0x00, 0x00, 0x00, 0x00, 0x00, 0x00, 0x00, 0x00, 0x00, 0x00, 0x00, 
    0x00, 0x00, 0x00, 0x00, 0x00, 0x00, 0x00, 0x00, 0x00, 0x00, 0x00, 0x00, 0x00, 0x00, 0x00, 0x00, 
    0x00, 0x00, 0x00, 0x00, 0x00, 0x00, 0x00, 0x00, 0x00, 0x00, 0x00, 0x00, 0x00, 0x00, 0x00, 0x00, 
    0x00, 0x00, 0x00, 0x00, 0x00, 0x00, 0x00, 0x00, 0x00, 0x00, 0x00, 0x00, 0x00, 0x00, 0x00, 0x00, 
    0x00, 0x00, 0x00, 0x00, 0x00, 0x00, 0x00, 0x00, 0x00, 0x00, 0x00, 0x00, 0x00, 0x00, 0x00, 0x00, 
    0x00, 0x00, 0x00, 0x00, 0x00, 0x00, 0x00, 0x00, 0x00, 0x00, 0x00, 0x00, 0x00, 0x00, 0x00, 0x00, 
    0x00, 0x00, 0x00, 0x00, 0x00, 0x00, 0x00, 0x00, 0x00, 0x00, 0x00, 0x00, 0x00, 0x00, 0x00, 0x00, 
    0x00, 0x00, 0x00, 0x00, 0x00, 0x00, 0x00, 0x00, 0x00, 0x00, 0x00, 0x00, 0x00, 0x00, 0x00, 0x00, 
    0x00, 0x00, 0x00, 0x00, 0x00, 0x00, 0x00, 0x00, 0x00, 0x00, 0x00, 0x00, 0x00, 0x00, 0x00, 0x00, 
    0x00, 0x00, 0x00, 0x00, 0x00, 0x00, 0x00, 0x00, 0x00, 0x00, 0x00, 0x00, 0x00, 0x00, 0x00, 0x00, 
    0x00, 0x00, 0x00, 0x00, 0x00, 0x00, 0x00, 0x00, 0x00, 0x00, 0x00, 0x00, 0x00, 0x00, 0x00, 0x00, 
    0x00, 0x00, 0x00, 0x00, 0x00, 0x00, 0x00, 0x00, 0x00, 0x00, 0x00, 0x00, 0x00, 0x00, 0x00, 0x00, 
    0x00, 0x00, 0x00, 0x00, 0x00, 0x00, 0x00, 0x00, 0x00, 0x00, 0x00, 0x00, 0x00, 0x00, 0x00, 0x00, 
    0x00, 0x00, 0x00, 0x00, 0x00, 0x00, 0x00, 0x00, 0x00, 0x00, 0x00, 0x00, 0x00, 0x00, 0x00, 0x00, 
    0x00, 0x00, 0x00, 0x00, 0x00, 0x00, 0x00, 0x00, 0x00, 0x00, 0x00, 0x00, 0x00, 0x00, 0x00, 0x00, 
    0x00, 0x00, 0x00, 0x00, 0x00, 0x00, 0x00, 0x00, 0x00, 0x00, 0x00, 0x00, 0x00, 0x00, 0x00, 0x00, 
    0x00, 0x00, 0x00, 0x00, 0x00, 0x00, 0x00, 0x00, 0x00, 0x00, 0x00, 0x00, 0x00, 0x00, 0x00, 0x00, 
    0x00, 0x00, 0x00, 0x00, 0x00, 0x00, 0x00, 0x00, 0x00, 0x00, 0x00, 0x00, 0x00, 0x00, 0x00, 0x00, 
    0x00, 0x00, 0x00, 0x00, 0x00, 0x00, 0x00, 0x00, 0x00, 0x00, 0x00, 0x00, 0x00, 0x00, 0x00, 0x00, 
    0x00, 0x00, 0x00, 0x00, 0x00, 0x00, 0x00, 0x00, 0x00, 0x00, 0x00, 0x00, 0x00, 0x00, 0x00, 0x00, 
    0x00, 0x00, 0x00, 0x00, 0x00, 0x00, 0x00, 0x00, 0x00, 0x00, 0x00, 0x00, 0x00, 0x00, 0x00, 0x00, 
    0x00, 0x00, 0x00, 0x00, 0x00, 0x00, 0x00, 0x00, 0x00, 0x00, 0x00, 0x00, 0x00, 0x00, 0x00, 0x00, 
    0x00, 0x00, 0x00, 0x00, 0x00, 0x00, 0x00, 0x00, 0x00, 0x00, 0x00, 0x00, 0x00, 0x00, 0x00, 0x00, 
    0x00, 0x00, 0x00, 0x00, 0x00, 0x00, 0x00, 0x00, 0x00, 0x00, 0x00, 0x00, 0x00, 0x00, 0x00, 0x00, 
    0x00, 0x00, 0x00, 0x00, 0x00, 0x00, 0x00, 0x00, 0x00, 0x00, 0x00, 0x00, 0x00, 0x00, 0x00, 0x00, 
    0x00, 0x00, 0x00, 0x00, 0x00, 0x00, 0x00, 0x00, 0x00, 0x00, 0x00, 0x00, 0x00, 0x00, 0x00, 0x00, 
    0x00, 0x00, 0x00, 0x00, 0x00, 0x00, 0x00, 0x00, 0x00, 0x00, 0x00, 0x00, 0x00, 0x00, 0x00, 0x00, 
    0x00, 0x00, 0x00, 0x00, 0x00, 0x00, 0x00, 0x00, 0x00, 0x00, 0x00, 0x00, 0x00, 0x00, 0x00, 0x00, 
    0x00, 0x00, 0x00, 0x00, 0x00, 0x00, 0x00, 0x00, 0x00, 0x00, 0x00, 0x00, 0x00, 0x00, 0x00, 0x00, 
    0x00, 0x00, 0x00, 0x00, 0x00, 0x00, 0x00, 0x00, 0x00, 0x00, 0x00, 0x00, 0x00, 0x00, 0x00, 0x00, 
    0x00, 0x00, 0x00, 0x00, 0x00, 0x00, 0x00, 0x00, 0x00, 0x00, 0x00, 0x00, 0x00, 0x00, 0x00, 0x00, 
    0x00, 0x00, 0x00, 0x00, 0x00, 0x00, 0x00, 0x00, 0x00, 0x00, 0x00, 0x00, 0x00, 0x00, 0x00, 0x00, 
    0x00, 0x00, 0x00, 0x00, 0x00, 0x00, 0x00, 0x00, 0x00, 0x00, 0x00, 0x00, 0x00, 0x00, 0x00, 0x00, 
    0x00, 0x00, 0x00, 0x00, 0x00, 0x00, 0x00, 0x00, 0x00, 0x00, 0x00, 0x00, 0x00, 0x00, 0x00, 0x00, 
    0x00, 0x00, 0x00, 0x00, 0x00, 0x00, 0x00, 0x00, 0x00, 0x00, 0x00, 0x00, 0x00, 0x00, 0x00, 0x00, 
    0x00, 0x00, 0x00, 0x00, 0x00, 0x00, 0x00, 0x00, 0x00, 0x00, 0x00, 0x00, 0x00, 0x00, 0x00, 0x00, 
    0x00, 0x00, 0x00, 0x00, 0x00, 0x00, 0x00, 0x00, 0x00, 0x00, 0x00, 0x00, 0x00, 0x00, 0x00, 0x00, 
    0x00, 0x00, 0x00, 0x00, 0x00, 0x00, 0x00, 0x00, 0x00, 0x00, 0x00, 0x00, 0x00, 0x00, 0x00, 0x00, 
    0x00, 0x00, 0x00, 0x00, 0x00, 0x00, 0x00, 0x00, 0x00, 0x00, 0x00, 0x00, 0x00, 0x00, 0x00, 0x00, 
    0x00, 0x00, 0x00, 0x00, 0x00, 0x00, 0x00, 0x00, 0x00, 0x00, 0x00, 0x00, 0x00, 0x00, 0x00, 0x00, 
    0x00, 0x00, 0x00, 0x00, 0x00, 0x00, 0x00, 0x00, 0x00, 0x00, 0x00, 0x00, 0x00, 0x00, 0x00, 0x00, 
    0x00, 0x00, 0x00, 0x00, 0x00, 0x00, 0x00, 0x00, 0x00, 0x00, 0x00, 0x00, 0x00, 0x00, 0x00, 0x00, 
    0x00, 0x00, 0x00, 0x00, 0x00, 0x00, 0x00, 0x00, 0x00, 0x00, 0x00, 0x00, 0x00, 0x00, 0x00, 0x00, 
    0x00, 0x00, 0x00, 0x00, 0x00, 0x00, 0x00, 0x00, 0x00, 0x00, 0x00, 0x00, 0x00, 0x00, 0x00, 0x00, 
    0x00, 0x00, 0x00, 0x00, 0x00, 0x00, 0x00, 0x00, 0x00, 0x00, 0x00, 0x00, 0x00, 0x00, 0x00, 0x00, 
    0x00, 0x00, 0x00, 0x00, 0x00, 0x00, 0x00, 0x00, 0x00, 0x00, 0x00, 0x00, 0x00, 0x00, 0x00, 0x00, 
    0x00, 0x00, 0x00, 0x00, 0x00, 0x00, 0x00, 0x00, 0x00, 0x00, 0x00, 0x00, 0x00, 0x00, 0x00, 0x00, 
    0x00, 0x00, 0x00, 0x00, 0x00, 0x00, 0x00, 0x00, 0x00, 0x00, 0x00, 0x00, 0x00, 0x00, 0x00, 0x00, 
    0x00, 0x00, 0x00, 0x00, 0x00, 0x00, 0x00, 0x00, 0x00, 0x00, 0x00, 0x00, 0x00, 0x00, 0x00, 0x00, 
    0x00, 0x00, 0x00, 0x00, 0x00, 0x00, 0x00, 0x00, 0x00, 0x00, 0x00, 0x00, 0x00, 0x00, 0x00, 0x00, 
    0x00, 0x00, 0x00, 0x00, 0x00, 0x00, 0x00, 0x00, 0x00, 0x00, 0x00, 0x00, 0x00, 0x00, 0x00, 0x00, 
    0x00, 0x00, 0x00, 0x00, 0x00, 0x00, 0x00, 0x00, 0x00, 0x00, 0x00, 0x00, 0x00, 0x00, 0x00, 0x00, 
    0x00, 0x00, 0x00, 0x00, 0x00, 0x00, 0x00, 0x00, 0x00, 0x00, 0x00, 0x00, 0x00, 0x00, 0x00, 0x00, 
    0x00, 0x00, 0x00, 0x00, 0x00, 0x00, 0x00, 0x00, 0x00, 0x00, 0x00, 0x00, 0x00, 0x00, 0x00, 0x00, 
    0x00, 0x00, 0x00, 0x00, 0x00, 0x00, 0x00, 0x00, 0x00, 0x00, 0x00, 0x00, 0x00, 0x00, 0x00, 0x00, 
    0x00, 0x00, 0x00, 0x00, 0x00, 0x00, 0x00, 0x00, 0x00, 0x00, 0x00, 0x00, 0x00, 0x00, 0x00, 0x00, 
    0x00, 0x00, 0x00, 0x00, 0x00, 0x00, 0x00, 0x00, 0x00, 0x00, 0x00, 0x00, 0x00, 0x00, 0x00, 0x00, 
    0x00, 0x00, 0x00, 0x00, 0x00, 0x00, 0x00, 0x00, 0x00, 0x00, 0x00, 0x00, 0x00, 0x00, 0x00, 0x00, 
    0x00, 0x00, 0x00, 0x00, 0x00, 0x00, 0x00, 0x00, 0x00, 0x00, 0x00, 0x00, 0x00, 0x00, 0x00, 0x00, 
    0x00, 0x00, 0x00, 0x00, 0x00, 0x00, 0x00, 0x00, 0x00, 0x00, 0x00, 0x00, 0x00, 0x00, 0x00, 0x00, 
    0x00, 0x00, 0x00, 0x00, 0x00, 0x00, 0x00, 0x00, 0x00, 0x00, 0x00, 0x00, 0x00, 0x00, 0x00, 0x00, 
    0x00, 0x00, 0x00, 0x00, 0x00, 0x00, 0x00, 0x00, 0x00, 0x00, 0x00, 0x00, 0x00, 0x00, 0x00, 0x00, 
    0x00, 0x00, 0x00, 0x00, 0x00, 0x00, 0x00, 0x00, 0x00, 0x00, 0x00, 0x00, 0x00, 0x00, 0x00, 0x00, 
    0x00, 0x00, 0x00, 0x00, 0x00, 0x00, 0x00, 0x00, 0x00, 0x00, 0x00, 0x00, 0x00, 0x00, 0x00, 0x00, 
    0x00, 0x00, 0x00, 0x00, 0x00, 0x00, 0x00, 0x00, 0x00, 0x00, 0x00, 0x00, 0x00, 0x00, 0x00, 0x00, 
    0x00, 0x00, 0x00, 0x00, 0x00, 0x00, 0x00, 0x00, 0x00, 0x00, 0x00, 0x00, 0x00, 0x00, 0x00, 0x00, 
    0x00, 0x00, 0x00, 0x00, 0x00, 0x00, 0x00, 0x00, 0x00, 0x00, 0x00, 0x00, 0x00, 0x00, 0x00, 0x00, 
    0x00, 0x00, 0x00, 0x00, 0x00, 0x00, 0x00, 0x00, 0x00, 0x00, 0x00, 0x00, 0x00, 0x00, 0x00, 0x00, 
    0x00, 0x00, 0x00, 0x00, 0x00, 0x00, 0x00, 0x00, 0x00, 0x00, 0x00, 0x00, 0x00, 0x00, 0x00, 0x00, 
    0x00, 0x00, 0x00, 0x00, 0x00, 0x00, 0x00, 0x00, 0x00, 0x00, 0x00, 0x00, 0x00, 0x00, 0x00, 0x00, 
    0x00, 0x00, 0x00, 0x00, 0x00, 0x00, 0x00, 0x00, 0x00, 0x00, 0x00, 0x00, 0x00, 0x00, 0x00, 0x00, 
    0x00, 0x00, 0x00, 0x00, 0x00, 0x00, 0x00, 0x00, 0x00, 0x00, 0x00, 0x00, 0x00, 0x00, 0x00, 0x00, 
    0x00, 0x00, 0x00, 0x00, 0x00, 0x00, 0x00, 0x00, 0x00, 0x00, 0x00, 0x00, 0x00, 0x00, 0x00, 0x00, 
    0x00, 0x00, 0x00, 0x00, 0x00, 0x00, 0x00, 0x00, 0x00, 0x00, 0x00, 0x00, 0x00, 0x00, 0x00, 0x00, 
    0x00, 0x00, 0x00, 0x00, 0x00, 0x00, 0x00, 0x00, 0x00, 0x00, 0x00, 0x00, 0x00, 0x00, 0x00, 0x00, 
    0x00, 0x00, 0x00, 0x00, 0x00, 0x00, 0x00, 0x00, 0x00, 0x00, 0x00, 0x00, 0x00, 0x00, 0x00, 0x00, 
    0x00, 0x00, 0x00, 0x00, 0x00, 0x00, 0x00, 0x00, 0x00, 0x00, 0x00, 0x00, 0x00, 0x00, 0x00, 0x00, 
    0x00, 0x00, 0x00, 0x00, 0x00, 0x00, 0x00, 0x00, 0x00, 0x00, 0x00, 0x00, 0x00, 0x00, 0x00, 0x00, 
    0x00, 0x00, 0x00, 0x00, 0x00, 0x00, 0x00, 0x00, 0x00, 0x00, 0x00, 0x00, 0x00, 0x00, 0x00, 0x00, 
    0x00, 0x00, 0x00, 0x00, 0x00, 0x00, 0x00, 0x00, 0x00, 0x00, 0x00, 0x00, 0x00, 0x00, 0x00, 0x00, 
    0x00, 0x00, 0x00, 0x00, 0x00, 0x00, 0x00, 0x00, 0x00, 0x00, 0x00, 0x00, 0x00, 0x00, 0x00, 0x00, 
    0x00, 0x00, 0x00, 0x00, 0x00, 0x00, 0x00, 0x00, 0x00, 0x00, 0x00, 0x00, 0x00, 0x00, 0x00, 0x00, 
    0x00, 0x00, 0x00, 0x00, 0x00, 0x00, 0x00, 0x00, 0x00, 0x00, 0x00, 0x00, 0x00, 0x00, 0x00, 0x00, 
    0x00, 0x00, 0x00, 0x00, 0x00, 0x00, 0x00, 0x00, 0x00, 0x00, 0x00, 0x00, 0x00, 0x00, 0x00, 0x00, 
    0x00, 0x00, 0x00, 0x00, 0x00, 0x00, 0x00, 0x00, 0x00, 0x00, 0x00, 0x00, 0x00, 0x00, 0x00, 0x00, 
    0x00, 0x00, 0x00, 0x00, 0x00, 0x00, 0x00, 0x00, 0x00, 0x00, 0x00, 0x00, 0x00, 0x00, 0x00, 0x00, 
    0x00, 0x00, 0x00, 0x00, 0x00, 0x00, 0x00, 0x00, 0x00, 0x00, 0x00, 0x00, 0x00, 0x00, 0x00, 0x00, 
    0x00, 0x00, 0x00, 0x00, 0x00, 0x00, 0x00, 0x00, 0x00, 0x00, 0x00, 0x00, 0x00, 0x00, 0x00, 0x00, 
    0x00, 0x00, 0x00, 0x00, 0x00, 0x00, 0x00, 0x00, 0x00, 0x00, 0x00, 0x00, 0x00, 0x00, 0x00, 0x00, 
    0x00, 0x00, 0x00, 0x00, 0x00, 0x00, 0x00, 0x00, 0x00, 0x00, 0x00, 0x00, 0x00, 0x00, 0x00, 0x00, 
    0x00, 0x00, 0x00, 0x00, 0x00, 0x00, 0x00, 0x00, 0x00, 0x00, 0x00, 0x00, 0x00, 0x00, 0x00, 0x00, 
    0x00, 0x00, 0x00, 0x00, 0x00, 0x00, 0x00, 0x00, 0x00, 0x00, 0x00, 0x00, 0x00, 0x00, 0x00, 0x00, 
    0x00, 0x00, 0x00, 0x00, 0x00, 0x00, 0x00, 0x00, 0x00, 0x00, 0x00, 0x00, 0x00, 0x00, 0x00, 0x00, 
    0x00, 0x00, 0x00, 0x00, 0x00, 0x00, 0x00, 0x00, 0x00, 0x00, 0x00, 0x00, 0x00, 0x00, 0x00, 0x00, 
    0x00, 0x00, 0x00, 0x00, 0x00, 0x00, 0x00, 0x00, 0x00, 0x00, 0x00, 0x00, 0x00, 0x00, 0x00, 0x00, 
    0x00, 0x00, 0x00, 0x00, 0x00, 0x00, 0x00, 0x00, 0x00, 0x00, 0x00, 0x00, 0x00, 0x00, 0x00, 0x00, 
    0x00, 0x00, 0x00, 0x00, 0x00, 0x00, 0x00, 0x00, 0x00, 0x00, 0x00, 0x00, 0x00, 0x00, 0x00, 0x00, 
    0x00, 0x00, 0x00, 0x00, 0x00, 0x00, 0x00, 0x00, 0x00, 0x00, 0x00, 0x00, 0x00, 0x00, 0x00, 0x00, 
    0x00, 0x00, 0x00, 0x00, 0x00, 0x00, 0x00, 0x00, 0x00, 0x00, 0x00, 0x00, 0x00, 0x00, 0x00, 0x00, 
    0x00, 0x00, 0x00, 0x00, 0x00, 0x00, 0x00, 0x00, 0x00, 0x00, 0x00, 0x00, 0x00, 0x00, 0x00, 0x00, 
    0x00, 0x00, 0x00, 0x00, 0x00, 0x00, 0x00, 0x00, 0x00, 0x00, 0x00, 0x00, 0x00, 0x00, 0x00, 0x00, 
    0x00, 0x00, 0x00, 0x00, 0x00, 0x00, 0x00, 0x00, 0x00, 0x00, 0x00, 0x00, 0x00, 0x00, 0x00, 0x00, 
    0x00, 0x00, 0x00, 0x00, 0x00, 0x00, 0x00, 0x00, 0x00, 0x00, 0x00, 0x00, 0x00, 0x00, 0x00, 0x00, 
    0x00, 0x00, 0x00, 0x00, 0x00, 0x00, 0x00, 0x00, 0x00, 0x00, 0x00, 0x00, 0x00, 0x00, 0x00, 0x00, 
    0x00, 0x00, 0x00, 0x00, 0x00, 0x00, 0x00, 0x00, 0x00, 0x00, 0x00, 0x00, 0x00, 0x00, 0x00, 0x00, 
    0x00, 0x00, 0x00, 0x00, 0x00, 0x00, 0x00, 0x00, 0x00, 0x00, 0x00, 0x00, 0x00, 0x00, 0x00, 0x00, 
    0x00, 0x00, 0x00, 0x00, 0x00, 0x00, 0x00, 0x00, 0x00, 0x00, 0x00, 0x00, 0x00, 0x00, 0x00, 0x00, 
    0x00, 0x00, 0x00, 0x00, 0x00, 0x00, 0x00, 0x00, 0x00, 0x00, 0x00, 0x00, 0x00, 0x00, 0x00, 0x00, 
    0x00, 0x00, 0x00, 0x00, 0x00, 0x00, 0x00, 0x00, 0x00, 0x00, 0x00, 0x00, 0x00, 0x00, 0x00, 0x00, 
    0x00, 0x00, 0x00, 0x00, 0x00, 0x00, 0x00, 0x00, 0x00, 0x00, 0x00, 0x00, 0x00, 0x00, 0x00, 0x00, 
    0x00, 0x00, 0x00, 0x00, 0x00, 0x00, 0x00, 0x00, 0x00, 0x00, 0x00, 0x00, 0x00, 0x00, 0x00, 0x00, 
    0x00, 0x00, 0x00, 0x00, 0x00, 0x00, 0x00, 0x00, 0x00, 0x00, 0x00, 0x00, 0x00, 0x00, 0x00, 0x00, 
    0x00, 0x00, 0x00, 0x00, 0x00, 0x00, 0x00, 0x00, 0x00, 0x00, 0x00, 0x00, 0x00, 0x00, 0x00, 0x00, 
    0x00, 0x00, 0x00, 0x00, 0x00, 0x00, 0x00, 0x00, 0x00, 0x00, 0x00, 0x00, 0x00, 0x00, 0x00, 0x00, 
    0x00, 0x00, 0x00, 0x00, 0x00, 0x00, 0x00, 0x00, 0x00, 0x00, 0x00, 0x00, 0x00, 0x00, 0x00, 0x00, 
    0x00, 0x00, 0x00, 0x00, 0x00, 0x00, 0x00, 0x00, 0x00, 0x00, 0x00, 0x00, 0x00, 0x00, 0x00, 0x00, 
    0x00, 0x00, 0x00, 0x00, 0x00, 0x00, 0x00, 0x00, 0x00, 0x00, 0x00, 0x00, 0x00, 0x00, 0x00, 0x00, 
    0x00, 0x00, 0x00, 0x00, 0x00, 0x00, 0x00, 0x00, 0x00, 0x00, 0x00, 0x00, 0x00, 0x00, 0x00, 0x00, 
    0x00, 0x00, 0x00, 0x00, 0x00, 0x00, 0x00, 0x00, 0x00, 0x00, 0x00, 0x00, 0x00, 0x00, 0x00, 0x00, 
    0x00, 0x00, 0x00, 0x00, 0x00, 0x00, 0x00, 0x00, 0x00, 0x00, 0x00, 0x00, 0x00, 0x00, 0x00, 0x00, 
    0x00, 0x00, 0x00, 0x00, 0x00, 0x00, 0x00, 0x00, 0x00, 0x00, 0x00, 0x00, 0x00, 0x00, 0x00, 0x00, 
    0x00, 0x00, 0x00, 0x00, 0x00, 0x00, 0x00, 0x00, 0x00, 0x00, 0x00, 0x00, 0x00, 0x00, 0x00, 0x00, 
    0x00, 0x00, 0x00, 0x00, 0x00, 0x00, 0x00, 0x00, 0x00, 0x00, 0x00, 0x00, 0x00, 0x00, 0x00, 0x00, 
    0x00, 0x00, 0x00, 0x00, 0x00, 0x00, 0x00, 0x00, 0x00, 0x00, 0x00, 0x00, 0x00, 0x00, 0x00, 0x00, 
    0x00, 0x00, 0x00, 0x00, 0x00, 0x00, 0x00, 0x00, 0x00, 0x00, 0x00, 0x00, 0x00, 0x00, 0x00, 0x00, 
    0x00, 0x00, 0x00, 0x00, 0x00, 0x00, 0x00, 0x00, 0x00, 0x00, 0x00, 0x00, 0x00, 0x00, 0x00, 0x00, 
    0x00, 0x00, 0x00, 0x00, 0x00, 0x00, 0x00, 0x00, 0x00, 0x00, 0x00, 0x00, 0x00, 0x00, 0x00, 0x00, 
    0x00, 0x00, 0x00, 0x00, 0x00, 0x00, 0x00, 0x00, 0x00, 0x00, 0x00, 0x00, 0x00, 0x00, 0x00, 0x00, 
    0x00, 0x00, 0x00, 0x00, 0x00, 0x00, 0x00, 0x00, 0x00, 0x00, 0x00, 0x00, 0x00, 0x00, 0x00, 0x00, 
    0x00, 0x00, 0x00, 0x00, 0x00, 0x00, 0x00, 0x00, 0x00, 0x00, 0x00, 0x00, 0x00, 0x00, 0x00, 0x00, 
    0x00, 0x00, 0x00, 0x00, 0x00, 0x00, 0x00, 0x00, 0x00, 0x00, 0x00, 0x00, 0x00, 0x00, 0x00, 0x00, 
    0x00, 0x00, 0x00, 0x00, 0x00, 0x00, 0x00, 0x00, 0x00, 0x00, 0x00, 0x00, 0x00, 0x00, 0x00, 0x00, 
    0x00, 0x00, 0x00, 0x00, 0x00, 0x00, 0x00, 0x00, 0x00, 0x00, 0x00, 0x00, 0x00, 0x00, 0x00, 0x00, 
    0x00, 0x00, 0x00, 0x00, 0x00, 0x00, 0x00, 0x00, 0x00, 0x00, 0x00, 0x00, 0x00, 0x00, 0x00, 0x00, 
    0x00, 0x00, 0x00, 0x00, 0x00, 0x00, 0x00, 0x00, 0x00, 0x00, 0x00, 0x00, 0x00, 0x00, 0x00, 0x00, 
    0x00, 0x00, 0x00, 0x00, 0x00, 0x00, 0x00, 0x00, 0x00, 0x00, 0x00, 0x00, 0x00, 0x00, 0x00, 0x00, 
    0x00, 0x00, 0x00, 0x00, 0x00, 0x00, 0x00, 0x00, 0x00, 0x00, 0x00, 0x00, 0x00, 0x00, 0x00, 0x00, 
    0x00, 0x00, 0x00, 0x00, 0x00, 0x00, 0x00, 0x00, 0x00, 0x00, 0x00, 0x00, 0x00, 0x00, 0x00, 0x00, 
    0x00, 0x00, 0x00, 0x00, 0x00, 0x00, 0x00, 0x00, 0x00, 0x00, 0x00, 0x00, 0x00, 0x00, 0x00, 0x00, 
    0x00, 0x00, 0x00, 0x00, 0x00, 0x00, 0x00, 0x00, 0x00, 0x00, 0x00, 0x00, 0x00, 0x00, 0x00, 0x00, 
    0x00, 0x00, 0x00, 0x00, 0x00, 0x00, 0x00, 0x00, 0x00, 0x00, 0x00, 0x00, 0x00, 0x00, 0x00, 0x00, 
    0x00, 0x00, 0x00, 0x00, 0x00, 0x00, 0x00, 0x00, 0x00, 0x00, 0x00, 0x00, 0x00, 0x00, 0x00, 0x00, 
    0x00, 0x00, 0x00, 0x00, 0x00, 0x00, 0x00, 0x00, 0x00, 0x00, 0x00, 0x00, 0x00, 0x00, 0x00, 0x00, 
    0x00, 0x00, 0x00, 0x00, 0x00, 0x00, 0x00, 0x00, 0x00, 0x00, 0x00, 0x00, 0x00, 0x00, 0x00, 0x00, 
    0x00, 0x00, 0x00, 0x00, 0x00, 0x00, 0x00, 0x00, 0x00, 0x00, 0x00, 0x00, 0x00, 0x00, 0x00, 0x00, 
    0x00, 0x00, 0x00, 0x00, 0x00, 0x00, 0x00, 0x00, 0x00, 0x00, 0x00, 0x00, 0x00, 0x00, 0x00, 0x00, 
    0x00, 0x00, 0x00, 0x00, 0x00, 0x00, 0x00, 0x00, 0x00, 0x00, 0x00, 0x00, 0x00, 0x00, 0x00, 0x00, 
    0x00, 0x00, 0x00, 0x00, 0x00, 0x00, 0x00, 0x00, 0x00, 0x00, 0x00, 0x00, 0x00, 0x00, 0x00, 0x00, 
    0x00, 0x00, 0x00, 0x00, 0x00, 0x00, 0x00, 0x00, 0x00, 0x00, 0x00, 0x00, 0x00, 0x00, 0x00, 0x00, 
    0x00, 0x00, 0x00, 0x00, 0x00, 0x00, 0x00, 0x00, 0x00, 0x00, 0x00, 0x00, 0x00, 0x00, 0x00, 0x00, 
    0x00, 0x00, 0x00, 0x00, 0x00, 0x00, 0x00, 0x00, 0x00, 0x00, 0x00, 0x00, 0x00, 0x00, 0x00, 0x00, 
    0x00, 0x00, 0x00, 0x00, 0x00, 0x00, 0x00, 0x00, 0x00, 0x00, 0x00, 0x00, 0x00, 0x00, 0x00, 0x00, 
    0x00, 0x00, 0x00, 0x00, 0x00, 0x00, 0x00, 0x00, 0x00, 0x00, 0x00, 0x00, 0x00, 0x00, 0x00, 0x00, 
    0x00, 0x00, 0x00, 0x00, 0x00, 0x00, 0x00, 0x00, 0x00, 0x00, 0x00, 0x00, 0x00, 0x00, 0x00, 0x00, 
    0x00, 0x00, 0x00, 0x00, 0x00, 0x00, 0x00, 0x00, 0x00, 0x00, 0x00, 0x00, 0x00, 0x00, 0x00, 0x00, 
    0x00, 0x00, 0x00, 0x00, 0x00, 0x00, 0x00, 0x00, 0x00, 0x00, 0x00, 0x00, 0x00, 0x00, 0x00, 0x00, 
    0x00, 0x00, 0x00, 0x00, 0x00, 0x00, 0x00, 0x00, 0x00, 0x00, 0x00, 0x00, 0x00, 0x00, 0x00, 0x00, 
    0x00, 0x00, 0x00, 0x00, 0x00, 0x00, 0x00, 0x00, 0x00, 0x00, 0x00, 0x00, 0x00, 0x00, 0x00, 0x00, 
    0x00, 0x00, 0x00, 0x00, 0x00, 0x00, 0x00, 0x00, 0x00, 0x00, 0x00, 0x00, 0x00, 0x00, 0x00, 0x00, 
    0x00, 0x00, 0x00, 0x00, 0x00, 0x00, 0x00, 0x00, 0x00, 0x00, 0x00, 0x00, 0x00, 0x00, 0x00, 0x00, 
    0x00, 0x00, 0x00, 0x00, 0x00, 0x00, 0x00, 0x00, 0x00, 0x00, 0x00, 0x00, 0x00, 0x00, 0x00, 0x00, 
    0x00, 0x00, 0x00, 0x00, 0x00, 0x00, 0x00, 0x00, 0x00, 0x00, 0x00, 0x00, 0x00, 0x00, 0x00, 0x00, 
    0x00, 0x00, 0x00, 0x00, 0x00, 0x00, 0x00, 0x00, 0x00, 0x00, 0x00, 0x00, 0x00, 0x00, 0x00, 0x00, 
    0x00, 0x00, 0x00, 0x00, 0x00, 0x00, 0x00, 0x00, 0x00, 0x00, 0x00, 0x00, 0x00, 0x00, 0x00, 0x00, 
    0x00, 0x00, 0x00, 0x00, 0x00, 0x00, 0x00, 0x00, 0x00, 0x00, 0x00, 0x00, 0x00, 0x00, 0x00, 0x00, 
    0x00, 0x00, 0x00, 0x00, 0x00, 0x00, 0x00, 0x00, 0x00, 0x00, 0x00, 0x00, 0x00, 0x00, 0x00, 0x00, 
    0x00, 0x00, 0x00, 0x00, 0x00, 0x00, 0x00, 0x00, 0x00, 0x00, 0x00, 0x00, 0x00, 0x00, 0x00, 0x00, 
    0x00, 0x00, 0x00, 0x00, 0x00, 0x00, 0x00, 0x00, 0x00, 0x00, 0x00, 0x00, 0x00, 0x00, 0x00, 0x00, 
    0x00, 0x00, 0x00, 0x00, 0x00, 0x00, 0x00, 0x00, 0x00, 0x00, 0x00, 0x00, 0x00, 0x00, 0x00, 0x00, 
    0x00, 0x00, 0x00, 0x00, 0x00, 0x00, 0x00, 0x00, 0x00, 0x00, 0x00, 0x00, 0x00, 0x00, 0x00, 0x00, 
    0x00, 0x00, 0x00, 0x00, 0x00, 0x00, 0x00, 0x00, 0x00, 0x00, 0x00, 0x00, 0x00, 0x00, 0x00, 0x00, 
    0x00, 0x00, 0x00, 0x00, 0x00, 0x00, 0x00, 0x00, 0x00, 0x00, 0x00, 0x00, 0x00, 0x00, 0x00, 0x00, 
    0x00, 0x00, 0x00, 0x00, 0x00, 0x00, 0x00, 0x00, 0x00, 0x00, 0x00, 0x00, 0x00, 0x00, 0x00, 0x00, 
    0x00, 0x00, 0x00, 0x00, 0x00, 0x00, 0x00, 0x00, 0x00, 0x00, 0x00, 0x00, 0x00, 0x00, 0x00, 0x00, 
    0x00, 0x00, 0x00, 0x00, 0x00, 0x00, 0x00, 0x00, 0x00, 0x00, 0x00, 0x00, 0x00, 0x00, 0x00, 0x00, 
    0x00, 0x00, 0x00, 0x00, 0x00, 0x00, 0x00, 0x00, 0x00, 0x00, 0x00, 0x00, 0x00, 0x00, 0x00, 0x00, 
    0x00, 0x00, 0x00, 0x00, 0x00, 0x00, 0x00, 0x00, 0x00, 0x00, 0x00, 0x00, 0x00, 0x00, 0x00, 0x00, 
    0x00, 0x00, 0x00, 0x00, 0x00, 0x00, 0x00, 0x00, 0x00, 0x00, 0x00, 0x00, 0x00, 0x00, 0x00, 0x00, 
    0x00, 0x00, 0x00, 0x00, 0x00, 0x00, 0x00, 0x00, 0x00, 0x00, 0x00, 0x00, 0x00, 0x00, 0x00, 0x00, 
    0x00, 0x00, 0x00, 0x00, 0x00, 0x00, 0x00, 0x00, 0x00, 0x00, 0x00, 0x00, 0x00, 0x00, 0x00, 0x00, 
    0x00, 0x00, 0x00, 0x00, 0x00, 0x00, 0x00, 0x00, 0x00, 0x00, 0x00, 0x00, 0x00, 0x00, 0x00, 0x00, 
    0x00, 0x00, 0x00, 0x00, 0x00, 0x00, 0x00, 0x00, 0x00, 0x00, 0x00, 0x00, 0x00, 0x00, 0x00, 0x00, 
    0x00, 0x00, 0x00, 0x00, 0x00, 0x00, 0x00, 0x00, 0x00, 0x00, 0x00, 0x00, 0x00, 0x00, 0x00, 0x00, 
    0x00, 0x00, 0x00, 0x00, 0x00, 0x00, 0x00, 0x00, 0x00, 0x00, 0x00, 0x00, 0x00, 0x00, 0x00, 0x00, 
    0x00, 0x00, 0x00, 0x00, 0x00, 0x00, 0x00, 0x00, 0x00, 0x00, 0x00, 0x00, 0x00, 0x00, 0x00, 0x00, 
    0x00, 0x00, 0x00, 0x00, 0x00, 0x00, 0x00, 0x00, 0x00, 0x00, 0x00, 0x00, 0x00, 0x00, 0x00, 0x00, 
    0x00, 0x00, 0x00, 0x00, 0x00, 0x00, 0x00, 0x00, 0x00, 0x00, 0x00, 0x00, 0x00, 0x00, 0x00, 0x00, 
    0x00, 0x00, 0x00, 0x00, 0x00, 0x00, 0x00, 0x00, 0x00, 0x00, 0x00, 0x00, 0x00, 0x00, 0x00, 0x00, 
    0x00, 0x00, 0x00, 0x00, 0x00, 0x00, 0x00, 0x00, 0x00, 0x00, 0x00, 0x00, 0x00, 0x00, 0x00, 0x00, 
    0x00, 0x00, 0x00, 0x00, 0x00, 0x00, 0x00, 0x00, 0x00, 0x00, 0x00, 0x00, 0x00, 0x00, 0x00, 0x00, 
    0x00, 0x00, 0x00, 0x00, 0x00, 0x00, 0x00, 0x00, 0x00, 0x00, 0x00, 0x00, 0x00, 0x00, 0x00, 0x00, 
    0x00, 0x00, 0x00, 0x00, 0x00, 0x00, 0x00, 0x00, 0x00, 0x00, 0x00, 0x00, 0x00, 0x00, 0x00, 0x00, 
    0x00, 0x00, 0x00, 0x00, 0x00, 0x00, 0x00, 0x00, 0x00, 0x00, 0x00, 0x00, 0x00, 0x00, 0x00, 0x00, 
    0x00, 0x00, 0x00, 0x00, 0x00, 0x00, 0x00, 0x00, 0x00, 0x00, 0x00, 0x00, 0x00, 0x00, 0x00, 0x00, 
    0x00, 0x00, 0x00, 0x00, 0x00, 0x00, 0x00, 0x00, 0x00, 0x00, 0x00, 0x00, 0x00, 0x00, 0x00, 0x00, 
    0x00, 0x00, 0x00, 0x00, 0x00, 0x00, 0x00, 0x00, 0x00, 0x00, 0x00, 0x00, 0x00, 0x00, 0x00, 0x00, 
    0x00, 0x00, 0x00, 0x00, 0x00, 0x00, 0x00, 0x00, 0x00, 0x00, 0x00, 0x00, 0x00, 0x00, 0x00, 0x00, 
    0x00, 0x00, 0x00, 0x00, 0x00, 0x00, 0x00, 0x00, 0x00, 0x00, 0x00, 0x00, 0x00, 0x00, 0x00, 0x00, 
    0x00, 0x00, 0x00, 0x00, 0x00, 0x00, 0x00, 0x00, 0x00, 0x00, 0x00, 0x00, 0x00, 0x00, 0x00, 0x00, 
    0x00, 0x00, 0x00, 0x00, 0x00, 0x00, 0x00, 0x00, 0x00, 0x00, 0x00, 0x00, 0x00, 0x00, 0x00, 0x00, 
    0x00, 0x00, 0x00, 0x00, 0x00, 0x00, 0x00, 0x00, 0x00, 0x00, 0x00, 0x00, 0x00, 0x00, 0x00, 0x00, 
    0x00, 0x00, 0x00, 0x00, 0x00, 0x00, 0x00, 0x00, 0x00, 0x00, 0x00, 0x00, 0x00, 0x00, 0x00, 0x00, 
    0x00, 0x00, 0x00, 0x00, 0x00, 0x00, 0x00, 0x00, 0x00, 0x00, 0x00, 0x00, 0x00, 0x00, 0x00, 0x00, 
    0x00, 0x00, 0x00, 0x00, 0x00, 0x00, 0x00, 0x00, 0x00, 0x00, 0x00, 0x00, 0x00, 0x00, 0x00, 0x00, 
    0x00, 0x00, 0x00, 0x00, 0x00, 0x00, 0x00, 0x00, 0x00, 0x00, 0x00, 0x00, 0x00, 0x00, 0x00, 0x00, 
    0x00, 0x00, 0x00, 0x00, 0x00, 0x00, 0x00, 0x00, 0x00, 0x00, 0x00, 0x00, 0x00, 0x00, 0x00, 0x00, 
    0x00, 0x00, 0x00, 0x00, 0x00, 0x00, 0x00, 0x00, 0x00, 0x00, 0x00, 0x00, 0x00, 0x00, 0x00, 0x00, 
    0x00, 0x00, 0x00, 0x00, 0x00, 0x00, 0x00, 0x00, 0x00, 0x00, 0x00, 0x00, 0x00, 0x00, 0x00, 0x00, 
    0x00, 0x00, 0x00, 0x00, 0x00, 0x00, 0x00, 0x00, 0x00, 0x00, 0x00, 0x00, 0x00, 0x00, 0x00, 0x00, 
    0x00, 0x00, 0x00, 0x00, 0x00, 0x00, 0x00, 0x00, 0x00, 0x00, 0x00, 0x00, 0x00, 0x00, 0x00, 0x00, 
    0x00, 0x00, 0x00, 0x00, 0x00, 0x00, 0x00, 0x00, 0x00, 0x00, 0x00, 0x00, 0x00, 0x00, 0x00, 0x00, 
    0x00, 0x00, 0x00, 0x00, 0x00, 0x00, 0x00, 0x00, 0x00, 0x00, 0x00, 0x00, 0x00, 0x00, 0x00, 0x00, 
    0x00, 0x00, 0x00, 0x00, 0x00, 0x00, 0x00, 0x00, 0x00, 0x00, 0x00, 0x00, 0x00, 0x00, 0x00, 0x00, 
    0x00, 0x00, 0x00, 0x00, 0x00, 0x00, 0x00, 0x00, 0x00, 0x00, 0x00, 0x00, 0x00, 0x00, 0x00, 0x00, 
    0x00, 0x00, 0x00, 0x00, 0x00, 0x00, 0x00, 0x00, 0x00, 0x00, 0x00, 0x00, 0x00, 0x00, 0x00, 0x00, 
    0x00, 0x00, 0x00, 0x00, 0x00, 0x00, 0x00, 0x00, 0x00, 0x00, 0x00, 0x00, 0x00, 0x00, 0x00, 0x00, 
    0x00, 0x00, 0x00, 0x00, 0x00, 0x00, 0x00, 0x00, 0x00, 0x00, 0x00, 0x00, 0x00, 0x00, 0x00, 0x00, 
    0x00, 0x00, 0x00, 0x00, 0x00, 0x00, 0x00, 0x00, 0x00, 0x00, 0x00, 0x00, 0x00, 0x00, 0x00, 0x00, 
    0x00, 0x00, 0x00, 0x00, 0x00, 0x00, 0x00, 0x00, 0x00, 0x00, 0x00, 0x00, 0x00, 0x00, 0x00, 0x00, 
    0x00, 0x00, 0x00, 0x00, 0x00, 0x00, 0x00, 0x00, 0x00, 0x00, 0x00, 0x00, 0x00, 0x00, 0x00, 0x00, 
    0x00, 0x00, 0x00, 0x00, 0x00, 0x00, 0x00, 0x00, 0x00, 0x00, 0x00, 0x00, 0x00, 0x00, 0x00, 0x00, 
    0x00, 0x00, 0x00, 0x00, 0x00, 0x00, 0x00, 0x00, 0x00, 0x00, 0x00, 0x00, 0x00, 0x00, 0x00, 0x00, 
    0x00, 0x00, 0x00, 0x00, 0x00, 0x00, 0x00, 0x00, 0x00, 0x00, 0x00, 0x00, 0x00, 0x00, 0x00, 0x00, 
    0x00, 0x00, 0x00, 0x00, 0x00, 0x00, 0x00, 0x00, 0x00, 0x00, 0x00, 0x00, 0x00, 0x00, 0x00, 0x00, 
    0x00, 0x00, 0x00, 0x00, 0x00, 0x00, 0x00, 0x00, 0x00, 0x00, 0x00, 0x00, 0x00, 0x00, 0x00, 0x00, 
    0x00, 0x00, 0x00, 0x00, 0x00, 0x00, 0x00, 0x00, 0x00, 0x00, 0x00, 0x00, 0x00, 0x00, 0x00, 0x00, 
    0x00, 0x00, 0x00, 0x00, 0x00, 0x00, 0x00, 0x00, 0x00, 0x00, 0x00, 0x00, 0x00, 0x00, 0x00, 0x00, 
    0x00, 0x00, 0x00, 0x00, 0x00, 0x00, 0x00, 0x00, 0x00, 0x00, 0x00, 0x00, 0x00, 0x00, 0x00, 0x00, 
    0x00, 0x00, 0x00, 0x00, 0x00, 0x00, 0x00, 0x00, 0x00, 0x00, 0x00, 0x00, 0x00, 0x00, 0x00, 0x00, 
    0x00, 0x00, 0x00, 0x00, 0x00, 0x00, 0x00, 0x00, 0x00, 0x00, 0x00, 0x00, 0x00, 0x00, 0x00, 0x00, 
    0x00, 0x00, 0x00, 0x00, 0x00, 0x00, 0x00, 0x00, 0x00, 0x00, 0x00, 0x00, 0x00, 0x00, 0x00, 0x00, 
    0x00, 0x00, 0x00, 0x00, 0x00, 0x00, 0x00, 0x00, 0x00, 0x00, 0x00, 0x00, 0x00, 0x00, 0x00, 0x00, 
    0x00, 0x00, 0x00, 0x00, 0x00, 0x00, 0x00, 0x00, 0x00, 0x00, 0x00, 0x00, 0x00, 0x00, 0x00, 0x00, 
    0x00, 0x00, 0x00, 0x00, 0x00, 0x00, 0x00, 0x00, 0x00, 0x00, 0x00, 0x00, 0x00, 0x00, 0x00, 0x00, 
    0x00, 0x00, 0x00, 0x00, 0x00, 0x00, 0x00, 0x00, 0x00, 0x00, 0x00, 0x00, 0x00, 0x00, 0x00, 0x00, 
    0x00, 0x00, 0x00, 0x00, 0x00, 0x00, 0x00, 0x00, 0x00, 0x00, 0x00, 0x00, 0x00, 0x00, 0x00, 0x00, 
    0x00, 0x00, 0x00, 0x00, 0x00, 0x00, 0x00, 0x00, 0x00, 0x00, 0x00, 0x00, 0x00, 0x00, 0x00, 0x00, 
    0x00, 0x00, 0x00, 0x00, 0x00, 0x00, 0x00, 0x00, 0x00, 0x00, 0x00, 0x00, 0x00, 0x00, 0x00, 0x00, 
    0x00, 0x00, 0x00, 0x00, 0x00, 0x00, 0x00, 0x00, 0x00, 0x00, 0x00, 0x00, 0x00, 0x00, 0x00, 0x00, 
    0x00, 0x00, 0x00, 0x00, 0x00, 0x00, 0x00, 0x00, 0x00, 0x00, 0x00, 0x00, 0x00, 0x00, 0x00, 0x00, 
    0x00, 0x00, 0x00, 0x00, 0x00, 0x00, 0x00, 0x00, 0x00, 0x00, 0x00, 0x00, 0x00, 0x00, 0x00, 0x00, 
    0x00, 0x00, 0x00, 0x00, 0x00, 0x00, 0x00, 0x00, 0x00, 0x00, 0x00, 0x00, 0x00, 0x00, 0x00, 0x00, 
    0x00, 0x00, 0x00, 0x00, 0x00, 0x00, 0x00, 0x00, 0x00, 0x00, 0x00, 0x00, 0x00, 0x00, 0x00, 0x00, 
    0x00, 0x00, 0x00, 0x00, 0x00, 0x00, 0x00, 0x00, 0x00, 0x00, 0x00, 0x00, 0x00, 0x00, 0x00, 0x00, 
    0x00, 0x00, 0x00, 0x00, 0x00, 0x00, 0x00, 0x00, 0x00, 0x00, 0x00, 0x00, 0x00, 0x00, 0x00, 0x00, 
    0x00, 0x00, 0x00, 0x00, 0x00, 0x00, 0x00, 0x00, 0x00, 0x00, 0x00, 0x00, 0x00, 0x00, 0x00, 0x00, 
    0x00, 0x00, 0x00, 0x00, 0x00, 0x00, 0x00, 0x00, 0x00, 0x00, 0x00, 0x00, 0x00, 0x00, 0x00, 0x00, 
    0x00, 0x00, 0x00, 0x00, 0x00, 0x00, 0x00, 0x00, 0x00, 0x00, 0x00, 0x00, 0x00, 0x00, 0x00, 0x00, 
    0x00, 0x00, 0x00, 0x00, 0x00, 0x00, 0x00, 0x00, 0x00, 0x00, 0x00, 0x00, 0x00, 0x00, 0x00, 0x00, 
    0x00, 0x00, 0x00, 0x00, 0x00, 0x00, 0x00, 0x00, 0x00, 0x00, 0x00, 0x00, 0x00, 0x00, 0x00, 0x00, 
    0x00, 0x00, 0x00, 0x00, 0x00, 0x00, 0x00, 0x00, 0x00, 0x00, 0x00, 0x00, 0x00, 0x00, 0x00, 0x00, 
    0x00, 0x00, 0x00, 0x00, 0x00, 0x00, 0x00, 0x00, 0x00, 0x00, 0x00, 0x00, 0x00, 0x00, 0x00, 0x00, 
    0x00, 0x00, 0x00, 0x00, 0x00, 0x00, 0x00, 0x00, 0x00, 0x00, 0x00, 0x00, 0x00, 0x00, 0x00, 0x00, 
    0x00, 0x00, 0x00, 0x00, 0x00, 0x00, 0x00, 0x00, 0x00, 0x00, 0x00, 0x00, 0x00, 0x00, 0x00, 0x00, 
    0x00, 0x00, 0x00, 0x00, 0x00, 0x00, 0x00, 0x00, 0x00, 0x00, 0x00, 0x00, 0x00, 0x00, 0x00, 0x00, 
    0x00, 0x00, 0x00, 0x00, 0x00, 0x00, 0x00, 0x00, 0x00, 0x00, 0x00, 0x00, 0x00, 0x00, 0x00, 0x00, 
    0x00, 0x00, 0x00, 0x00, 0x00, 0x00, 0x00, 0x00, 0x00, 0x00, 0x00, 0x00, 0x00, 0x00, 0x00, 0x00, 
    0x00, 0x00, 0x00, 0x00, 0x00, 0x00, 0x00, 0x00, 0x00, 0x00, 0x00, 0x00, 0x00, 0x00, 0x00, 0x00, 
    0x00, 0x00, 0x00, 0x00, 0x00, 0x00, 0x00, 0x00, 0x00, 0x00, 0x00, 0x00, 0x00, 0x00, 0x00, 0x00, 
    0x00, 0x00, 0x00, 0x00, 0x00, 0x00, 0x00, 0x00, 0x00, 0x00, 0x00, 0x00, 0x00, 0x00, 0x00, 0x00, 
    0x00, 0x00, 0x00, 0x00, 0x00, 0x00, 0x00, 0x00, 0x00, 0x00, 0x00, 0x00, 0x00, 0x00, 0x00, 0x00, 
    0x00, 0x00, 0x00, 0x00, 0x00, 0x00, 0x00, 0x00, 0x00, 0x00, 0x00, 0x00, 0x00, 0x00, 0x00, 0x00, 
    0x00, 0x00, 0x00, 0x00, 0x00, 0x00, 0x00, 0x00, 0x00, 0x00, 0x00, 0x00, 0x00, 0x00, 0x00, 0x00, 
    0x00, 0x00, 0x00, 0x00, 0x00, 0x00, 0x00, 0x00, 0x00, 0x00, 0x00, 0x00, 0x00, 0x00, 0x00, 0x00, 
    0x00, 0x00, 0x00, 0x00, 0x00, 0x00, 0x00, 0x00, 0x00, 0x00, 0x00, 0x00, 0x00, 0x00, 0x00, 0x00, 
    0x00, 0x00, 0x00, 0x00, 0x00, 0x00, 0x00, 0x00, 0x00, 0x00, 0x00, 0x00, 0x00, 0x00, 0x00, 0x00, 
    0x00, 0x00, 0x00, 0x00, 0x00, 0x00, 0x00, 0x00, 0x00, 0x00, 0x00, 0x00, 0x00, 0x00, 0x00, 0x00, 
    0x00, 0x00, 0x00, 0x00, 0x00, 0x00, 0x00, 0x00, 0x00, 0x00, 0x00, 0x00, 0x00, 0x00, 0x00, 0x00, 
    0x00, 0x00, 0x00, 0x00, 0x00, 0x00, 0x00, 0x00, 0x00, 0x00, 0x00, 0x00, 0x00, 0x00, 0x00, 0x00, 
    0x00, 0x00, 0x00, 0x00, 0x00, 0x00, 0x00, 0x00, 0x00, 0x00, 0x00, 0x00, 0x00, 0x00, 0x00, 0x00, 
    0x00, 0x00, 0x00, 0x00, 0x00, 0x00, 0x00, 0x00, 0x00, 0x00, 0x00, 0x00, 0x00, 0x00, 0x00, 0x00, 
    0x00, 0x00, 0x00, 0x00, 0x00, 0x00, 0x00, 0x00, 0x00, 0x00, 0x00, 0x00, 0x00, 0x00, 0x00, 0x00, 
    0x00, 0x00, 0x00, 0x00, 0x00, 0x00, 0x00, 0x00, 0x00, 0x00, 0x00, 0x00, 0x00, 0x00, 0x00, 0x00, 
    0x00, 0x00, 0x00, 0x00, 0x00, 0x00, 0x00, 0x00, 0x00, 0x00, 0x00, 0x00, 0x00, 0x00, 0x00, 0x00, 
    0x00, 0x00, 0x00, 0x00, 0x00, 0x00, 0x00, 0x00, 0x00, 0x00, 0x00, 0x00, 0x00, 0x00, 0x00, 0x00, 
    0x00, 0x00, 0x00, 0x00, 0x00, 0x00, 0x00, 0x00, 0x00, 0x00, 0x00, 0x00, 0x00, 0x00, 0x00, 0x00, 
    0x00, 0x00, 0x00, 0x00, 0x00, 0x00, 0x00, 0x00, 0x00, 0x00, 0x00, 0x00, 0x00, 0x00, 0x00, 0x00, 
    0x00, 0x00, 0x00, 0x00, 0x00, 0x00, 0x00, 0x00, 0x00, 0x00, 0x00, 0x00, 0x00, 0x00, 0x00, 0x00, 
    0x00, 0x00, 0x00, 0x00, 0x00, 0x00, 0x00, 0x00, 0x00, 0x00, 0x00, 0x00, 0x00, 0x00, 0x00, 0x00, 
    0x00, 0x00, 0x00, 0x00, 0x00, 0x00, 0x00, 0x00, 0x00, 0x00, 0x00, 0x00, 0x00, 0x00, 0x00, 0x00, 
    0x00, 0x00, 0x00, 0x00, 0x00, 0x00, 0x00, 0x00, 0x00, 0x00, 0x00, 0x00, 0x00, 0x00, 0x00, 0x00, 
    0x00, 0x00, 0x00, 0x00, 0x00, 0x00, 0x00, 0x00, 0x00, 0x00, 0x00, 0x00, 0x00, 0x00, 0x00, 0x00, 
    0x00, 0x00, 0x00, 0x00, 0x00, 0x00, 0x00, 0x00, 0x00, 0x00, 0x00, 0x00, 0x00, 0x00, 0x00, 0x00, 
    0x00, 0x00, 0x00, 0x00, 0x00, 0x00, 0x00, 0x00, 0x00, 0x00, 0x00, 0x00, 0x00, 0x00, 0x00, 0x00, 
    0x00, 0x00, 0x00, 0x00, 0x00, 0x00, 0x00, 0x00, 0x00, 0x00, 0x00, 0x00, 0x00, 0x00, 0x00, 0x00, 
    0x00, 0x00, 0x00, 0x00, 0x00, 0x00, 0x00, 0x00, 0x00, 0x00, 0x00, 0x00, 0x00, 0x00, 0x00, 0x00, 
    0x00, 0x00, 0x00, 0x00, 0x00, 0x00, 0x00, 0x00, 0x00, 0x00, 0x00, 0x00, 0x00, 0x00, 0x00, 0x00, 
    0x00, 0x00, 0x00, 0x00, 0x00, 0x00, 0x00, 0x00, 0x00, 0x00, 0x00, 0x00, 0x00, 0x00, 0x00, 0x00, 
    0x00, 0x00, 0x00, 0x00, 0x00, 0x00, 0x00, 0x00, 0x00, 0x00, 0x00, 0x00, 0x00, 0x00, 0x00, 0x00, 
    0x00, 0x00, 0x00, 0x00, 0x00, 0x00, 0x00, 0x00, 0x00, 0x00, 0x00, 0x00, 0x00, 0x00, 0x00, 0x00, 
    0x00, 0x00, 0x00, 0x00, 0x00, 0x00, 0x00, 0x00, 0x00, 0x00, 0x00, 0x00, 0x00, 0x00, 0x00, 0x00, 
    0x00, 0x00, 0x00, 0x00, 0x00, 0x00, 0x00, 0x00, 0x00, 0x00, 0x00, 0x00, 0x00, 0x00, 0x00, 0x00, 
    0x00, 0x00, 0x00, 0x00, 0x00, 0x00, 0x00, 0x00, 0x00, 0x00, 0x00, 0x00, 0x00, 0x00, 0x00, 0x00, 
    0x00, 0x00, 0x00, 0x00, 0x00, 0x00, 0x00, 0x00, 0x00, 0x00, 0x00, 0x00, 0x00, 0x00, 0x00, 0x00, 
    0x00, 0x00, 0x00, 0x00, 0x00, 0x00, 0x00, 0x00, 0x00, 0x00, 0x00, 0x00, 0x00, 0x00, 0x00, 0x00, 
    0x00, 0x00, 0x00, 0x00, 0x00, 0x00, 0x00, 0x00, 0x00, 0x00, 0x00, 0x00, 0x00, 0x00, 0x00, 0x00, 
    0x00, 0x00, 0x00, 0x00, 0x00, 0x00, 0x00, 0x00, 0x00, 0x00, 0x00, 0x00, 0x00, 0x00, 0x00, 0x00, 
    0x00, 0x00, 0x00, 0x00, 0x00, 0x00, 0x00, 0x00, 0x00, 0x00, 0x00, 0x00, 0x00, 0x00, 0x00, 0x00, 
    0x00, 0x00, 0x00, 0x00, 0x00, 0x00, 0x00, 0x00, 0x00, 0x00, 0x00, 0x00, 0x00, 0x00, 0x00, 0x00, 
    0x00, 0x00, 0x00, 0x00, 0x00, 0x00, 0x00, 0x00, 0x00, 0x00, 0x00, 0x00, 0x00, 0x00, 0x00, 0x00, 
    0x00, 0x00, 0x00, 0x00, 0x00, 0x00, 0x00, 0x00, 0x00, 0x00, 0x00, 0x00, 0x00, 0x00, 0x00, 0x00, 
    0x00, 0x00, 0x00, 0x00, 0x00, 0x00, 0x00, 0x00, 0x00, 0x00, 0x00, 0x00, 0x00, 0x00, 0x00, 0x00, 
    0x00, 0x00, 0x00, 0x00, 0x00, 0x00, 0x00, 0x00, 0x00, 0x00, 0x00, 0x00, 0x00, 0x00, 0x00, 0x00, 
    0x00, 0x00, 0x00, 0x00, 0x00, 0x00, 0x00, 0x00, 0x00, 0x00, 0x00, 0x00, 0x00, 0x00, 0x00, 0x00, 
    0x00, 0x00, 0x00, 0x00, 0x00, 0x00, 0x00, 0x00, 0x00, 0x00, 0x00, 0x00, 0x00, 0x00, 0x00, 0x00, 
    0x00, 0x00, 0x00, 0x00, 0x00, 0x00, 0x00, 0x00, 0x00, 0x00, 0x00, 0x00, 0x00, 0x00, 0x00, 0x00, 
    0x00, 0x00, 0x00, 0x00, 0x00, 0x00, 0x00, 0x00, 0x00, 0x00, 0x00, 0x00, 0x00, 0x00, 0x00, 0x00, 
    0x00, 0x00, 0x00, 0x00, 0x00, 0x00, 0x00, 0x00, 0x00, 0x00, 0x00, 0x00, 0x00, 0x00, 0x00, 0x00, 
    0x00, 0x00, 0x00, 0x00, 0x00, 0x00, 0x00, 0x00, 0x00, 0x00, 0x00, 0x00, 0x00, 0x00, 0x00, 0x00, 
    0x00, 0x00, 0x00, 0x00, 0x00, 0x00, 0x00, 0x00, 0x00, 0x00, 0x00, 0x00, 0x00, 0x00, 0x00, 0x00, 
    0x00, 0x00, 0x00, 0x00, 0x00, 0x00, 0x00, 0x00, 0x00, 0x00, 0x00, 0x00, 0x00, 0x00, 0x00, 0x00, 
    0x00, 0x00, 0x00, 0x00, 0x00, 0x00, 0x00, 0x00, 0x00, 0x00, 0x00, 0x00, 0x00, 0x00, 0x00, 0x00, 
    0x00, 0x00, 0x00, 0x00, 0x00, 0x00, 0x00, 0x00, 0x00, 0x00, 0x00, 0x00, 0x00, 0x00, 0x00, 0x00, 
    0x00, 0x00, 0x00, 0x00, 0x00, 0x00, 0x00, 0x00, 0x00, 0x00, 0x00, 0x00, 0x00, 0x00, 0x00, 0x00, 
    0x00, 0x00, 0x00, 0x00, 0x00, 0x00, 0x00, 0x00, 0x00, 0x00, 0x00, 0x00, 0x00, 0x00, 0x00, 0x00, 
    0x00, 0x00, 0x00, 0x00, 0x00, 0x00, 0x00, 0x00, 0x00, 0x00, 0x00, 0x00, 0x00, 0x00, 0x00, 0x00, 
    0x00, 0x00, 0x00, 0x00, 0x00, 0x00, 0x00, 0x00, 0x00, 0x00, 0x00, 0x00, 0x00, 0x00, 0x00, 0x00, 
    0x00, 0x00, 0x00, 0x00, 0x00, 0x00, 0x00, 0x00, 0x00, 0x00, 0x00, 0x00, 0x00, 0x00, 0x00, 0x00, 
    0x00, 0x00, 0x00, 0x00, 0x00, 0x00, 0x00, 0x00, 0x00, 0x00, 0x00, 0x00, 0x00, 0x00, 0x00, 0x00, 
    0x00, 0x00, 0x00, 0x00, 0x00, 0x00, 0x00, 0x00, 0x00, 0x00, 0x00, 0x00, 0x00, 0x00, 0x00, 0x00, 
    0x00, 0x00, 0x00, 0x00, 0x00, 0x00, 0x00, 0x00, 0x00, 0x00, 0x00, 0x00, 0x00, 0x00, 0x00, 0x00, 
    0x00, 0x00, 0x00, 0x00, 0x00, 0x00, 0x00, 0x00, 0x00, 0x00, 0x00, 0x00, 0x00, 0x00, 0x00, 0x00, 
    0x00, 0x00, 0x00, 0x00, 0x00, 0x00, 0x00, 0x00, 0x00, 0x00, 0x00, 0x00, 0x00, 0x00, 0x00, 0x00, 
    0x00, 0x00, 0x00, 0x00, 0x00, 0x00, 0x00, 0x00, 0x00, 0x00, 0x00, 0x00, 0x00, 0x00, 0x00, 0x00, 
    0x00, 0x00, 0x00, 0x00, 0x00, 0x00, 0x00, 0x00, 0x00, 0x00, 0x00, 0x00, 0x00, 0x00, 0x00, 0x00, 
    0x00, 0x00, 0x00, 0x00, 0x00, 0x00, 0x00, 0x00, 0x00, 0x00, 0x00, 0x00, 0x00, 0x00, 0x00, 0x00, 
    0x00, 0x00, 0x00, 0x00, 0x00, 0x00, 0x00, 0x00, 0x00, 0x00, 0x00, 0x00, 0x00, 0x00, 0x00, 0x00, 
    0x00, 0x00, 0x00, 0x00, 0x00, 0x00, 0x00, 0x00, 0x00, 0x00, 0x00, 0x00, 0x00, 0x00, 0x00, 0x00, 
    0x00, 0x00, 0x00, 0x00, 0x00, 0x00, 0x00, 0x00, 0x00, 0x00, 0x00, 0x00, 0x00, 0x00, 0x00, 0x00, 
    0x00, 0x00, 0x00, 0x00, 0x00, 0x00, 0x00, 0x00, 0x00, 0x00, 0x00, 0x00, 0x00, 0x00, 0x00, 0x00, 
    0x00, 0x00, 0x00, 0x00, 0x00, 0x00, 0x00, 0x00, 0x00, 0x00, 0x00, 0x00, 0x00, 0x00, 0x00, 0x00, 
    0x00, 0x00, 0x00, 0x00, 0x00, 0x00, 0x00, 0x00, 0x00, 0x00, 0x00, 0x00, 0x00, 0x00, 0x00, 0x00, 
    0x00, 0x00, 0x00, 0x00, 0x00, 0x00, 0x00, 0x00, 0x00, 0x00, 0x00, 0x00, 0x00, 0x00, 0x00, 0x00, 
    0x00, 0x00, 0x00, 0x00, 0x00, 0x00, 0x00, 0x00, 0x00, 0x00, 0x00, 0x00, 0x00, 0x00, 0x00, 0x00, 
    0x00, 0x00, 0x00, 0x00, 0x00, 0x00, 0x00, 0x00, 0x00, 0x00, 0x00, 0x00, 0x00, 0x00, 0x00, 0x00, 
    0x00, 0x00, 0x00, 0x00, 0x00, 0x00, 0x00, 0x00, 0x00, 0x00, 0x00, 0x00, 0x00, 0x00, 0x00, 0x00, 
    0x00, 0x00, 0x00, 0x00, 0x00, 0x00, 0x00, 0x00, 0x00, 0x00, 0x00, 0x00, 0x00, 0x00, 0x00, 0x00, 
    0x00, 0x00, 0x00, 0x00, 0x00, 0x00, 0x00, 0x00, 0x00, 0x00, 0x00, 0x00, 0x00, 0x00, 0x00, 0x00, 
    0x00, 0x00, 0x00, 0x00, 0x00, 0x00, 0x00, 0x00, 0x00, 0x00, 0x00, 0x00, 0x00, 0x00, 0x00, 0x00, 
    0x00, 0x00, 0x00, 0x00, 0x00, 0x00, 0x00, 0x00, 0x00, 0x00, 0x00, 0x00, 0x00, 0x00, 0x00, 0x00, 
    0x00, 0x00, 0x00, 0x00, 0x00, 0x00, 0x00, 0x00, 0x00, 0x00, 0x00, 0x00, 0x00, 0x00, 0x00, 0x00, 
    0x00, 0x00, 0x00, 0x00, 0x00, 0x00, 0x00, 0x00, 0x00, 0x00, 0x00, 0x00, 0x00, 0x00, 0x00, 0x00, 
    0x00, 0x00, 0x00, 0x00, 0x00, 0x00, 0x00, 0x00, 0x00, 0x00, 0x00, 0x00, 0x00, 0x00, 0x00, 0x00, 
    0x00, 0x00, 0x00, 0x00, 0x00, 0x00, 0x00, 0x00, 0x00, 0x00, 0x00, 0x00, 0x00, 0x00, 0x00, 0x00, 
    0x00, 0x00, 0x00, 0x00, 0x00, 0x00, 0x00, 0x00, 0x00, 0x00, 0x00, 0x00, 0x00, 0x00, 0x00, 0x00, 
    0x00, 0x00, 0x00, 0x00, 0x00, 0x00, 0x00, 0x00, 0x00, 0x00, 0x00, 0x00, 0x00, 0x00, 0x00, 0x00, 
    0x00, 0x00, 0x00, 0x00, 0x00, 0x00, 0x00, 0x00, 0x00, 0x00, 0x00, 0x00, 0x00, 0x00, 0x00, 0x00, 
    0x00, 0x00, 0x00, 0x00, 0x00, 0x00, 0x00, 0x00, 0x00, 0x00, 0x00, 0x00, 0x00, 0x00, 0x00, 0x00, 
    0x00, 0x00, 0x00, 0x00, 0x00, 0x00, 0x00, 0x00, 0x00, 0x00, 0x00, 0x00, 0x00, 0x00, 0x00, 0x00, 
    0x00, 0x00, 0x00, 0x00, 0x00, 0x00, 0x00, 0x00, 0x00, 0x00, 0x00, 0x00, 0x00, 0x00, 0x00, 0x00, 
    0x00, 0x00, 0x00, 0x00, 0x00, 0x00, 0x00, 0x00, 0x00, 0x00, 0x00, 0x00, 0x00, 0x00, 0x00, 0x00, 
    0x00, 0x00, 0x00, 0x00, 0x00, 0x00, 0x00, 0x00, 0x00, 0x00, 0x00, 0x00, 0x00, 0x00, 0x00, 0x00, 
    0x00, 0x00, 0x00, 0x00, 0x00, 0x00, 0x00, 0x00, 0x00, 0x00, 0x00, 0x00, 0x00, 0x00, 0x00, 0x00, 
    0x00, 0x00, 0x00, 0x00, 0x00, 0x00, 0x00, 0x00, 0x00, 0x00, 0x00, 0x00, 0x00, 0x00, 0x00, 0x00, 
    0x00, 0x00, 0x00, 0x00, 0x00, 0x00, 0x00, 0x00, 0x00, 0x00, 0x00, 0x00, 0x00, 0x00, 0x00, 0x00, 
    0x00, 0x00, 0x00, 0x00, 0x00, 0x00, 0x00, 0x00, 0x00, 0x00, 0x00, 0x00, 0x00, 0x00, 0x00, 0x00, 
    0x00, 0x00, 0x00, 0x00, 0x00, 0x00, 0x00, 0x00, 0x00, 0x00, 0x00, 0x00, 0x00, 0x00, 0x00, 0x00, 
    0x00, 0x00, 0x00, 0x00, 0x00, 0x00, 0x00, 0x00, 0x00, 0x00, 0x00, 0x00, 0x00, 0x00, 0x00, 0x00, 
    0x00, 0x00, 0x00, 0x00, 0x00, 0x00, 0x00, 0x00, 0x00, 0x00, 0x00, 0x00, 0x00, 0x00, 0x00, 0x00, 
    0x00, 0x00, 0x00, 0x00, 0x00, 0x00, 0x00, 0x00, 0x00, 0x00, 0x00, 0x00, 0x00, 0x00, 0x00, 0x00, 
    0x00, 0x00, 0x00, 0x00, 0x00, 0x00, 0x00, 0x00, 0x00, 0x00, 0x00, 0x00, 0x00, 0x00, 0x00, 0x00, 
    0x00, 0x00, 0x00, 0x00, 0x00, 0x00, 0x00, 0x00, 0x00, 0x00, 0x00, 0x00, 0x00, 0x00, 0x00, 0x00, 
    0x00, 0x00, 0x00, 0x00, 0x00, 0x00, 0x00, 0x00, 0x00, 0x00, 0x00, 0x00, 0x00, 0x00, 0x00, 0x00, 
    0x00, 0x00, 0x00, 0x00, 0x00, 0x00, 0x00, 0x00, 0x00, 0x00, 0x00, 0x00, 0x00, 0x00, 0x00, 0x00, 
    0x00, 0x00, 0x00, 0x00, 0x00, 0x00, 0x00, 0x00, 0x00, 0x00, 0x00, 0x00, 0x00, 0x00, 0x00, 0x00, 
    0x00, 0x00, 0x00, 0x00, 0x00, 0x00, 0x00, 0x00, 0x00, 0x00, 0x00, 0x00, 0x00, 0x00, 0x00, 0x00, 
    0x00, 0x00, 0x00, 0x00, 0x00, 0x00, 0x00, 0x00, 0x00, 0x00, 0x00, 0x00, 0x00, 0x00, 0x00, 0x00, 
    0x00, 0x00, 0x00, 0x00, 0x00, 0x00, 0x00, 0x00, 0x00, 0x00, 0x00, 0x00, 0x00, 0x00, 0x00, 0x00, 
    0x00, 0x00, 0x00, 0x00, 0x00, 0x00, 0x00, 0x00, 0x00, 0x00, 0x00, 0x00, 0x00, 0x00, 0x00, 0x00, 
    0x00, 0x00, 0x00, 0x00, 0x00, 0x00, 0x00, 0x00, 0x00, 0x00, 0x00, 0x00, 0x00, 0x00, 0x00, 0x00, 
    0x00, 0x00, 0x00, 0x00, 0x00, 0x00, 0x00, 0x00, 0x00, 0x00, 0x00, 0x00, 0x00, 0x00, 0x00, 0x00, 
    0x00, 0x00, 0x00, 0x00, 0x00, 0x00, 0x00, 0x00, 0x00, 0x00, 0x00, 0x00, 0x00, 0x00, 0x00, 0x00, 
    0x00, 0x00, 0x00, 0x00, 0x00, 0x00, 0x00, 0x00, 0x00, 0x00, 0x00, 0x00, 0x00, 0x00, 0x00, 0x00, 
    0x00, 0x00, 0x00, 0x00, 0x00, 0x00, 0x00, 0x00, 0x00, 0x00, 0x00, 0x00, 0x00, 0x00, 0x00, 0x00, 
    0x00, 0x00, 0x00, 0x00, 0x00, 0x00, 0x00, 0x00, 0x00, 0x00, 0x00, 0x00, 0x00, 0x00, 0x00, 0x00, 
    0x00, 0x00, 0x00, 0x00, 0x00, 0x00, 0x00, 0x00, 0x00, 0x00, 0x00, 0x00, 0x00, 0x00, 0x00, 0x00, 
    0x00, 0x00, 0x00, 0x00, 0x00, 0x00, 0x00, 0x00, 0x00, 0x00, 0x00, 0x00, 0x00, 0x00, 0x00, 0x00, 
    0x00, 0x00, 0x00, 0x00, 0x00, 0x00, 0x00, 0x00, 0x00, 0x00, 0x00, 0x00, 0x00, 0x00, 0x00, 0x00, 
    0x00, 0x00, 0x00, 0x00, 0x00, 0x00, 0x00, 0x00, 0x00, 0x00, 0x00, 0x00, 0x00, 0x00, 0x00, 0x00, 
    0x00, 0x00, 0x00, 0x00, 0x00, 0x00, 0x00, 0x00, 0x00, 0x00, 0x00, 0x00, 0x00, 0x00, 0x00, 0x00, 
    0x00, 0x00, 0x00, 0x00, 0x00, 0x00, 0x00, 0x00, 0x00, 0x00, 0x00, 0x00, 0x00, 0x00, 0x00, 0x00, 
    0x00, 0x00, 0x00, 0x00, 0x00, 0x00, 0x00, 0x00, 0x00, 0x00, 0x00, 0x00, 0x00, 0x00, 0x00, 0x00, 
    0x00, 0x00, 0x00, 0x00, 0x00, 0x00, 0x00, 0x00, 0x00, 0x00, 0x00, 0x00, 0x00, 0x00, 0x00, 0x00, 
    0x00, 0x00, 0x00, 0x00, 0x00, 0x00, 0x00, 0x00, 0x00, 0x00, 0x00, 0x00, 0x00, 0x00, 0x00, 0x00, 
    0x00, 0x00, 0x00, 0x00, 0x00, 0x00, 0x00, 0x00, 0x00, 0x00, 0x00, 0x00, 0x00, 0x00, 0x00, 0x00, 
    0x00, 0x00, 0x00, 0x00, 0x00, 0x00, 0x00, 0x00, 0x00, 0x00, 0x00, 0x00, 0x00, 0x00, 0x00, 0x00, 
    0x00, 0x00, 0x00, 0x00, 0x00, 0x00, 0x00, 0x00, 0x00, 0x00, 0x00, 0x00, 0x00, 0x00, 0x00, 0x00, 
    0x00, 0x00, 0x00, 0x00, 0x00, 0x00, 0x00, 0x00, 0x00, 0x00, 0x00, 0x00, 0x00, 0x00, 0x00, 0x00, 
    0x00, 0x00, 0x00, 0x00, 0x00, 0x00, 0x00, 0x00, 0x00, 0x00, 0x00, 0x00, 0x00, 0x00, 0x00, 0x00, 
    0x00, 0x00, 0x00, 0x00, 0x00, 0x00, 0x00, 0x00, 0x00, 0x00, 0x00, 0x00, 0x00, 0x00, 0x00, 0x00, 
    0x00, 0x00, 0x00, 0x00, 0x00, 0x00, 0x00, 0x00, 0x00, 0x00, 0x00, 0x00, 0x00, 0x00, 0x00, 0x00, 
    0x00, 0x00, 0x00, 0x00, 0x00, 0x00, 0x00, 0x00, 0x00, 0x00, 0x00, 0x00, 0x00, 0x00, 0x00, 0x00, 
    0x00, 0x00, 0x00, 0x00, 0x00, 0x00, 0x00, 0x00, 0x00, 0x00, 0x00, 0x00, 0x00, 0x00, 0x00, 0x00, 
    0x00, 0x00, 0x00, 0x00, 0x00, 0x00, 0x00, 0x00, 0x00, 0x00, 0x00, 0x00, 0x00, 0x00, 0x00, 0x00, 
    0x00, 0x00, 0x00, 0x00, 0x00, 0x00, 0x00, 0x00, 0x00, 0x00, 0x00, 0x00, 0x00, 0x00, 0x00, 0x00, 
    0x00, 0x00, 0x00, 0x00, 0x00, 0x00, 0x00, 0x00, 0x00, 0x00, 0x00, 0x00, 0x00, 0x00, 0x00, 0x00, 
    0x00, 0x00, 0x00, 0x00, 0x00, 0x00, 0x00, 0x00, 0x00, 0x00, 0x00, 0x00, 0x00, 0x00, 0x00, 0x00, 
    0x00, 0x00, 0x00, 0x00, 0x00, 0x00, 0x00, 0x00, 0x00, 0x00, 0x00, 0x00, 0x00, 0x00, 0x00, 0x00, 
    0x00, 0x00, 0x00, 0x00, 0x00, 0x00, 0x00, 0x00, 0x00, 0x00, 0x00, 0x00, 0x00, 0x00, 0x00, 0x00, 
    0x00, 0x00, 0x00, 0x00, 0x00, 0x00, 0x00, 0x00, 0x00, 0x00, 0x00, 0x00, 0x00, 0x00, 0x00, 0x00, 
    0x00, 0x00, 0x00, 0x00, 0x00, 0x00, 0x00, 0x00, 0x00, 0x00, 0x00, 0x00, 0x00, 0x00, 0x00, 0x00, 
    0x00, 0x00, 0x00, 0x00, 0x00, 0x00, 0x00, 0x00, 0x00, 0x00, 0x00, 0x00, 0x00, 0x00, 0x00, 0x00, 
    0x00, 0x00, 0x00, 0x00, 0x00, 0x00, 0x00, 0x00, 0x00, 0x00, 0x00, 0x00, 0x00, 0x00, 0x00, 0x00, 
    0x00, 0x00, 0x00, 0x00, 0x00, 0x00, 0x00, 0x00, 0x00, 0x00, 0x00, 0x00, 0x00, 0x00, 0x00, 0x00, 
    0x00, 0x00, 0x00, 0x00, 0x00, 0x00, 0x00, 0x00, 0x00, 0x00, 0x00, 0x00, 0x00, 0x00, 0x00, 0x00, 
    0x00, 0x00, 0x00, 0x00, 0x00, 0x00, 0x00, 0x00, 0x00, 0x00, 0x00, 0x00, 0x00, 0x00, 0x00, 0x00, 
    0x00, 0x00, 0x00, 0x00, 0x00, 0x00, 0x00, 0x00, 0x00, 0x00, 0x00, 0x00, 0x00, 0x00, 0x00, 0x00, 
    0x00, 0x00, 0x00, 0x00, 0x00, 0x00, 0x00, 0x00, 0x00, 0x00, 0x00, 0x00, 0x00, 0x00, 0x00, 0x00, 
    0x00, 0x00, 0x00, 0x00, 0x00, 0x00, 0x00, 0x00, 0x00, 0x00, 0x00, 0x00, 0x00, 0x00, 0x00, 0x00, 
    0x00, 0x00, 0x00, 0x00, 0x00, 0x00, 0x00, 0x00, 0x00, 0x00, 0x00, 0x00, 0x00, 0x00, 0x00, 0x00, 
    0x00, 0x00, 0x00, 0x00, 0x00, 0x00, 0x00, 0x00, 0x00, 0x00, 0x00, 0x00, 0x00, 0x00, 0x00, 0x00, 
    0x00, 0x00, 0x00, 0x00, 0x00, 0x00, 0x00, 0x00, 0x00, 0x00, 0x00, 0x00, 0x00, 0x00, 0x00, 0x00, 
    0x00, 0x00, 0x00, 0x00, 0x00, 0x00, 0x00, 0x00, 0x00, 0x00, 0x00, 0x00, 0x00, 0x00, 0x00, 0x00, 
    0x00, 0x00, 0x00, 0x00, 0x00, 0x00, 0x00, 0x00, 0x00, 0x00, 0x00, 0x00, 0x00, 0x00, 0x00, 0x00, 
    0x00, 0x00, 0x00, 0x00, 0x00, 0x00, 0x00, 0x00, 0x00, 0x00, 0x00, 0x00, 0x00, 0x00, 0x00, 0x00, 
    0x00, 0x00, 0x00, 0x00, 0x00, 0x00, 0x00, 0x00, 0x00, 0x00, 0x00, 0x00, 0x00, 0x00, 0x00, 0x00, 
    0x00, 0x00, 0x00, 0x00, 0x00, 0x00, 0x00, 0x00, 0x00, 0x00, 0x00, 0x00, 0x00, 0x00, 0x00, 0x00, 
    0x00, 0x00, 0x00, 0x00, 0x00, 0x00, 0x00, 0x00, 0x00, 0x00, 0x00, 0x00, 0x00, 0x00, 0x00, 0x00, 
    0x00, 0x00, 0x00, 0x00, 0x00, 0x00, 0x00, 0x00, 0x00, 0x00, 0x00, 0x00, 0x00, 0x00, 0x00, 0x00, 
    0x00, 0x00, 0x00, 0x00, 0x00, 0x00, 0x00, 0x00, 0x00, 0x00, 0x00, 0x00, 0x00, 0x00, 0x00, 0x00, 
    0x00, 0x00, 0x00, 0x00, 0x00, 0x00, 0x00, 0x00, 0x00, 0x00, 0x00, 0x00, 0x00, 0x00, 0x00, 0x00, 
    0x00, 0x00, 0x00, 0x00, 0x00, 0x00, 0x00, 0x00, 0x00, 0x00, 0x00, 0x00, 0x00, 0x00, 0x00, 0x00, 
    0x00, 0x00, 0x00, 0x00, 0x00, 0x00, 0x00, 0x00, 0x00, 0x00, 0x00, 0x00, 0x00, 0x00, 0x00, 0x00, 
    0x00, 0x00, 0x00, 0x00, 0x00, 0x00, 0x00, 0x00, 0x00, 0x00, 0x00, 0x00, 0x00, 0x00, 0x00, 0x00, 
    0x00, 0x00, 0x00, 0x00, 0x00, 0x00, 0x00, 0x00, 0x00, 0x00, 0x00, 0x00, 0x00, 0x00, 0x00, 0x00, 
    0x00, 0x00, 0x00, 0x00, 0x00, 0x00, 0x00, 0x00, 0x00, 0x00, 0x00, 0x00, 0x00, 0x00, 0x00, 0x00, 
    0x00, 0x00, 0x00, 0x00, 0x00, 0x00, 0x00, 0x00, 0x00, 0x00, 0x00, 0x00, 0x00, 0x00, 0x00, 0x00, 
    0x00, 0x00, 0x00, 0x00, 0x00, 0x00, 0x00, 0x00, 0x00, 0x00, 0x00, 0x00, 0x00, 0x00, 0x00, 0x00, 
    0x00, 0x00, 0x00, 0x00, 0x00, 0x00, 0x00, 0x00, 0x00, 0x00, 0x00, 0x00, 0x00, 0x00, 0x00, 0x00, 
    0x00, 0x00, 0x00, 0x00, 0x00, 0x00, 0x00, 0x00, 0x00, 0x00, 0x00, 0x00, 0x00, 0x00, 0x00, 0x00, 
    0x00, 0x00, 0x00, 0x00, 0x00, 0x00, 0x00, 0x00, 0x00, 0x00, 0x00, 0x00, 0x00, 0x00, 0x00, 0x00, 
    0x00, 0x00, 0x00, 0x00, 0x00, 0x00, 0x00, 0x00, 0x00, 0x00, 0x00, 0x00, 0x00, 0x00, 0x00, 0x00, 
    0x00, 0x00, 0x00, 0x00, 0x00, 0x00, 0x00, 0x00, 0x00, 0x00, 0x00, 0x00, 0x00, 0x00, 0x00, 0x00, 
    0x00, 0x00, 0x00, 0x00, 0x00, 0x00, 0x00, 0x00, 0x00, 0x00, 0x00, 0x00, 0x00, 0x00, 0x00, 0x00, 
    0x00, 0x00, 0x00, 0x00, 0x00, 0x00, 0x00, 0x00, 0x00, 0x00, 0x00, 0x00, 0x00, 0x00, 0x00, 0x00, 
    0x00, 0x00, 0x00, 0x00, 0x00, 0x00, 0x00, 0x00, 0x00, 0x00, 0x00, 0x00, 0x00, 0x00, 0x00, 0x00, 
    0x00, 0x00, 0x00, 0x00, 0x00, 0x00, 0x00, 0x00, 0x00, 0x00, 0x00, 0x00, 0x00, 0x00, 0x00, 0x00, 
    0x00, 0x00, 0x00, 0x00, 0x00, 0x00, 0x00, 0x00, 0x00, 0x00, 0x00, 0x00, 0x00, 0x00, 0x00, 0x00, 
    0x00, 0x00, 0x00, 0x00, 0x00, 0x00, 0x00, 0x00, 0x00, 0x00, 0x00, 0x00, 0x00, 0x00, 0x00, 0x00, 
    0x00, 0x00, 0x00, 0x00, 0x00, 0x00, 0x00, 0x00, 0x00, 0x00, 0x00, 0x00, 0x00, 0x00, 0x00, 0x00, 
    0x00, 0x00, 0x00, 0x00, 0x00, 0x00, 0x00, 0x00, 0x00, 0x00, 0x00, 0x00, 0x00, 0x00, 0x00, 0x00, 
    0x00, 0x00, 0x00, 0x00, 0x00, 0x00, 0x00, 0x00, 0x00, 0x00, 0x00, 0x00, 0x00, 0x00, 0x00, 0x00, 
    0x00, 0x00, 0x00, 0x00, 0x00, 0x00, 0x00, 0x00, 0x00, 0x00, 0x00, 0x00, 0x00, 0x00, 0x00, 0x00, 
    0x00, 0x00, 0x00, 0x00, 0x00, 0x00, 0x00, 0x00, 0x00, 0x00, 0x00, 0x00, 0x00, 0x00, 0x00, 0x00, 
    0x00, 0x00, 0x00, 0x00, 0x00, 0x00, 0x00, 0x00, 0x00, 0x00, 0x00, 0x00, 0x00, 0x00, 0x00, 0x00, 
    0x00, 0x00, 0x00, 0x00, 0x00, 0x00, 0x00, 0x00, 0x00, 0x00, 0x00, 0x00, 0x00, 0x00, 0x00, 0x00, 
    0x00, 0x00, 0x00, 0x00, 0x00, 0x00, 0x00, 0x00, 0x00, 0x00, 0x00, 0x00, 0x00, 0x00, 0x00, 0x00, 
    0x00, 0x00, 0x00, 0x00, 0x00, 0x00, 0x00, 0x00, 0x00, 0x00, 0x00, 0x00, 0x00, 0x00, 0x00, 0x00, 
    0x00, 0x00, 0x00, 0x00, 0x00, 0x00, 0x00, 0x00, 0x00, 0x00, 0x00, 0x00, 0x00, 0x00, 0x00, 0x00, 
    0x00, 0x00, 0x00, 0x00, 0x00, 0x00, 0x00, 0x00, 0x00, 0x00, 0x00, 0x00, 0x00, 0x00, 0x00, 0x00, 
    0x00, 0x00, 0x00, 0x00, 0x00, 0x00, 0x00, 0x00, 0x00, 0x00, 0x00, 0x00, 0x00, 0x00, 0x00, 0x00, 
    0x00, 0x00, 0x00, 0x00, 0x00, 0x00, 0x00, 0x00, 0x00, 0x00, 0x00, 0x00, 0x00, 0x00, 0x00, 0x00, 
    0x00, 0x00, 0x00, 0x00, 0x00, 0x00, 0x00, 0x00, 0x00, 0x00, 0x00, 0x00, 0x00, 0x00, 0x00, 0x00, 
    0x00, 0x00, 0x00, 0x00, 0x00, 0x00, 0x00, 0x00, 0x00, 0x00, 0x00, 0x00, 0x00, 0x00, 0x00, 0x00, 
    0x00, 0x00, 0x00, 0x00, 0x00, 0x00, 0x00, 0x00, 0x00, 0x00, 0x00, 0x00, 0x00, 0x00, 0x00, 0x00, 
    0x00, 0x00, 0x00, 0x00, 0x00, 0x00, 0x00, 0x00, 0x00, 0x00, 0x00, 0x00, 0x00, 0x00, 0x00, 0x00, 
    0x00, 0x00, 0x00, 0x00, 0x00, 0x00, 0x00, 0x00, 0x00, 0x00, 0x00, 0x00, 0x00, 0x00, 0x00, 0x00, 
    0x00, 0x00, 0x00, 0x00, 0x00, 0x00, 0x00, 0x00, 0x00, 0x00, 0x00, 0x00, 0x00, 0x00, 0x00, 0x00, 
    0x00, 0x00, 0x00, 0x00, 0x00, 0x00, 0x00, 0x00, 0x00, 0x00, 0x00, 0x00, 0x00, 0x00, 0x00, 0x00, 
    0x00, 0x00, 0x00, 0x00, 0x00, 0x00, 0x00, 0x00, 0x00, 0x00, 0x00, 0x00, 0x00, 0x00, 0x00, 0x00, 
    0x00, 0x00, 0x00, 0x00, 0x00, 0x00, 0x00, 0x00, 0x00, 0x00, 0x00, 0x00, 0x00, 0x00, 0x00, 0x00, 
    0x00, 0x00, 0x00, 0x00, 0x00, 0x00, 0x00, 0x00, 0x00, 0x00, 0x00, 0x00, 0x00, 0x00, 0x00, 0x00, 
    0x00, 0x00, 0x00, 0x00, 0x00, 0x00, 0x00, 0x00, 0x00, 0x00, 0x00, 0x00, 0x00, 0x00, 0x00, 0x00, 
    0x00, 0x00, 0x00, 0x00, 0x00, 0x00, 0x00, 0x00, 0x00, 0x00, 0x00, 0x00, 0x00, 0x00, 0x00, 0x00, 
    0x00, 0x00, 0x00, 0x00, 0x00, 0x00, 0x00, 0x00, 0x00, 0x00, 0x00, 0x00, 0x00, 0x00, 0x00, 0x00, 
    0x00, 0x00, 0x00, 0x00, 0x00, 0x00, 0x00, 0x00, 0x00, 0x00, 0x00, 0x00, 0x00, 0x00, 0x00, 0x00, 
    0x00, 0x00, 0x00, 0x00, 0x00, 0x00, 0x00, 0x00, 0x00, 0x00, 0x00, 0x00, 0x00, 0x00, 0x00, 0x00, 
    0x00, 0x00, 0x00, 0x00, 0x00, 0x00, 0x00, 0x00, 0x00, 0x00, 0x00, 0x00, 0x00, 0x00, 0x00, 0x00, 
    0x00, 0x00, 0x00, 0x00, 0x00, 0x00, 0x00, 0x00, 0x00, 0x00, 0x00, 0x00, 0x00, 0x00, 0x00, 0x00, 
    0x00, 0x00, 0x00, 0x00, 0x00, 0x00, 0x00, 0x00, 0x00, 0x00, 0x00, 0x00, 0x00, 0x00, 0x00, 0x00, 
    0x00, 0x00, 0x00, 0x00, 0x00, 0x00, 0x00, 0x00, 0x00, 0x00, 0x00, 0x00, 0x00, 0x00, 0x00, 0x00, 
    0x00, 0x00, 0x00, 0x00, 0x00, 0x00, 0x00, 0x00, 0x00, 0x00, 0x00, 0x00, 0x00, 0x00, 0x00, 0x00, 
    0x00, 0x00, 0x00, 0x00, 0x00, 0x00, 0x00, 0x00, 0x00, 0x00, 0x00, 0x00, 0x00, 0x00, 0x00, 0x00, 
    0x00, 0x00, 0x00, 0x00, 0x00, 0x00, 0x00, 0x00, 0x00, 0x00, 0x00, 0x00, 0x00, 0x00, 0x00, 0x00, 
    0x00, 0x00, 0x00, 0x00, 0x00, 0x00, 0x00, 0x00, 0x00, 0x00, 0x00, 0x00, 0x00, 0x00, 0x00, 0x00, 
    0x00, 0x00, 0x00, 0x00, 0x00, 0x00, 0x00, 0x00, 0x00, 0x00, 0x00, 0x00, 0x00, 0x00, 0x00, 0x00, 
    0x00, 0x00, 0x00, 0x00, 0x00, 0x00, 0x00, 0x00, 0x00, 0x00, 0x00, 0x00, 0x00, 0x00, 0x00, 0x00, 
    0x00, 0x00, 0x00, 0x00, 0x00, 0x00, 0x00, 0x00, 0x00, 0x00, 0x00, 0x00, 0x00, 0x00, 0x00, 0x00, 
    0x00, 0x00, 0x00, 0x00, 0x00, 0x00, 0x00, 0x00, 0x00, 0x00, 0x00, 0x00, 0x00, 0x00, 0x00, 0x00, 
    0x00, 0x00, 0x00, 0x00, 0x00, 0x00, 0x00, 0x00, 0x00, 0x00, 0x00, 0x00, 0x00, 0x00, 0x00, 0x00, 
    0x00, 0x00, 0x00, 0x00, 0x00, 0x00, 0x00, 0x00, 0x00, 0x00, 0x00, 0x00, 0x00, 0x00, 0x00, 0x00, 
    0x00, 0x00, 0x00, 0x00, 0x00, 0x00, 0x00, 0x00, 0x00, 0x00, 0x00, 0x00, 0x00, 0x00, 0x00, 0x00, 
    0x00, 0x00, 0x00, 0x00, 0x00, 0x00, 0x00, 0x00, 0x00, 0x00, 0x00, 0x00, 0x00, 0x00, 0x00, 0x00, 
    0x00, 0x00, 0x00, 0x00, 0x00, 0x00, 0x00, 0x00, 0x00, 0x00, 0x00, 0x00, 0x00, 0x00, 0x00, 0x00, 
    0x00, 0x00, 0x00, 0x00, 0x00, 0x00, 0x00, 0x00, 0x00, 0x00, 0x00, 0x00, 0x00, 0x00, 0x00, 0x00, 
    0x00, 0x00, 0x00, 0x00, 0x00, 0x00, 0x00, 0x00, 0x00, 0x00, 0x00, 0x00, 0x00, 0x00, 0x00, 0x00, 
    0x00, 0x00, 0x00, 0x00, 0x00, 0x00, 0x00, 0x00, 0x00, 0x00, 0x00, 0x00, 0x00, 0x00, 0x00, 0x00, 
    0x00, 0x00, 0x00, 0x00, 0x00, 0x00, 0x00, 0x00, 0x00, 0x00, 0x00, 0x00, 0x00, 0x00, 0x00, 0x00, 
    0x00, 0x00, 0x00, 0x00, 0x00, 0x00, 0x00, 0x00, 0x00, 0x00, 0x00, 0x00, 0x00, 0x00, 0x00, 0x00, 
    0x00, 0x00, 0x00, 0x00, 0x00, 0x00, 0x00, 0x00, 0x00, 0x00, 0x00, 0x00, 0x00, 0x00, 0x00, 0x00, 
    0x00, 0x00, 0x00, 0x00, 0x00, 0x00, 0x00, 0x00, 0x00, 0x00, 0x00, 0x00, 0x00, 0x00, 0x00, 0x00, 
    0x00, 0x00, 0x00, 0x00, 0x00, 0x00, 0x00, 0x00, 0x00, 0x00, 0x00, 0x00, 0x00, 0x00, 0x00, 0x00, 
    0x00, 0x00, 0x00, 0x00, 0x00, 0x00, 0x00, 0x00, 0x00, 0x00, 0x00, 0x00, 0x00, 0x00, 0x00, 0x00, 
    0x00, 0x00, 0x00, 0x00, 0x00, 0x00, 0x00, 0x00, 0x00, 0x00, 0x00, 0x00, 0x00, 0x00, 0x00, 0x00, 
    0x00, 0x00, 0x00, 0x00, 0x00, 0x00, 0x00, 0x00, 0x00, 0x00, 0x00, 0x00, 0x00, 0x00, 0x00, 0x00, 
    0x00, 0x00, 0x00, 0x00, 0x00, 0x00, 0x00, 0x00, 0x00, 0x00, 0x00, 0x00, 0x00, 0x00, 0x00, 0x00, 
    0x00, 0x00, 0x00, 0x00, 0x00, 0x00, 0x00, 0x00, 0x00, 0x00, 0x00, 0x00, 0x00, 0x00, 0x00, 0x00, 
    0x00, 0x00, 0x00, 0x00, 0x00, 0x00, 0x00, 0x00, 0x00, 0x00, 0x00, 0x00, 0x00, 0x00, 0x00, 0x00, 
    0x00, 0x00, 0x00, 0x00, 0x00, 0x00, 0x00, 0x00, 0x00, 0x00, 0x00, 0x00, 0x00, 0x00, 0x00, 0x00, 
    0x00, 0x00, 0x00, 0x00, 0x00, 0x00, 0x00, 0x00, 0x00, 0x00, 0x00, 0x00, 0x00, 0x00, 0x00, 0x00, 
    0x00, 0x00, 0x00, 0x00, 0x00, 0x00, 0x00, 0x00, 0x00, 0x00, 0x00, 0x00, 0x00, 0x00, 0x00, 0x00, 
    0x00, 0x00, 0x00, 0x00, 0x00, 0x00, 0x00, 0x00, 0x00, 0x00, 0x00, 0x00, 0x00, 0x00, 0x00, 0x00, 
    0x00, 0x00, 0x00, 0x00, 0x00, 0x00, 0x00, 0x00, 0x00, 0x00, 0x00, 0x00, 0x00, 0x00, 0x00, 0x00, 
    0x00, 0x00, 0x00, 0x00, 0x00, 0x00, 0x00, 0x00, 0x00, 0x00, 0x00, 0x00, 0x00, 0x00, 0x00, 0x00, 
    0x00, 0x00, 0x00, 0x00, 0x00, 0x00, 0x00, 0x00, 0x00, 0x00, 0x00, 0x00, 0x00, 0x00, 0x00, 0x00, 
    0x00, 0x00, 0x00, 0x00, 0x00, 0x00, 0x00, 0x00, 0x00, 0x00, 0x00, 0x00, 0x00, 0x00, 0x00, 0x00, 
    0x00, 0x00, 0x00, 0x00, 0x00, 0x00, 0x00, 0x00, 0x00, 0x00, 0x00, 0x00, 0x00, 0x00, 0x00, 0x00, 
    0x00, 0x00, 0x00, 0x00, 0x00, 0x00, 0x00, 0x00, 0x00, 0x00, 0x00, 0x00, 0x00, 0x00, 0x00, 0x00, 
    0x00, 0x00, 0x00, 0x00, 0x00, 0x00, 0x00, 0x00, 0x00, 0x00, 0x00, 0x00, 0x00, 0x00, 0x00, 0x00, 
    0x00, 0x00, 0x00, 0x00, 0x00, 0x00, 0x00, 0x00, 0x00, 0x00, 0x00, 0x00, 0x00, 0x00, 0x00, 0x00, 
    0x00, 0x00, 0x00, 0x00, 0x00, 0x00, 0x00, 0x00, 0x00, 0x00, 0x00, 0x00, 0x00, 0x00, 0x00, 0x00, 
    0x00, 0x00, 0x00, 0x00, 0x00, 0x00, 0x00, 0x00, 0x00, 0x00, 0x00, 0x00, 0x00, 0x00, 0x00, 0x00, 
    0x00, 0x00, 0x00, 0x00, 0x00, 0x00, 0x00, 0x00, 0x00, 0x00, 0x00, 0x00, 0x00, 0x00, 0x00, 0x00, 
    0x00, 0x00, 0x00, 0x00, 0x00, 0x00, 0x00, 0x00, 0x00, 0x00, 0x00, 0x00, 0x00, 0x00, 0x00, 0x00, 
    0x00, 0x00, 0x00, 0x00, 0x00, 0x00, 0x00, 0x00, 0x00, 0x00, 0x00, 0x00, 0x00, 0x00, 0x00, 0x00, 
    0x00, 0x00, 0x00, 0x00, 0x00, 0x00, 0x00, 0x00, 0x00, 0x00, 0x00, 0x00, 0x00, 0x00, 0x00, 0x00, 
    0x00, 0x00, 0x00, 0x00, 0x00, 0x00, 0x00, 0x00, 0x00, 0x00, 0x00, 0x00, 0x00, 0x00, 0x00, 0x00, 
    0x00, 0x00, 0x00, 0x00, 0x00, 0x00, 0x00, 0x00, 0x00, 0x00, 0x00, 0x00, 0x00, 0x00, 0x00, 0x00, 
    0x00, 0x00, 0x00, 0x00, 0x00, 0x00, 0x00, 0x00, 0x00, 0x00, 0x00, 0x00, 0x00, 0x00, 0x00, 0x00, 
    0x00, 0x00, 0x00, 0x00, 0x00, 0x00, 0x00, 0x00, 0x00, 0x00, 0x00, 0x00, 0x00, 0x00, 0x00, 0x00, 
    0x00, 0x00, 0x00, 0x00, 0x00, 0x00, 0x00, 0x00, 0x00, 0x00, 0x00, 0x00, 0x00, 0x00, 0x00, 0x00, 
    0x00, 0x00, 0x00, 0x00, 0x00, 0x00, 0x00, 0x00, 0x00, 0x00, 0x00, 0x00, 0x00, 0x00, 0x00, 0x00, 
    0x00, 0x00, 0x00, 0x00, 0x00, 0x00, 0x00, 0x00, 0x00, 0x00, 0x00, 0x00, 0x00, 0x00, 0x00, 0x00, 
    0x00, 0x00, 0x00, 0x00, 0x00, 0x00, 0x00, 0x00, 0x00, 0x00, 0x00, 0x00, 0x00, 0x00, 0x00, 0x00, 
    0x00, 0x00, 0x00, 0x00, 0x00, 0x00, 0x00, 0x00, 0x00, 0x00, 0x00, 0x00, 0x00, 0x00, 0x00, 0x00, 
    0x00, 0x00, 0x00, 0x00, 0x00, 0x00, 0x00, 0x00, 0x00, 0x00, 0x00, 0x00, 0x00, 0x00, 0x00, 0x00, 
    0x00, 0x00, 0x00, 0x00, 0x00, 0x00, 0x00, 0x00, 0x00, 0x00, 0x00, 0x00, 0x00, 0x00, 0x00, 0x00, 
    0x00, 0x00, 0x00, 0x00, 0x00, 0x00, 0x00, 0x00, 0x00, 0x00, 0x00, 0x00, 0x00, 0x00, 0x00, 0x00, 
    0x00, 0x00, 0x00, 0x00, 0x00, 0x00, 0x00, 0x00, 0x00, 0x00, 0x00, 0x00, 0x00, 0x00, 0x00, 0x00, 
    0x00, 0x00, 0x00, 0x00, 0x00, 0x00, 0x00, 0x00, 0x00, 0x00, 0x00, 0x00, 0x00, 0x00, 0x00, 0x00, 
    0x00, 0x00, 0x00, 0x00, 0x00, 0x00, 0x00, 0x00, 0x00, 0x00, 0x00, 0x00, 0x00, 0x00, 0x00, 0x00, 
    0x00, 0x00, 0x00, 0x00, 0x00, 0x00, 0x00, 0x00, 0x00, 0x00, 0x00, 0x00, 0x00, 0x00, 0x00, 0x00, 
    0x00, 0x00, 0x00, 0x00, 0x00, 0x00, 0x00, 0x00, 0x00, 0x00, 0x00, 0x00, 0x00, 0x00, 0x00, 0x00, 
    0x00, 0x00, 0x00, 0x00, 0x00, 0x00, 0x00, 0x00, 0x00, 0x00, 0x00, 0x00, 0x00, 0x00, 0x00, 0x00, 
    0x00, 0x00, 0x00, 0x00, 0x00, 0x00, 0x00, 0x00, 0x00, 0x00, 0x00, 0x00, 0x00, 0x00, 0x00, 0x00, 
    0x00, 0x00, 0x00, 0x00, 0x00, 0x00, 0x00, 0x00, 0x00, 0x00, 0x00, 0x00, 0x00, 0x00, 0x00, 0x00, 
    0x00, 0x00, 0x00, 0x00, 0x00, 0x00, 0x00, 0x00, 0x00, 0x00, 0x00, 0x00, 0x00, 0x00, 0x00, 0x00, 
    0x00, 0x00, 0x00, 0x00, 0x00, 0x00, 0x00, 0x00, 0x00, 0x00, 0x00, 0x00, 0x00, 0x00, 0x00, 0x00, 
    0x00, 0x00, 0x00, 0x00, 0x00, 0x00, 0x00, 0x00, 0x00, 0x00, 0x00, 0x00, 0x00, 0x00, 0x00, 0x00, 
    0x00, 0x00, 0x00, 0x00, 0x00, 0x00, 0x00, 0x00, 0x00, 0x00, 0x00, 0x00, 0x00, 0x00, 0x00, 0x00, 
    0x00, 0x00, 0x00, 0x00, 0x00, 0x00, 0x00, 0x00, 0x00, 0x00, 0x00, 0x00, 0x00, 0x00, 0x00, 0x00, 
    0x00, 0x00, 0x00, 0x00, 0x00, 0x00, 0x00, 0x00, 0x00, 0x00, 0x00, 0x00, 0x00, 0x00, 0x00, 0x00, 
    0x00, 0x00, 0x00, 0x00, 0x00, 0x00, 0x00, 0x00, 0x00, 0x00, 0x00, 0x00, 0x00, 0x00, 0x00, 0x00, 
    0x00, 0x00, 0x00, 0x00, 0x00, 0x00, 0x00, 0x00, 0x00, 0x00, 0x00, 0x00, 0x00, 0x00, 0x00, 0x00, 
    0x00, 0x00, 0x00, 0x00, 0x00, 0x00, 0x00, 0x00, 0x00, 0x00, 0x00, 0x00, 0x00, 0x00, 0x00, 0x00, 
    0x00, 0x00, 0x00, 0x00, 0x00, 0x00, 0x00, 0x00, 0x00, 0x00, 0x00, 0x00, 0x00, 0x00, 0x00, 0x00, 
    0x00, 0x00, 0x00, 0x00, 0x00, 0x00, 0x00, 0x00, 0x00, 0x00, 0x00, 0x00, 0x00, 0x00, 0x00, 0x00, 
    0x00, 0x00, 0x00, 0x00, 0x00, 0x00, 0x00, 0x00, 0x00, 0x00, 0x00, 0x00, 0x00, 0x00, 0x00, 0x00, 
    0x00, 0x00, 0x00, 0x00, 0x00, 0x00, 0x00, 0x00, 0x00, 0x00, 0x00, 0x00, 0x00, 0x00, 0x00, 0x00, 
    0x00, 0x00, 0x00, 0x00, 0x00, 0x00, 0x00, 0x00, 0x00, 0x00, 0x00, 0x00, 0x00, 0x00, 0x00, 0x00, 
    0x00, 0x00, 0x00, 0x00, 0x00, 0x00, 0x00, 0x00, 0x00, 0x00, 0x00, 0x00, 0x00, 0x00, 0x00, 0x00, 
    0x00, 0x00, 0x00, 0x00, 0x00, 0x00, 0x00, 0x00, 0x00, 0x00, 0x00, 0x00, 0x00, 0x00, 0x00, 0x00, 
    0x00, 0x00, 0x00, 0x00, 0x00, 0x00, 0x00, 0x00, 0x00, 0x00, 0x00, 0x00, 0x00, 0x00, 0x00, 0x00, 
    0x00, 0x00, 0x00, 0x00, 0x00, 0x00, 0x00, 0x00, 0x00, 0x00, 0x00, 0x00, 0x00, 0x00, 0x00, 0x00, 
    0x00, 0x00, 0x00, 0x00, 0x00, 0x00, 0x00, 0x00, 0x00, 0x00, 0x00, 0x00, 0x00, 0x00, 0x00, 0x00, 
    0x00, 0x00, 0x00, 0x00, 0x00, 0x00, 0x00, 0x00, 0x00, 0x00, 0x00, 0x00, 0x00, 0x00, 0x00, 0x00, 
    0x00, 0x00, 0x00, 0x00, 0x00, 0x00, 0x00, 0x00, 0x00, 0x00, 0x00, 0x00, 0x00, 0x00, 0x00, 0x00, 
    0x00, 0x00, 0x00, 0x00, 0x00, 0x00, 0x00, 0x00, 0x00, 0x00, 0x00, 0x00, 0x00, 0x00, 0x00, 0x00, 
    0x00, 0x00, 0x00, 0x00, 0x00, 0x00, 0x00, 0x00, 0x00, 0x00, 0x00, 0x00, 0x00, 0x00, 0x00, 0x00, 
    0x00, 0x00, 0x00, 0x00, 0x00, 0x00, 0x00, 0x00, 0x00, 0x00, 0x00, 0x00, 0x00, 0x00, 0x00, 0x00, 
    0x00, 0x00, 0x00, 0x00, 0x00, 0x00, 0x00, 0x00, 0x00, 0x00, 0x00, 0x00, 0x00, 0x00, 0x00, 0x00, 
    0x00, 0x00, 0x00, 0x00, 0x00, 0x00, 0x00, 0x00, 0x00, 0x00, 0x00, 0x00, 0x00, 0x00, 0x00, 0x00, 
    0x00, 0x00, 0x00, 0x00, 0x00, 0x00, 0x00, 0x00, 0x00, 0x00, 0x00, 0x00, 0x00, 0x00, 0x00, 0x00, 
    0x00, 0x00, 0x00, 0x00, 0x00, 0x00, 0x00, 0x00, 0x00, 0x00, 0x00, 0x00, 0x00, 0x00, 0x00, 0x00, 
    0x00, 0x00, 0x00, 0x00, 0x00, 0x00, 0x00, 0x00, 0x00, 0x00, 0x00, 0x00, 0x00, 0x00, 0x00, 0x00, 
    0x00, 0x00, 0x00, 0x00, 0x00, 0x00, 0x00, 0x00, 0x00, 0x00, 0x00, 0x00, 0x00, 0x00, 0x00, 0x00, 
    0x00, 0x00, 0x00, 0x00, 0x00, 0x00, 0x00, 0x00, 0x00, 0x00, 0x00, 0x00, 0x00, 0x00, 0x00, 0x00, 
    0x00, 0x00, 0x00, 0x00, 0x00, 0x00, 0x00, 0x00, 0x00, 0x00, 0x00, 0x00, 0x00, 0x00, 0x00, 0x00, 
    0x00, 0x00, 0x00, 0x00, 0x00, 0x00, 0x00, 0x00, 0x00, 0x00, 0x00, 0x00, 0x00, 0x00, 0x00, 0x00, 
    0x00, 0x00, 0x00, 0x00, 0x00, 0x00, 0x00, 0x00, 0x00, 0x00, 0x00, 0x00, 0x00, 0x00, 0x00, 0x00, 
    0x00, 0x00, 0x00, 0x00, 0x00, 0x00, 0x00, 0x00, 0x00, 0x00, 0x00, 0x00, 0x00, 0x00, 0x00, 0x00, 
    0x00, 0x00, 0x00, 0x00, 0x00, 0x00, 0x00, 0x00, 0x00, 0x00, 0x00, 0x00, 0x00, 0x00, 0x00, 0x00, 
    0x00, 0x00, 0x00, 0x00, 0x00, 0x00, 0x00, 0x00, 0x00, 0x00, 0x00, 0x00, 0x00, 0x00, 0x00, 0x00, 
    0x00, 0x00, 0x00, 0x00, 0x00, 0x00, 0x00, 0x00, 0x00, 0x00, 0x00, 0x00, 0x00, 0x00, 0x00, 0x00, 
    0x00, 0x00, 0x00, 0x00, 0x00, 0x00, 0x00, 0x00, 0x00, 0x00, 0x00, 0x00, 0x00, 0x00, 0x00, 0x00, 
    0x00, 0x00, 0x00, 0x00, 0x00, 0x00, 0x00, 0x00, 0x00, 0x00, 0x00, 0x00, 0x00, 0x00, 0x00, 0x00, 
    0x00, 0x00, 0x00, 0x00, 0x00, 0x00, 0x00, 0x00, 0x00, 0x00, 0x00, 0x00, 0x00, 0x00, 0x00, 0x00, 
    0x00, 0x00, 0x00, 0x00, 0x00, 0x00, 0x00, 0x00, 0x00, 0x00, 0x00, 0x00, 0x00, 0x00, 0x00, 0x00, 
    0x00, 0x00, 0x00, 0x00, 0x00, 0x00, 0x00, 0x00, 0x00, 0x00, 0x00, 0x00, 0x00, 0x00, 0x00, 0x00, 
    0x00, 0x00, 0x00, 0x00, 0x00, 0x00, 0x00, 0x00, 0x00, 0x00, 0x00, 0x00, 0x00, 0x00, 0x00, 0x00, 
    0x00, 0x00, 0x00, 0x00, 0x00, 0x00, 0x00, 0x00, 0x00, 0x00, 0x00, 0x00, 0x00, 0x00, 0x00, 0x00, 
    0x00, 0x00, 0x00, 0x00, 0x00, 0x00, 0x00, 0x00, 0x00, 0x00, 0x00, 0x00, 0x00, 0x00, 0x00, 0x00, 
    0x00, 0x00, 0x00, 0x00, 0x00, 0x00, 0x00, 0x00, 0x00, 0x00, 0x00, 0x00, 0x00, 0x00, 0x00, 0x00, 
    0x00, 0x00, 0x00, 0x00, 0x00, 0x00, 0x00, 0x00, 0x00, 0x00, 0x00, 0x00, 0x00, 0x00, 0x00, 0x00, 
    0x00, 0x00, 0x00, 0x00, 0x00, 0x00, 0x00, 0x00, 0x00, 0x00, 0x00, 0x00, 0x00, 0x00, 0x00, 0x00, 
    0x00, 0x00, 0x00, 0x00, 0x00, 0x00, 0x00, 0x00, 0x00, 0x00, 0x00, 0x00, 0x00, 0x00, 0x00, 0x00, 
    0x00, 0x00, 0x00, 0x00, 0x00, 0x00, 0x00, 0x00, 0x00, 0x00, 0x00, 0x00, 0x00, 0x00, 0x00, 0x00, 
    0x00, 0x00, 0x00, 0x00, 0x00, 0x00, 0x00, 0x00, 0x00, 0x00, 0x00, 0x00, 0x00, 0x00, 0x00, 0x00, 
    0x00, 0x00, 0x00, 0x00, 0x00, 0x00, 0x00, 0x00, 0x00, 0x00, 0x00, 0x00, 0x00, 0x00, 0x00, 0x00, 
    0x00, 0x00, 0x00, 0x00, 0x00, 0x00, 0x00, 0x00, 0x00, 0x00, 0x00, 0x00, 0x00, 0x00, 0x00, 0x00, 
    0x00, 0x00, 0x00, 0x00, 0x00, 0x00, 0x00, 0x00, 0x00, 0x00, 0x00, 0x00, 0x00, 0x00, 0x00, 0x00, 
    0x00, 0x00, 0x00, 0x00, 0x00, 0x00, 0x00, 0x00, 0x00, 0x00, 0x00, 0x00, 0x00, 0x00, 0x00, 0x00, 
    0x00, 0x00, 0x00, 0x00, 0x00, 0x00, 0x00, 0x00, 0x00, 0x00, 0x00, 0x00, 0x00, 0x00, 0x00, 0x00, 
    0x00, 0x00, 0x00, 0x00, 0x00, 0x00, 0x00, 0x00, 0x00, 0x00, 0x00, 0x00, 0x00, 0x00, 0x00, 0x00, 
    0x00, 0x00, 0x00, 0x00, 0x00, 0x00, 0x00, 0x00, 0x00, 0x00, 0x00, 0x00, 0x00, 0x00, 0x00, 0x00, 
    0x00, 0x00, 0x00, 0x00, 0x00, 0x00, 0x00, 0x00, 0x00, 0x00, 0x00, 0x00, 0x00, 0x00, 0x00, 0x00, 
    0x00, 0x00, 0x00, 0x00, 0x00, 0x00, 0x00, 0x00, 0x00, 0x00, 0x00, 0x00, 0x00, 0x00, 0x00, 0x00, 
    0x00, 0x00, 0x00, 0x00, 0x00, 0x00, 0x00, 0x00, 0x00, 0x00, 0x00, 0x00, 0x00, 0x00, 0x00, 0x00, 
    0x00, 0x00, 0x00, 0x00, 0x00, 0x00, 0x00, 0x00, 0x00, 0x00, 0x00, 0x00, 0x00, 0x00, 0x00, 0x00, 
    0x00, 0x00, 0x00, 0x00, 0x00, 0x00, 0x00, 0x00, 0x00, 0x00, 0x00, 0x00, 0x00, 0x00, 0x00, 0x00, 
    0x00, 0x00, 0x00, 0x00, 0x00, 0x00, 0x00, 0x00, 0x00, 0x00, 0x00, 0x00, 0x00, 0x00, 0x00, 0x00, 
    0x00, 0x00, 0x00, 0x00, 0x00, 0x00, 0x00, 0x00, 0x00, 0x00, 0x00, 0x00, 0x00, 0x00, 0x00, 0x00, 
    0x00, 0x00, 0x00, 0x00, 0x00, 0x00, 0x00, 0x00, 0x00, 0x00, 0x00, 0x00, 0x00, 0x00, 0x00, 0x00, 
    0x00, 0x00, 0x00, 0x00, 0x00, 0x00, 0x00, 0x00, 0x00, 0x00, 0x00, 0x00, 0x00, 0x00, 0x00, 0x00, 
    0x00, 0x00, 0x00, 0x00, 0x00, 0x00, 0x00, 0x00, 0x00, 0x00, 0x00, 0x00, 0x00, 0x00, 0x00, 0x00, 
    0x00, 0x00, 0x00, 0x00, 0x00, 0x00, 0x00, 0x00, 0x00, 0x00, 0x00, 0x00, 0x00, 0x00, 0x00, 0x00, 
    0x00, 0x00, 0x00, 0x00, 0x00, 0x00, 0x00, 0x00, 0x00, 0x00, 0x00, 0x00, 0x00, 0x00, 0x00, 0x00, 
    0x00, 0x00, 0x00, 0x00, 0x00, 0x00, 0x00, 0x00, 0x00, 0x00, 0x00, 0x00, 0x00, 0x00, 0x00, 0x00, 
    0x00, 0x00, 0x00, 0x00, 0x00, 0x00, 0x00, 0x00, 0x00, 0x00, 0x00, 0x00, 0x00, 0x00, 0x00, 0x00, 
    0x00, 0x00, 0x00, 0x00, 0x00, 0x00, 0x00, 0x00, 0x00, 0x00, 0x00, 0x00, 0x00, 0x00, 0x00, 0x00, 
    0x00, 0x00, 0x00, 0x00, 0x00, 0x00, 0x00, 0x00, 0x00, 0x00, 0x00, 0x00, 0x00, 0x00, 0x00, 0x00, 
    0x00, 0x00, 0x00, 0x00, 0x00, 0x00, 0x00, 0x00, 0x00, 0x00, 0x00, 0x00, 0x00, 0x00, 0x00, 0x00, 
    0x00, 0x00, 0x00, 0x00, 0x00, 0x00, 0x00, 0x00, 0x00, 0x00, 0x00, 0x00, 0x00, 0x00, 0x00, 0x00, 
    0x00, 0x00, 0x00, 0x00, 0x00, 0x00, 0x00, 0x00, 0x00, 0x00, 0x00, 0x00, 0x00, 0x00, 0x00, 0x00, 
    0x00, 0x00, 0x00, 0x00, 0x00, 0x00, 0x00, 0x00, 0x00, 0x00, 0x00, 0x00, 0x00, 0x00, 0x00, 0x00, 
    0x00, 0x00, 0x00, 0x00, 0x00, 0x00, 0x00, 0x00, 0x00, 0x00, 0x00, 0x00, 0x00, 0x00, 0x00, 0x00, 
    0x00, 0x00, 0x00, 0x00, 0x00, 0x00, 0x00, 0x00, 0x00, 0x00, 0x00, 0x00, 0x00, 0x00, 0x00, 0x00, 
    0x00, 0x00, 0x00, 0x00, 0x00, 0x00, 0x00, 0x00, 0x00, 0x00, 0x00, 0x00, 0x00, 0x00, 0x00, 0x00, 
    0x00, 0x00, 0x00, 0x00, 0x00, 0x00, 0x00, 0x00, 0x00, 0x00, 0x00, 0x00, 0x00, 0x00, 0x00, 0x00, 
    0x00, 0x00, 0x00, 0x00, 0x00, 0x00, 0x00, 0x00, 0x00, 0x00, 0x00, 0x00, 0x00, 0x00, 0x00, 0x00, 
    0x00, 0x00, 0x00, 0x00, 0x00, 0x00, 0x00, 0x00, 0x00, 0x00, 0x00, 0x00, 0x00, 0x00, 0x00, 0x00, 
    0x00, 0x00, 0x00, 0x00, 0x00, 0x00, 0x00, 0x00, 0x00, 0x00, 0x00, 0x00, 0x00, 0x00, 0x00, 0x00, 
    0x00, 0x00, 0x00, 0x00, 0x00, 0x00, 0x00, 0x00, 0x00, 0x00, 0x00, 0x00, 0x00, 0x00, 0x00, 0x00, 
    0x00, 0x00, 0x00, 0x00, 0x00, 0x00, 0x00, 0x00, 0x00, 0x00, 0x00, 0x00, 0x00, 0x00, 0x00, 0x00, 
    0x00, 0x00, 0x00, 0x00, 0x00, 0x00, 0x00, 0x00, 0x00, 0x00, 0x00, 0x00, 0x00, 0x00, 0x00, 0x00, 
    0x00, 0x00, 0x00, 0x00, 0x00, 0x00, 0x00, 0x00, 0x00, 0x00, 0x00, 0x00, 0x00, 0x00, 0x00, 0x00, 
    0x00, 0x00, 0x00, 0x00, 0x00, 0x00, 0x00, 0x00, 0x00, 0x00, 0x00, 0x00, 0x00, 0x00, 0x00, 0x00, 
    0x00, 0x00, 0x00, 0x00, 0x00, 0x00, 0x00, 0x00, 0x00, 0x00, 0x00, 0x00, 0x00, 0x00, 0x00, 0x00, 
    0x00, 0x00, 0x00, 0x00, 0x00, 0x00, 0x00, 0x00, 0x00, 0x00, 0x00, 0x00, 0x00, 0x00, 0x00, 0x00, 
    0x00, 0x00, 0x00, 0x00, 0x00, 0x00, 0x00, 0x00, 0x00, 0x00, 0x00, 0x00, 0x00, 0x00, 0x00, 0x00, 
    0x00, 0x00, 0x00, 0x00, 0x00, 0x00, 0x00, 0x00, 0x00, 0x00, 0x00, 0x00, 0x00, 0x00, 0x00, 0x00, 
    0x00, 0x00, 0x00, 0x00, 0x00, 0x00, 0x00, 0x00, 0x00, 0x00, 0x00, 0x00, 0x00, 0x00, 0x00, 0x00, 
    0x00, 0x00, 0x00, 0x00, 0x00, 0x00, 0x00, 0x00, 0x00, 0x00, 0x00, 0x00, 0x00, 0x00, 0x00, 0x00, 
    0x00, 0x00, 0x00, 0x00, 0x00, 0x00, 0x00, 0x00, 0x00, 0x00, 0x00, 0x00, 0x00, 0x00, 0x00, 0x00, 
    0x00, 0x00, 0x00, 0x00, 0x00, 0x00, 0x00, 0x00, 0x00, 0x00, 0x00, 0x00, 0x00, 0x00, 0x00, 0x00, 
    0x00, 0x00, 0x00, 0x00, 0x00, 0x00, 0x00, 0x00, 0x00, 0x00, 0x00, 0x00, 0x00, 0x00, 0x00, 0x00, 
    0x00, 0x00, 0x00, 0x00, 0x00, 0x00, 0x00, 0x00, 0x00, 0x00, 0x00, 0x00, 0x00, 0x00, 0x00, 0x00, 
    0x00, 0x00, 0x00, 0x00, 0x00, 0x00, 0x00, 0x00, 0x00, 0x00, 0x00, 0x00, 0x00, 0x00, 0x00, 0x00, 
    0x00, 0x00, 0x00, 0x00, 0x00, 0x00, 0x00, 0x00, 0x00, 0x00, 0x00, 0x00, 0x00, 0x00, 0x00, 0x00, 
    0x00, 0x00, 0x00, 0x00, 0x00, 0x00, 0x00, 0x00, 0x00, 0x00, 0x00, 0x00, 0x00, 0x00, 0x00, 0x00, 
    0x00, 0x00, 0x00, 0x00, 0x00, 0x00, 0x00, 0x00, 0x00, 0x00, 0x00, 0x00, 0x00, 0x00, 0x00, 0x00, 
    0x00, 0x00, 0x00, 0x00, 0x00, 0x00, 0x00, 0x00, 0x00, 0x00, 0x00, 0x00, 0x00, 0x00, 0x00, 0x00, 
    0x00, 0x00, 0x00, 0x00, 0x00, 0x00, 0x00, 0x00, 0x00, 0x00, 0x00, 0x00, 0x00, 0x00, 0x00, 0x00, 
    0x00, 0x00, 0x00, 0x00, 0x00, 0x00, 0x00, 0x00, 0x00, 0x00, 0x00, 0x00, 0x00, 0x00, 0x00, 0x00, 
    0x00, 0x00, 0x00, 0x00, 0x00, 0x00, 0x00, 0x00, 0x00, 0x00, 0x00, 0x00, 0x00, 0x00, 0x00, 0x00, 
    0x00, 0x00, 0x00, 0x00, 0x00, 0x00, 0x00, 0x00, 0x00, 0x00, 0x00, 0x00, 0x00, 0x00, 0x00, 0x00, 
    0x00, 0x00, 0x00, 0x00, 0x00, 0x00, 0x00, 0x00, 0x00, 0x00, 0x00, 0x00, 0x00, 0x00, 0x00, 0x00, 
    0x00, 0x00, 0x00, 0x00, 0x00, 0x00, 0x00, 0x00, 0x00, 0x00, 0x00, 0x00, 0x00, 0x00, 0x00, 0x00, 
    0x00, 0x00, 0x00, 0x00, 0x00, 0x00, 0x00, 0x00, 0x00, 0x00, 0x00, 0x00, 0x00, 0x00, 0x00, 0x00, 
    0x00, 0x00, 0x00, 0x00, 0x00, 0x00, 0x00, 0x00, 0x00, 0x00, 0x00, 0x00, 0x00, 0x00, 0x00, 0x00, 
    0x00, 0x00, 0x00, 0x00, 0x00, 0x00, 0x00, 0x00, 0x00, 0x00, 0x00, 0x00, 0x00, 0x00, 0x00, 0x00, 
    0x00, 0x00, 0x00, 0x00, 0x00, 0x00, 0x00, 0x00, 0x00, 0x00, 0x00, 0x00, 0x00, 0x00, 0x00, 0x00, 
    0x00, 0x00, 0x00, 0x00, 0x00, 0x00, 0x00, 0x00, 0x00, 0x00, 0x00, 0x00, 0x00, 0x00, 0x00, 0x00, 
    0x00, 0x00, 0x00, 0x00, 0x00, 0x00, 0x00, 0x00, 0x00, 0x00, 0x00, 0x00, 0x00, 0x00, 0x00, 0x00, 
    0x00, 0x00, 0x00, 0x00, 0x00, 0x00, 0x00, 0x00, 0x00, 0x00, 0x00, 0x00, 0x00, 0x00, 0x00, 0x00, 
    0x00, 0x00, 0x00, 0x00, 0x00, 0x00, 0x00, 0x00, 0x00, 0x00, 0x00, 0x00, 0x00, 0x00, 0x00, 0x00, 
    0x00, 0x00, 0x00, 0x00, 0x00, 0x00, 0x00, 0x00, 0x00, 0x00, 0x00, 0x00, 0x00, 0x00, 0x00, 0x00, 
    0x00, 0x00, 0x00, 0x00, 0x00, 0x00, 0x00, 0x00, 0x00, 0x00, 0x00, 0x00, 0x00, 0x00, 0x00, 0x00, 
    0x00, 0x00, 0x00, 0x00, 0x00, 0x00, 0x00, 0x00, 0x00, 0x00, 0x00, 0x00, 0x00, 0x00, 0x00, 0x00, 
    0x00, 0x00, 0x00, 0x00, 0x00, 0x00, 0x00, 0x00, 0x00, 0x00, 0x00, 0x00, 0x00, 0x00, 0x00, 0x00, 
    0x00, 0x00, 0x00, 0x00, 0x00, 0x00, 0x00, 0x00, 0x00, 0x00, 0x00, 0x00, 0x00, 0x00, 0x00, 0x00, 
    0x00, 0x00, 0x00, 0x00, 0x00, 0x00, 0x00, 0x00, 0x00, 0x00, 0x00, 0x00, 0x00, 0x00, 0x00, 0x00, 
    0x00, 0x00, 0x00, 0x00, 0x00, 0x00, 0x00, 0x00, 0x00, 0x00, 0x00, 0x00, 0x00, 0x00, 0x00, 0x00, 
    0x00, 0x00, 0x00, 0x00, 0x00, 0x00, 0x00, 0x00, 0x00, 0x00, 0x00, 0x00, 0x00, 0x00, 0x00, 0x00, 
    0x00, 0x00, 0x00, 0x00, 0x00, 0x00, 0x00, 0x00, 0x00, 0x00, 0x00, 0x00, 0x00, 0x00, 0x00, 0x00, 
    0x00, 0x00, 0x00, 0x00, 0x00, 0x00, 0x00, 0x00, 0x00, 0x00, 0x00, 0x00, 0x00, 0x00, 0x00, 0x00, 
    0x00, 0x00, 0x00, 0x00, 0x00, 0x00, 0x00, 0x00, 0x00, 0x00, 0x00, 0x00, 0x00, 0x00, 0x00, 0x00, 
    0x00, 0x00, 0x00, 0x00, 0x00, 0x00, 0x00, 0x00, 0x00, 0x00, 0x00, 0x00, 0x00, 0x00, 0x00, 0x00, 
    0x00, 0x00, 0x00, 0x00, 0x00, 0x00, 0x00, 0x00, 0x00, 0x00, 0x00, 0x00, 0x00, 0x00, 0x00, 0x00, 
    0x00, 0x00, 0x00, 0x00, 0x00, 0x00, 0x00, 0x00, 0x00, 0x00, 0x00, 0x00, 0x00, 0x00, 0x00, 0x00, 
    0x00, 0x00, 0x00, 0x00, 0x00, 0x00, 0x00, 0x00, 0x00, 0x00, 0x00, 0x00, 0x00, 0x00, 0x00, 0x00, 
    0x00, 0x00, 0x00, 0x00, 0x00, 0x00, 0x00, 0x00, 0x00, 0x00, 0x00, 0x00, 0x00, 0x00, 0x00, 0x00, 
    0x00, 0x00, 0x00, 0x00, 0x00, 0x00, 0x00, 0x00, 0x00, 0x00, 0x00, 0x00, 0x00, 0x00, 0x00, 0x00, 
    0x00, 0x00, 0x00, 0x00, 0x00, 0x00, 0x00, 0x00, 0x00, 0x00, 0x00, 0x00, 0x00, 0x00, 0x00, 0x00, 
    0x00, 0x00, 0x00, 0x00, 0x00, 0x00, 0x00, 0x00, 0x00, 0x00, 0x00, 0x00, 0x00, 0x00, 0x00, 0x00, 
    0x00, 0x00, 0x00, 0x00, 0x00, 0x00, 0x00, 0x00, 0x00, 0x00, 0x00, 0x00, 0x00, 0x00, 0x00, 0x00, 
    0x00, 0x00, 0x00, 0x00, 0x00, 0x00, 0x00, 0x00, 0x00, 0x00, 0x00, 0x00, 0x00, 0x00, 0x00, 0x00, 
    0x00, 0x00, 0x00, 0x00, 0x00, 0x00, 0x00, 0x00, 0x00, 0x00, 0x00, 0x00, 0x00, 0x00, 0x00, 0x00, 
    0x00, 0x00, 0x00, 0x00, 0x00, 0x00, 0x00, 0x00, 0x00, 0x00, 0x00, 0x00, 0x00, 0x00, 0x00, 0x00, 
    0x00, 0x00, 0x00, 0x00, 0x00, 0x00, 0x00, 0x00, 0x00, 0x00, 0x00, 0x00, 0x00, 0x00, 0x00, 0x00, 
    0x00, 0x00, 0x00, 0x00, 0x00, 0x00, 0x00, 0x00, 0x00, 0x00, 0x00, 0x00, 0x00, 0x00, 0x00, 0x00, 
    0x00, 0x00, 0x00, 0x00, 0x00, 0x00, 0x00, 0x00, 0x00, 0x00, 0x00, 0x00, 0x00, 0x00, 0x00, 0x00, 
    0x00, 0x00, 0x00, 0x00, 0x00, 0x00, 0x00, 0x00, 0x00, 0x00, 0x00, 0x00, 0x00, 0x00, 0x00, 0x00, 
    0x00, 0x00, 0x00, 0x00, 0x00, 0x00, 0x00, 0x00, 0x00, 0x00, 0x00, 0x00, 0x00, 0x00, 0x00, 0x00, 
    0x00, 0x00, 0x00, 0x00, 0x00, 0x00, 0x00, 0x00, 0x00, 0x00, 0x00, 0x00, 0x00, 0x00, 0x00, 0x00, 
    0x00, 0x00, 0x00, 0x00, 0x00, 0x00, 0x00, 0x00, 0x00, 0x00, 0x00, 0x00, 0x00, 0x00, 0x00, 0x00, 
    0x00, 0x00, 0x00, 0x00, 0x00, 0x00, 0x00, 0x00, 0x00, 0x00, 0x00, 0x00, 0x00, 0x00, 0x00, 0x00, 
    0x00, 0x00, 0x00, 0x00, 0x00, 0x00, 0x00, 0x00, 0x00, 0x00, 0x00, 0x00, 0x00, 0x00, 0x00, 0x00, 
    0x00, 0x00, 0x00, 0x00, 0x00, 0x00, 0x00, 0x00, 0x00, 0x00, 0x00, 0x00, 0x00, 0x00, 0x00, 0x00, 
    0x00, 0x00, 0x00, 0x00, 0x00, 0x00, 0x00, 0x00, 0x00, 0x00, 0x00, 0x00, 0x00, 0x00, 0x00, 0x00, 
    0x00, 0x00, 0x00, 0x00, 0x00, 0x00, 0x00, 0x00, 0x00, 0x00, 0x00, 0x00, 0x00, 0x00, 0x00, 0x00, 
    0x00, 0x00, 0x00, 0x00, 0x00, 0x00, 0x00, 0x00, 0x00, 0x00, 0x00, 0x00, 0x00, 0x00, 0x00, 0x00, 
    0x00, 0x00, 0x00, 0x00, 0x00, 0x00, 0x00, 0x00, 0x00, 0x00, 0x00, 0x00, 0x00, 0x00, 0x00, 0x00, 
    0x00, 0x00, 0x00, 0x00, 0x00, 0x00, 0x00, 0x00, 0x00, 0x00, 0x00, 0x00, 0x00, 0x00, 0x00, 0x00, 
    0x00, 0x00, 0x00, 0x00, 0x00, 0x00, 0x00, 0x00, 0x00, 0x00, 0x00, 0x00, 0x00, 0x00, 0x00, 0x00, 
    0x00, 0x00, 0x00, 0x00, 0x00, 0x00, 0x00, 0x00, 0x00, 0x00, 0x00, 0x00, 0x00, 0x00, 0x00, 0x00, 
    0x00, 0x00, 0x00, 0x00, 0x00, 0x00, 0x00, 0x00, 0x00, 0x00, 0x00, 0x00, 0x00, 0x00, 0x00, 0x00, 
    0x00, 0x00, 0x00, 0x00, 0x00, 0x00, 0x00, 0x00, 0x00, 0x00, 0x00, 0x00, 0x00, 0x00, 0x00, 0x00, 
    0x00, 0x00, 0x00, 0x00, 0x00, 0x00, 0x00, 0x00, 0x00, 0x00, 0x00, 0x00, 0x00, 0x00, 0x00, 0x00, 
    0x00, 0x00, 0x00, 0x00, 0x00, 0x00, 0x00, 0x00, 0x00, 0x00, 0x00, 0x00, 0x00, 0x00, 0x00, 0x00, 
    0x00, 0x00, 0x00, 0x00, 0x00, 0x00, 0x00, 0x00, 0x00, 0x00, 0x00, 0x00, 0x00, 0x00, 0x00, 0x00, 
    0x00, 0x00, 0x00, 0x00, 0x00, 0x00, 0x00, 0x00, 0x00, 0x00, 0x00, 0x00, 0x00, 0x00, 0x00, 0x00, 
    0x00, 0x00, 0x00, 0x00, 0x00, 0x00, 0x00, 0x00, 0x00, 0x00, 0x00, 0x00, 0x00, 0x00, 0x00, 0x00, 
    0x00, 0x00, 0x00, 0x00, 0x00, 0x00, 0x00, 0x00, 0x00, 0x00, 0x00, 0x00, 0x00, 0x00, 0x00, 0x00, 
    0x00, 0x00, 0x00, 0x00, 0x00, 0x00, 0x00, 0x00, 0x00, 0x00, 0x00, 0x00, 0x00, 0x00, 0x00, 0x00, 
    0x00, 0x00, 0x00, 0x00, 0x00, 0x00, 0x00, 0x00, 0x00, 0x00, 0x00, 0x00, 0x00, 0x00, 0x00, 0x00, 
    0x00, 0x00, 0x00, 0x00, 0x00, 0x00, 0x00, 0x00, 0x00, 0x00, 0x00, 0x00, 0x00, 0x00, 0x00, 0x00, 
    0x00, 0x00, 0x00, 0x00, 0x00, 0x00, 0x00, 0x00, 0x00, 0x00, 0x00, 0x00, 0x00, 0x00, 0x00, 0x00, 
    0x00, 0x00, 0x00, 0x00, 0x00, 0x00, 0x00, 0x00, 0x00, 0x00, 0x00, 0x00, 0x00, 0x00, 0x00, 0x00, 
    0x00, 0x00, 0x00, 0x00, 0x00, 0x00, 0x00, 0x00, 0x00, 0x00, 0x00, 0x00, 0x00, 0x00, 0x00, 0x00, 
    0x00, 0x00, 0x00, 0x00, 0x00, 0x00, 0x00, 0x00, 0x00, 0x00, 0x00, 0x00, 0x00, 0x00, 0x00, 0x00, 
    0x00, 0x00, 0x00, 0x00, 0x00, 0x00, 0x00, 0x00, 0x00, 0x00, 0x00, 0x00, 0x00, 0x00, 0x00, 0x00, 
    0x00, 0x00, 0x00, 0x00, 0x00, 0x00, 0x00, 0x00, 0x00, 0x00, 0x00, 0x00, 0x00, 0x00, 0x00, 0x00, 
    0x00, 0x00, 0x00, 0x00, 0x00, 0x00, 0x00, 0x00, 0x00, 0x00, 0x00, 0x00, 0x00, 0x00, 0x00, 0x00, 
    0x00, 0x00, 0x00, 0x00, 0x00, 0x00, 0x00, 0x00, 0x00, 0x00, 0x00, 0x00, 0x00, 0x00, 0x00, 0x00, 
    0x00, 0x00, 0x00, 0x00, 0x00, 0x00, 0x00, 0x00, 0x00, 0x00, 0x00, 0x00, 0x00, 0x00, 0x00, 0x00, 
    0x00, 0x00, 0x00, 0x00, 0x00, 0x00, 0x00, 0x00, 0x00, 0x00, 0x00, 0x00, 0x00, 0x00, 0x00, 0x00, 
    0x00, 0x00, 0x00, 0x00, 0x00, 0x00, 0x00, 0x00, 0x00, 0x00, 0x00, 0x00, 0x00, 0x00, 0x00, 0x00, 
    0x00, 0x00, 0x00, 0x00, 0x00, 0x00, 0x00, 0x00, 0x00, 0x00, 0x00, 0x00, 0x00, 0x00, 0x00, 0x00, 
    0x00, 0x00, 0x00, 0x00, 0x00, 0x00, 0x00, 0x00, 0x00, 0x00, 0x00, 0x00, 0x00, 0x00, 0x00, 0x00, 
    0x00, 0x00, 0x00, 0x00, 0x00, 0x00, 0x00, 0x00, 0x00, 0x00, 0x00, 0x00, 0x00, 0x00, 0x00, 0x00, 
    0x00, 0x00, 0x00, 0x00, 0x00, 0x00, 0x00, 0x00, 0x00, 0x00, 0x00, 0x00, 0x00, 0x00, 0x00, 0x00, 
    0x00, 0x00, 0x00, 0x00, 0x00, 0x00, 0x00, 0x00, 0x00, 0x00, 0x00, 0x00, 0x00, 0x00, 0x00, 0x00, 
    0x00, 0x00, 0x00, 0x00, 0x00, 0x00, 0x00, 0x00, 0x00, 0x00, 0x00, 0x00, 0x00, 0x00, 0x00, 0x00, 
    0x00, 0x00, 0x00, 0x00, 0x00, 0x00, 0x00, 0x00, 0x00, 0x00, 0x00, 0x00, 0x00, 0x00, 0x00, 0x00, 
    0x00, 0x00, 0x00, 0x00, 0x00, 0x00, 0x00, 0x00, 0x00, 0x00, 0x00, 0x00, 0x00, 0x00, 0x00, 0x00, 
    0x00, 0x00, 0x00, 0x00, 0x00, 0x00, 0x00, 0x00, 0x00, 0x00, 0x00, 0x00, 0x00, 0x00, 0x00, 0x00, 
    0x00, 0x00, 0x00, 0x00, 0x00, 0x00, 0x00, 0x00, 0x00, 0x00, 0x00, 0x00, 0x00, 0x00, 0x00, 0x00, 
    0x00, 0x00, 0x00, 0x00, 0x00, 0x00, 0x00, 0x00, 0x00, 0x00, 0x00, 0x00, 0x00, 0x00, 0x00, 0x00, 
    0x00, 0x00, 0x00, 0x00, 0x00, 0x00, 0x00, 0x00, 0x00, 0x00, 0x00, 0x00, 0x00, 0x00, 0x00, 0x00, 
    0x00, 0x00, 0x00, 0x00, 0x00, 0x00, 0x00, 0x00, 0x00, 0x00, 0x00, 0x00, 0x00, 0x00, 0x00, 0x00, 
    0x00, 0x00, 0x00, 0x00, 0x00, 0x00, 0x00, 0x00, 0x00, 0x00, 0x00, 0x00, 0x00, 0x00, 0x00, 0x00, 
    0x00, 0x00, 0x00, 0x00, 0x00, 0x00, 0x00, 0x00, 0x00, 0x00, 0x00, 0x00, 0x00, 0x00, 0x00, 0x00, 
    0x00, 0x00, 0x00, 0x00, 0x00, 0x00, 0x00, 0x00, 0x00, 0x00, 0x00, 0x00, 0x00, 0x00, 0x00, 0x00, 
    0x00, 0x00, 0x00, 0x00, 0x00, 0x00, 0x00, 0x00, 0x00, 0x00, 0x00, 0x00, 0x00, 0x00, 0x00, 0x00, 
    0x00, 0x00, 0x00, 0x00, 0x00, 0x00, 0x00, 0x00, 0x00, 0x00, 0x00, 0x00, 0x00, 0x00, 0x00, 0x00, 
    0x00, 0x00, 0x00, 0x00, 0x00, 0x00, 0x00, 0x00, 0x00, 0x00, 0x00, 0x00, 0x00, 0x00, 0x00, 0x00, 
    0x00, 0x00, 0x00, 0x00, 0x00, 0x00, 0x00, 0x00, 0x00, 0x00, 0x00, 0x00, 0x00, 0x00, 0x00, 0x00, 
    0x00, 0x00, 0x00, 0x00, 0x00, 0x00, 0x00, 0x00, 0x00, 0x00, 0x00, 0x00, 0x00, 0x00, 0x00, 0x00, 
    0x00, 0x00, 0x00, 0x00, 0x00, 0x00, 0x00, 0x00, 0x00, 0x00, 0x00, 0x00, 0x00, 0x00, 0x00, 0x00, 
    0x00, 0x00, 0x00, 0x00, 0x00, 0x00, 0x00, 0x00, 0x00, 0x00, 0x00, 0x00, 0x00, 0x00, 0x00, 0x00, 
    0x00, 0x00, 0x00, 0x00, 0x00, 0x00, 0x00, 0x00, 0x00, 0x00, 0x00, 0x00, 0x00, 0x00, 0x00, 0x00, 
    0x00, 0x00, 0x00, 0x00, 0x00, 0x00, 0x00, 0x00, 0x00, 0x00, 0x00, 0x00, 0x00, 0x00, 0x00, 0x00, 
    0x00, 0x00, 0x00, 0x00, 0x00, 0x00, 0x00, 0x00, 0x00, 0x00, 0x00, 0x00, 0x00, 0x00, 0x00, 0x00, 
    0x00, 0x00, 0x00, 0x00, 0x00, 0x00, 0x00, 0x00, 0x00, 0x00, 0x00, 0x00, 0x00, 0x00, 0x00, 0x00, 
    0x00, 0x00, 0x00, 0x00, 0x00, 0x00, 0x00, 0x00, 0x00, 0x00, 0x00, 0x00, 0x00, 0x00, 0x00, 0x00, 
    0x00, 0x00, 0x00, 0x00, 0x00, 0x00, 0x00, 0x00, 0x00, 0x00, 0x00, 0x00, 0x00, 0x00, 0x00, 0x00, 
    0x00, 0x00, 0x00, 0x00, 0x00, 0x00, 0x00, 0x00, 0x00, 0x00, 0x00, 0x00, 0x00, 0x00, 0x00, 0x00, 
    0x00, 0x00, 0x00, 0x00, 0x00, 0x00, 0x00, 0x00, 0x00, 0x00, 0x00, 0x00, 0x00, 0x00, 0x00, 0x00, 
    0x00, 0x00, 0x00, 0x00, 0x00, 0x00, 0x00, 0x00, 0x00, 0x00, 0x00, 0x00, 0x00, 0x00, 0x00, 0x00, 
    0x00, 0x00, 0x00, 0x00, 0x00, 0x00, 0x00, 0x00, 0x00, 0x00, 0x00, 0x00, 0x00, 0x00, 0x00, 0x00, 
    0x00, 0x00, 0x00, 0x00, 0x00, 0x00, 0x00, 0x00, 0x00, 0x00, 0x00, 0x00, 0x00, 0x00, 0x00, 0x00, 
    0x00, 0x00, 0x00, 0x00, 0x00, 0x00, 0x00, 0x00, 0x00, 0x00, 0x00, 0x00, 0x00, 0x00, 0x00, 0x00, 
    0x00, 0x00, 0x00, 0x00, 0x00, 0x00, 0x00, 0x00, 0x00, 0x00, 0x00, 0x00, 0x00, 0x00, 0x00, 0x00, 
    0x00, 0x00, 0x00, 0x00, 0x00, 0x00, 0x00, 0x00, 0x00, 0x00, 0x00, 0x00, 0x00, 0x00, 0x00, 0x00, 
    0x00, 0x00, 0x00, 0x00, 0x00, 0x00, 0x00, 0x00, 0x00, 0x00, 0x00, 0x00, 0x00, 0x00, 0x00, 0x00, 
    0x00, 0x00, 0x00, 0x00, 0x00, 0x00, 0x00, 0x00, 0x00, 0x00, 0x00, 0x00, 0x00, 0x00, 0x00, 0x00, 
    0x00, 0x00, 0x00, 0x00, 0x00, 0x00, 0x00, 0x00, 0x00, 0x00, 0x00, 0x00, 0x00, 0x00, 0x00, 0x00, 
    0x00, 0x00, 0x00, 0x00, 0x00, 0x00, 0x00, 0x00, 0x00, 0x00, 0x00, 0x00, 0x00, 0x00, 0x00, 0x00, 
    0x00, 0x00, 0x00, 0x00, 0x00, 0x00, 0x00, 0x00, 0x00, 0x00, 0x00, 0x00, 0x00, 0x00, 0x00, 0x00, 
    0x00, 0x00, 0x00, 0x00, 0x00, 0x00, 0x00, 0x00, 0x00, 0x00, 0x00, 0x00, 0x00, 0x00, 0x00, 0x00, 
    0x00, 0x00, 0x00, 0x00, 0x00, 0x00, 0x00, 0x00, 0x00, 0x00, 0x00, 0x00, 0x00, 0x00, 0x00, 0x00, 
    0x00, 0x00, 0x00, 0x00, 0x00, 0x00, 0x00, 0x00, 0x00, 0x00, 0x00, 0x00, 0x00, 0x00, 0x00, 0x00, 
    0x00, 0x00, 0x00, 0x00, 0x00, 0x00, 0x00, 0x00, 0x00, 0x00, 0x00, 0x00, 0x00, 0x00, 0x00, 0x00, 
    0x00, 0x00, 0x00, 0x00, 0x00, 0x00, 0x00, 0x00, 0x00, 0x00, 0x00, 0x00, 0x00, 0x00, 0x00, 0x00, 
    0x00, 0x00, 0x00, 0x00, 0x00, 0x00, 0x00, 0x00, 0x00, 0x00, 0x00, 0x00, 0x00, 0x00, 0x00, 0x00, 
    0x00, 0x00, 0x00, 0x00, 0x00, 0x00, 0x00, 0x00, 0x00, 0x00, 0x00, 0x00, 0x00, 0x00, 0x00, 0x00, 
    0x00, 0x00, 0x00, 0x00, 0x00, 0x00, 0x00, 0x00, 0x00, 0x00, 0x00, 0x00, 0x00, 0x00, 0x00, 0x00, 
    0x00, 0x00, 0x00, 0x00, 0x00, 0x00, 0x00, 0x00, 0x00, 0x00, 0x00, 0x00, 0x00, 0x00, 0x00, 0x00, 
    0x00, 0x00, 0x00, 0x00, 0x00, 0x00, 0x00, 0x00, 0x00, 0x00, 0x00, 0x00, 0x00, 0x00, 0x00, 0x00, 
    0x00, 0x00, 0x00, 0x00, 0x00, 0x00, 0x00, 0x00, 0x00, 0x00, 0x00, 0x00, 0x00, 0x00, 0x00, 0x00, 
    0x00, 0x00, 0x00, 0x00, 0x00, 0x00, 0x00, 0x00, 0x00, 0x00, 0x00, 0x00, 0x00, 0x00, 0x00, 0x00, 
    0x00, 0x00, 0x00, 0x00, 0x00, 0x00, 0x00, 0x00, 0x00, 0x00, 0x00, 0x00, 0x00, 0x00, 0x00, 0x00, 
    0x00, 0x00, 0x00, 0x00, 0x00, 0x00, 0x00, 0x00, 0x00, 0x00, 0x00, 0x00, 0x00, 0x00, 0x00, 0x00, 
    0x00, 0x00, 0x00, 0x00, 0x00, 0x00, 0x00, 0x00, 0x00, 0x00, 0x00, 0x00, 0x00, 0x00, 0x00, 0x00, 
    0x00, 0x00, 0x00, 0x00, 0x00, 0x00, 0x00, 0x00, 0x00, 0x00, 0x00, 0x00, 0x00, 0x00, 0x00, 0x00, 
    0x00, 0x00, 0x00, 0x00, 0x00, 0x00, 0x00, 0x00, 0x00, 0x00, 0x00, 0x00, 0x00, 0x00, 0x00, 0x00, 
    0x00, 0x00, 0x00, 0x00, 0x00, 0x00, 0x00, 0x00, 0x00, 0x00, 0x00, 0x00, 0x00, 0x00, 0x00, 0x00, 
    0x00, 0x00, 0x00, 0x00, 0x00, 0x00, 0x00, 0x00, 0x00, 0x00, 0x00, 0x00, 0x00, 0x00, 0x00, 0x00, 
    0x00, 0x00, 0x00, 0x00, 0x00, 0x00, 0x00, 0x00, 0x00, 0x00, 0x00, 0x00, 0x00, 0x00, 0x00, 0x00, 
    0x00, 0x00, 0x00, 0x00, 0x00, 0x00, 0x00, 0x00, 0x00, 0x00, 0x00, 0x00, 0x00, 0x00, 0x00, 0x00, 
    0x00, 0x00, 0x00, 0x00, 0x00, 0x00, 0x00, 0x00, 0x00, 0x00, 0x00, 0x00, 0x00, 0x00, 0x00, 0x00, 
    0x00, 0x00, 0x00, 0x00, 0x00, 0x00, 0x00, 0x00, 0x00, 0x00, 0x00, 0x00, 0x00, 0x00, 0x00, 0x00, 
    0x00, 0x00, 0x00, 0x00, 0x00, 0x00, 0x00, 0x00, 0x00, 0x00, 0x00, 0x00, 0x00, 0x00, 0x00, 0x00, 
    0x00, 0x00, 0x00, 0x00, 0x00, 0x00, 0x00, 0x00, 0x00, 0x00, 0x00, 0x00, 0x00, 0x00, 0x00, 0x00, 
    0x00, 0x00, 0x00, 0x00, 0x00, 0x00, 0x00, 0x00, 0x00, 0x00, 0x00, 0x00, 0x00, 0x00, 0x00, 0x00, 
    0x00, 0x00, 0x00, 0x00, 0x00, 0x00, 0x00, 0x00, 0x00, 0x00, 0x00, 0x00, 0x00, 0x00, 0x00, 0x00, 
    0x00, 0x00, 0x00, 0x00, 0x00, 0x00, 0x00, 0x00, 0x00, 0x00, 0x00, 0x00, 0x00, 0x00, 0x00, 0x00, 
    0x00, 0x00, 0x00, 0x00, 0x00, 0x00, 0x00, 0x00, 0x00, 0x00, 0x00, 0x00, 0x00, 0x00, 0x00, 0x00, 
    0x00, 0x00, 0x00, 0x00, 0x00, 0x00, 0x00, 0x00, 0x00, 0x00, 0x00, 0x00, 0x00, 0x00, 0x00, 0x00, 
    0x00, 0x00, 0x00, 0x00, 0x00, 0x00, 0x00, 0x00, 0x00, 0x00, 0x00, 0x00, 0x00, 0x00, 0x00, 0x00, 
    0x00, 0x00, 0x00, 0x00, 0x00, 0x00, 0x00, 0x00, 0x00, 0x00, 0x00, 0x00, 0x00, 0x00, 0x00, 0x00, 
    0x00, 0x00, 0x00, 0x00, 0x00, 0x00, 0x00, 0x00, 0x00, 0x00, 0x00, 0x00, 0x00, 0x00, 0x00, 0x00, 
    0x00, 0x00, 0x00, 0x00, 0x00, 0x00, 0x00, 0x00, 0x00, 0x00, 0x00, 0x00, 0x00, 0x00, 0x00, 0x00, 
    0x00, 0x00, 0x00, 0x00, 0x00, 0x00, 0x00, 0x00, 0x00, 0x00, 0x00, 0x00, 0x00, 0x00, 0x00, 0x00, 
    0x00, 0x00, 0x00, 0x00, 0x00, 0x00, 0x00, 0x00, 0x00, 0x00, 0x00, 0x00, 0x00, 0x00, 0x00, 0x00, 
    0x00, 0x00, 0x00, 0x00, 0x00, 0x00, 0x00, 0x00, 0x00, 0x00, 0x00, 0x00, 0x00, 0x00, 0x00, 0x00, 
    0x00, 0x00, 0x00, 0x00, 0x00, 0x00, 0x00, 0x00, 0x00, 0x00, 0x00, 0x00, 0x00, 0x00, 0x00, 0x00, 
    0x00, 0x00, 0x00, 0x00, 0x00, 0x00, 0x00, 0x00, 0x00, 0x00, 0x00, 0x00, 0x00, 0x00, 0x00, 0x00, 
    0x00, 0x00, 0x00, 0x00, 0x00, 0x00, 0x00, 0x00, 0x00, 0x00, 0x00, 0x00, 0x00, 0x00, 0x00, 0x00, 
    0x00, 0x00, 0x00, 0x00, 0x00, 0x00, 0x00, 0x00, 0x00, 0x00, 0x00, 0x00, 0x00, 0x00, 0x00, 0x00, 
    0x00, 0x00, 0x00, 0x00, 0x00, 0x00, 0x00, 0x00, 0x00, 0x00, 0x00, 0x00, 0x00, 0x00, 0x00, 0x00, 
    0x00, 0x00, 0x00, 0x00, 0x00, 0x00, 0x00, 0x00, 0x00, 0x00, 0x00, 0x00, 0x00, 0x00, 0x00, 0x00, 
    0x00, 0x00, 0x00, 0x00, 0x00, 0x00, 0x00, 0x00, 0x00, 0x00, 0x00, 0x00, 0x00, 0x00, 0x00, 0x00, 
    0x00, 0x00, 0x00, 0x00, 0x00, 0x00, 0x00, 0x00, 0x00, 0x00, 0x00, 0x00, 0x00, 0x00, 0x00, 0x00, 
    0x00, 0x00, 0x00, 0x00, 0x00, 0x00, 0x00, 0x00, 0x00, 0x00, 0x00, 0x00, 0x00, 0x00, 0x00, 0x00, 
    0x00, 0x00, 0x00, 0x00, 0x00, 0x00, 0x00, 0x00, 0x00, 0x00, 0x00, 0x00, 0x00, 0x00, 0x00, 0x00, 
    0x00, 0x00, 0x00, 0x00, 0x00, 0x00, 0x00, 0x00, 0x00, 0x00, 0x00, 0x00, 0x00, 0x00, 0x00, 0x00, 
    0x00, 0x00, 0x00, 0x00, 0x00, 0x00, 0x00, 0x00, 0x00, 0x00, 0x00, 0x00, 0x00, 0x00, 0x00, 0x00, 
    0x00, 0x00, 0x00, 0x00, 0x00, 0x00, 0x00, 0x00, 0x00, 0x00, 0x00, 0x00, 0x00, 0x00, 0x00, 0x00, 
    0x00, 0x00, 0x00, 0x00, 0x00, 0x00, 0x00, 0x00, 0x00, 0x00, 0x00, 0x00, 0x00, 0x00, 0x00, 0x00, 
    0x00, 0x00, 0x00, 0x00, 0x00, 0x00, 0x00, 0x00, 0x00, 0x00, 0x00, 0x00, 0x00, 0x00, 0x00, 0x00, 
    0x00, 0x00, 0x00, 0x00, 0x00, 0x00, 0x00, 0x00, 0x00, 0x00, 0x00, 0x00, 0x00, 0x00, 0x00, 0x00, 
    0x00, 0x00, 0x00, 0x00, 0x00, 0x00, 0x00, 0x00, 0x00, 0x00, 0x00, 0x00, 0x00, 0x00, 0x00, 0x00, 
    0x00, 0x00, 0x00, 0x00, 0x00, 0x00, 0x00, 0x00, 0x00, 0x00, 0x00, 0x00, 0x00, 0x00, 0x00, 0x00, 
    0x00, 0x00, 0x00, 0x00, 0x00, 0x00, 0x00, 0x00, 0x00, 0x00, 0x00, 0x00, 0x00, 0x00, 0x00, 0x00, 
    0x00, 0x00, 0x00, 0x00, 0x00, 0x00, 0x00, 0x00, 0x00, 0x00, 0x00, 0x00, 0x00, 0x00, 0x00, 0x00, 
    0x00, 0x00, 0x00, 0x00, 0x00, 0x00, 0x00, 0x00, 0x00, 0x00, 0x00, 0x00, 0x00, 0x00, 0x00, 0x00, 
    0x00, 0x00, 0x00, 0x00, 0x00, 0x00, 0x00, 0x00, 0x00, 0x00, 0x00, 0x00, 0x00, 0x00, 0x00, 0x00, 
    0x00, 0x00, 0x00, 0x00, 0x00, 0x00, 0x00, 0x00, 0x00, 0x00, 0x00, 0x00, 0x00, 0x00, 0x00, 0x00, 
    0x00, 0x00, 0x00, 0x00, 0x00, 0x00, 0x00, 0x00, 0x00, 0x00, 0x00, 0x00, 0x00, 0x00, 0x00, 0x00, 
    0x00, 0x00, 0x00, 0x00, 0x00, 0x00, 0x00, 0x00, 0x00, 0x00, 0x00, 0x00, 0x00, 0x00, 0x00, 0x00, 
    0x00, 0x00, 0x00, 0x00, 0x00, 0x00, 0x00, 0x00, 0x00, 0x00, 0x00, 0x00, 0x00, 0x00, 0x00, 0x00, 
    0x00, 0x00, 0x00, 0x00, 0x00, 0x00, 0x00, 0x00, 0x00, 0x00, 0x00, 0x00, 0x00, 0x00, 0x00, 0x00, 
    0x00, 0x00, 0x00, 0x00, 0x00, 0x00, 0x00, 0x00, 0x00, 0x00, 0x00, 0x00, 0x00, 0x00, 0x00, 0x00, 
    0x00, 0x00, 0x00, 0x00, 0x00, 0x00, 0x00, 0x00, 0x00, 0x00, 0x00, 0x00, 0x00, 0x00, 0x00, 0x00, 
    0x00, 0x00, 0x00, 0x00, 0x00, 0x00, 0x00, 0x00, 0x00, 0x00, 0x00, 0x00, 0x00, 0x00, 0x00, 0x00, 
    0x00, 0x00, 0x00, 0x00, 0x00, 0x00, 0x00, 0x00, 0x00, 0x00, 0x00, 0x00, 0x00, 0x00, 0x00, 0x00, 
    0x00, 0x00, 0x00, 0x00, 0x00, 0x00, 0x00, 0x00, 0x00, 0x00, 0x00, 0x00, 0x00, 0x00, 0x00, 0x00, 
    0x00, 0x00, 0x00, 0x00, 0x00, 0x00, 0x00, 0x00, 0x00, 0x00, 0x00, 0x00, 0x00, 0x00, 0x00, 0x00, 
    0x00, 0x00, 0x00, 0x00, 0x00, 0x00, 0x00, 0x00, 0x00, 0x00, 0x00, 0x00, 0x00, 0x00, 0x00, 0x00, 
    0x00, 0x00, 0x00, 0x00, 0x00, 0x00, 0x00, 0x00, 0x00, 0x00, 0x00, 0x00, 0x00, 0x00, 0x00, 0x00, 
    0x00, 0x00, 0x00, 0x00, 0x00, 0x00, 0x00, 0x00, 0x00, 0x00, 0x00, 0x00, 0x00, 0x00, 0x00, 0x00, 
    0x00, 0x00, 0x00, 0x00, 0x00, 0x00, 0x00, 0x00, 0x00, 0x00, 0x00, 0x00, 0x00, 0x00, 0x00, 0x00, 
    0x00, 0x00, 0x00, 0x00, 0x00, 0x00, 0x00, 0x00, 0x00, 0x00, 0x00, 0x00, 0x00, 0x00, 0x00, 0x00, 
    0x00, 0x00, 0x00, 0x00, 0x00, 0x00, 0x00, 0x00, 0x00, 0x00, 0x00, 0x00, 0x00, 0x00, 0x00, 0x00, 
    0x00, 0x00, 0x00, 0x00, 0x00, 0x00, 0x00, 0x00, 0x00, 0x00, 0x00, 0x00, 0x00, 0x00, 0x00, 0x00, 
    0x00, 0x00, 0x00, 0x00, 0x00, 0x00, 0x00, 0x00, 0x00, 0x00, 0x00, 0x00, 0x00, 0x00, 0x00, 0x00, 
    0x00, 0x00, 0x00, 0x00, 0x00, 0x00, 0x00, 0x00, 0x00, 0x00, 0x00, 0x00, 0x00, 0x00, 0x00, 0x00, 
    0x00, 0x00, 0x00, 0x00, 0x00, 0x00, 0x00, 0x00, 0x00, 0x00, 0x00, 0x00, 0x00, 0x00, 0x00, 0x00, 
    0x00, 0x00, 0x00, 0x00, 0x00, 0x00, 0x00, 0x00, 0x00, 0x00, 0x00, 0x00, 0x00, 0x00, 0x00, 0x00, 
    0x00, 0x00, 0x00, 0x00, 0x00, 0x00, 0x00, 0x00, 0x00, 0x00, 0x00, 0x00, 0x00, 0x00, 0x00, 0x00, 
    0x00, 0x00, 0x00, 0x00, 0x00, 0x00, 0x00, 0x00, 0x00, 0x00, 0x00, 0x00, 0x00, 0x00, 0x00, 0x00, 
    0x00, 0x00, 0x00, 0x00, 0x00, 0x00, 0x00, 0x00, 0x00, 0x00, 0x00, 0x00, 0x00, 0x00, 0x00, 0x00, 
    0x00, 0x00, 0x00, 0x00, 0x00, 0x00, 0x00, 0x00, 0x00, 0x00, 0x00, 0x00, 0x00, 0x00, 0x00, 0x00, 
    0x00, 0x00, 0x00, 0x00, 0x00, 0x00, 0x00, 0x00, 0x00, 0x00, 0x00, 0x00, 0x00, 0x00, 0x00, 0x00, 
    0x00, 0x00, 0x00, 0x00, 0x00, 0x00, 0x00, 0x00, 0x00, 0x00, 0x00, 0x00, 0x00, 0x00, 0x00, 0x00, 
    0x00, 0x00, 0x00, 0x00, 0x00, 0x00, 0x00, 0x00, 0x00, 0x00, 0x00, 0x00, 0x00, 0x00, 0x00, 0x00, 
    0x00, 0x00, 0x00, 0x00, 0x00, 0x00, 0x00, 0x00, 0x00, 0x00, 0x00, 0x00, 0x00, 0x00, 0x00, 0x00, 
    0x00, 0x00, 0x00, 0x00, 0x00, 0x00, 0x00, 0x00, 0x00, 0x00, 0x00, 0x00, 0x00, 0x00, 0x00, 0x00, 
    0x00, 0x00, 0x00, 0x00, 0x00, 0x00, 0x00, 0x00, 0x00, 0x00, 0x00, 0x00, 0x00, 0x00, 0x00, 0x00, 
    0x00, 0x00, 0x00, 0x00, 0x00, 0x00, 0x00, 0x00, 0x00, 0x00, 0x00, 0x00, 0x00, 0x00, 0x00, 0x00, 
    0x00, 0x00, 0x00, 0x00, 0x00, 0x00, 0x00, 0x00, 0x00, 0x00, 0x00, 0x00, 0x00, 0x00, 0x00, 0x00, 
    0x00, 0x00, 0x00, 0x00, 0x00, 0x00, 0x00, 0x00, 0x00, 0x00, 0x00, 0x00, 0x00, 0x00, 0x00, 0x00, 
    0x00, 0x00, 0x00, 0x00, 0x00, 0x00, 0x00, 0x00, 0x00, 0x00, 0x00, 0x00, 0x00, 0x00, 0x00, 0x00, 
    0x00, 0x00, 0x00, 0x00, 0x00, 0x00, 0x00, 0x00, 0x00, 0x00, 0x00, 0x00, 0x00, 0x00, 0x00, 0x00, 
    0x00, 0x00, 0x00, 0x00, 0x00, 0x00, 0x00, 0x00, 0x00, 0x00, 0x00, 0x00, 0x00, 0x00, 0x00, 0x00, 
    0x00, 0x00, 0x00, 0x00, 0x00, 0x00, 0x00, 0x00, 0x00, 0x00, 0x00, 0x00, 0x00, 0x00, 0x00, 0x00, 
    0x00, 0x00, 0x00, 0x00, 0x00, 0x00, 0x00, 0x00, 0x00, 0x00, 0x00, 0x00, 0x00, 0x00, 0x00, 0x00, 
    0x00, 0x00, 0x00, 0x00, 0x00, 0x00, 0x00, 0x00, 0x00, 0x00, 0x00, 0x00, 0x00, 0x00, 0x00, 0x00, 
    0x00, 0x00, 0x00, 0x00, 0x00, 0x00, 0x00, 0x00, 0x00, 0x00, 0x00, 0x00, 0x00, 0x00, 0x00, 0x00, 
    0x00, 0x00, 0x00, 0x00, 0x00, 0x00, 0x00, 0x00, 0x00, 0x00, 0x00, 0x00, 0x00, 0x00, 0x00, 0x00, 
    0x00, 0x00, 0x00, 0x00, 0x00, 0x00, 0x00, 0x00, 0x00, 0x00, 0x00, 0x00, 0x00, 0x00, 0x00, 0x00, 
    0x00, 0x00, 0x00, 0x00, 0x00, 0x00, 0x00, 0x00, 0x00, 0x00, 0x00, 0x00, 0x00, 0x00, 0x00, 0x00, 
    0x00, 0x00, 0x00, 0x00, 0x00, 0x00, 0x00, 0x00, 0x00, 0x00, 0x00, 0x00, 0x00, 0x00, 0x00, 0x00, 
    0x00, 0x00, 0x00, 0x00, 0x00, 0x00, 0x00, 0x00, 0x00, 0x00, 0x00, 0x00, 0x00, 0x00, 0x00, 0x00, 
    0x00, 0x00, 0x00, 0x00, 0x00, 0x00, 0x00, 0x00, 0x00, 0x00, 0x00, 0x00, 0x00, 0x00, 0x00, 0x00, 
    0x00, 0x00, 0x00, 0x00, 0x00, 0x00, 0x00, 0x00, 0x00, 0x00, 0x00, 0x00, 0x00, 0x00, 0x00, 0x00, 
    0x00, 0x00, 0x00, 0x00, 0x00, 0x00, 0x00, 0x00, 0x00, 0x00, 0x00, 0x00, 0x00, 0x00, 0x00, 0x00, 
    0x00, 0x00, 0x00, 0x00, 0x00, 0x00, 0x00, 0x00, 0x00, 0x00, 0x00, 0x00, 0x00, 0x00, 0x00, 0x00, 
    0x00, 0x00, 0x00, 0x00, 0x00, 0x00, 0x00, 0x00, 0x00, 0x00, 0x00, 0x00, 0x00, 0x00, 0x00, 0x00, 
    0x00, 0x00, 0x00, 0x00, 0x00, 0x00, 0x00, 0x00, 0x00, 0x00, 0x00, 0x00, 0x00, 0x00, 0x00, 0x00, 
    0x00, 0x00, 0x00, 0x00, 0x00, 0x00, 0x00, 0x00, 0x00, 0x00, 0x00, 0x00, 0x00, 0x00, 0x00, 0x00, 
    0x00, 0x00, 0x00, 0x00, 0x00, 0x00, 0x00, 0x00, 0x00, 0x00, 0x00, 0x00, 0x00, 0x00, 0x00, 0x00, 
    0x00, 0x00, 0x00, 0x00, 0x00, 0x00, 0x00, 0x00, 0x00, 0x00, 0x00, 0x00, 0x00, 0x00, 0x00, 0x00, 
    0x00, 0x00, 0x00, 0x00, 0x00, 0x00, 0x00, 0x00, 0x00, 0x00, 0x00, 0x00, 0x00, 0x00, 0x00, 0x00, 
    0x00, 0x00, 0x00, 0x00, 0x00, 0x00, 0x00, 0x00, 0x00, 0x00, 0x00, 0x00, 0x00, 0x00, 0x00, 0x00, 
    0x00, 0x00, 0x00, 0x00, 0x00, 0x00, 0x00, 0x00, 0x00, 0x00, 0x00, 0x00, 0x00, 0x00, 0x00, 0x00, 
    0x00, 0x00, 0x00, 0x00, 0x00, 0x00, 0x00, 0x00, 0x00, 0x00, 0x00, 0x00, 0x00, 0x00, 0x00, 0x00, 
    0x00, 0x00, 0x00, 0x00, 0x00, 0x00, 0x00, 0x00, 0x00, 0x00, 0x00, 0x00, 0x00, 0x00, 0x00, 0x00, 
    0x00, 0x00, 0x00, 0x00, 0x00, 0x00, 0x00, 0x00, 0x00, 0x00, 0x00, 0x00, 0x00, 0x00, 0x00, 0x00, 
    0x00, 0x00, 0x00, 0x00, 0x00, 0x00, 0x00, 0x00, 0x00, 0x00, 0x00, 0x00, 0x00, 0x00, 0x00, 0x00, 
    0x00, 0x00, 0x00, 0x00, 0x00, 0x00, 0x00, 0x00, 0x00, 0x00, 0x00, 0x00, 0x00, 0x00, 0x00, 0x00, 
    0x00, 0x00, 0x00, 0x00, 0x00, 0x00, 0x00, 0x00, 0x00, 0x00, 0x00, 0x00, 0x00, 0x00, 0x00, 0x00, 
    0x00, 0x00, 0x00, 0x00, 0x00, 0x00, 0x00, 0x00, 0x00, 0x00, 0x00, 0x00, 0x00, 0x00, 0x00, 0x00, 
    0x00, 0x00, 0x00, 0x00, 0x00, 0x00, 0x00, 0x00, 0x00, 0x00, 0x00, 0x00, 0x00, 0x00, 0x00, 0x00, 
    0x00, 0x00, 0x00, 0x00, 0x00, 0x00, 0x00, 0x00, 0x00, 0x00, 0x00, 0x00, 0x00, 0x00, 0x00, 0x00, 
    0x00, 0x00, 0x00, 0x00, 0x00, 0x00, 0x00, 0x00, 0x00, 0x00, 0x00, 0x00, 0x00, 0x00, 0x00, 0x00, 
    0x00, 0x00, 0x00, 0x00, 0x00, 0x00, 0x00, 0x00, 0x00, 0x00, 0x00, 0x00, 0x00, 0x00, 0x00, 0x00, 
    0x00, 0x00, 0x00, 0x00, 0x00, 0x00, 0x00, 0x00, 0x00, 0x00, 0x00, 0x00, 0x00, 0x00, 0x00, 0x00, 
    0x00, 0x00, 0x00, 0x00, 0x00, 0x00, 0x00, 0x00, 0x00, 0x00, 0x00, 0x00, 0x00, 0x00, 0x00, 0x00, 
    0x00, 0x00, 0x00, 0x00, 0x00, 0x00, 0x00, 0x00, 0x00, 0x00, 0x00, 0x00, 0x00, 0x00, 0x00, 0x00, 
    0x00, 0x00, 0x00, 0x00, 0x00, 0x00, 0x00, 0x00, 0x00, 0x00, 0x00, 0x00, 0x00, 0x00, 0x00, 0x00, 
    0x00, 0x00, 0x00, 0x00, 0x00, 0x00, 0x00, 0x00, 0x00, 0x00, 0x00, 0x00, 0x00, 0x00, 0x00, 0x00, 
    0x00, 0x00, 0x00, 0x00, 0x00, 0x00, 0x00, 0x00, 0x00, 0x00, 0x00, 0x00, 0x00, 0x00, 0x00, 0x00, 
    0x00, 0x00, 0x00, 0x00, 0x00, 0x00, 0x00, 0x00, 0x00, 0x00, 0x00, 0x00, 0x00, 0x00, 0x00, 0x00, 
    0x00, 0x00, 0x00, 0x00, 0x00, 0x00, 0x00, 0x00, 0x00, 0x00, 0x00, 0x00, 0x00, 0x00, 0x00, 0x00, 
    0x00, 0x00, 0x00, 0x00, 0x00, 0x00, 0x00, 0x00, 0x00, 0x00, 0x00, 0x00, 0x00, 0x00, 0x00, 0x00, 
    0x00, 0x00, 0x00, 0x00, 0x00, 0x00, 0x00, 0x00, 0x00, 0x00, 0x00, 0x00, 0x00, 0x00, 0x00, 0x00, 
    0x00, 0x00, 0x00, 0x00, 0x00, 0x00, 0x00, 0x00, 0x00, 0x00, 0x00, 0x00, 0x00, 0x00, 0x00, 0x00, 
    0x00, 0x00, 0x00, 0x00, 0x00, 0x00, 0x00, 0x00, 0x00, 0x00, 0x00, 0x00, 0x00, 0x00, 0x00, 0x00, 
    0x00, 0x00, 0x00, 0x00, 0x00, 0x00, 0x00, 0x00, 0x00, 0x00, 0x00, 0x00, 0x00, 0x00, 0x00, 0x00, 
    0x00, 0x00, 0x00, 0x00, 0x00, 0x00, 0x00, 0x00, 0x00, 0x00, 0x00, 0x00, 0x00, 0x00, 0x00, 0x00, 
    0x00, 0x00, 0x00, 0x00, 0x00, 0x00, 0x00, 0x00, 0x00, 0x00, 0x00, 0x00, 0x00, 0x00, 0x00, 0x00, 
    0x00, 0x00, 0x00, 0x00, 0x00, 0x00, 0x00, 0x00, 0x00, 0x00, 0x00, 0x00, 0x00, 0x00, 0x00, 0x00, 
    0x00, 0x00, 0x00, 0x00, 0x00, 0x00, 0x00, 0x00, 0x00, 0x00, 0x00, 0x00, 0x00, 0x00, 0x00, 0x00, 
    0x00, 0x00, 0x00, 0x00, 0x00, 0x00, 0x00, 0x00, 0x00, 0x00, 0x00, 0x00, 0x00, 0x00, 0x00, 0x00, 
    0x00, 0x00, 0x00, 0x00, 0x00, 0x00, 0x00, 0x00, 0x00, 0x00, 0x00, 0x00, 0x00, 0x00, 0x00, 0x00, 
    0x00, 0x00, 0x00, 0x00, 0x00, 0x00, 0x00, 0x00, 0x00, 0x00, 0x00, 0x00, 0x00, 0x00, 0x00, 0x00, 
    0x00, 0x00, 0x00, 0x00, 0x00, 0x00, 0x00, 0x00, 0x00, 0x00, 0x00, 0x00, 0x00, 0x00, 0x00, 0x00, 
    0x00, 0x00, 0x00, 0x00, 0x00, 0x00, 0x00, 0x00, 0x00, 0x00, 0x00, 0x00, 0x00, 0x00, 0x00, 0x00, 
    0x00, 0x00, 0x00, 0x00, 0x00, 0x00, 0x00, 0x00, 0x00, 0x00, 0x00, 0x00, 0x00, 0x00, 0x00, 0x00, 
    0x00, 0x00, 0x00, 0x00, 0x00, 0x00, 0x00, 0x00, 0x00, 0x00, 0x00, 0x00, 0x00, 0x00, 0x00, 0x00, 
    0x00, 0x00, 0x00, 0x00, 0x00, 0x00, 0x00, 0x00, 0x00, 0x00, 0x00, 0x00, 0x00, 0x00, 0x00, 0x00, 
    0x00, 0x00, 0x00, 0x00, 0x00, 0x00, 0x00, 0x00, 0x00, 0x00, 0x00, 0x00, 0x00, 0x00, 0x00, 0x00, 
    0x00, 0x00, 0x00, 0x00, 0x00, 0x00, 0x00, 0x00, 0x00, 0x00, 0x00, 0x00, 0x00, 0x00, 0x00, 0x00, 
    0x00, 0x00, 0x00, 0x00, 0x00, 0x00, 0x00, 0x00, 0x00, 0x00, 0x00, 0x00, 0x00, 0x00, 0x00, 0x00, 
    0x00, 0x00, 0x00, 0x00, 0x00, 0x00, 0x00, 0x00, 0x00, 0x00, 0x00, 0x00, 0x00, 0x00, 0x00, 0x00, 
    0x00, 0x00, 0x00, 0x00, 0x00, 0x00, 0x00, 0x00, 0x00, 0x00, 0x00, 0x00, 0x00, 0x00, 0x00, 0x00, 
    0x00, 0x00, 0x00, 0x00, 0x00, 0x00, 0x00, 0x00, 0x00, 0x00, 0x00, 0x00, 0x00, 0x00, 0x00, 0x00, 
    0x00, 0x00, 0x00, 0x00, 0x00, 0x00, 0x00, 0x00, 0x00, 0x00, 0x00, 0x00, 0x00, 0x00, 0x00, 0x00, 
    0x00, 0x00, 0x00, 0x00, 0x00, 0x00, 0x00, 0x00, 0x00, 0x00, 0x00, 0x00, 0x00, 0x00, 0x00, 0x00, 
    0x00, 0x00, 0x00, 0x00, 0x00, 0x00, 0x00, 0x00, 0x00, 0x00, 0x00, 0x00, 0x00, 0x00, 0x00, 0x00, 
    0x00, 0x00, 0x00, 0x00, 0x00, 0x00, 0x00, 0x00, 0x00, 0x00, 0x00, 0x00, 0x00, 0x00, 0x00, 0x00, 
    0x00, 0x00, 0x00, 0x00, 0x00, 0x00, 0x00, 0x00, 0x00, 0x00, 0x00, 0x00, 0x00, 0x00, 0x00, 0x00, 
    0x00, 0x00, 0x00, 0x00, 0x00, 0x00, 0x00, 0x00, 0x00, 0x00, 0x00, 0x00, 0x00, 0x00, 0x00, 0x00, 
    0x00, 0x00, 0x00, 0x00, 0x00, 0x00, 0x00, 0x00, 0x00, 0x00, 0x00, 0x00, 0x00, 0x00, 0x00, 0x00, 
    0x00, 0x00, 0x00, 0x00, 0x00, 0x00, 0x00, 0x00, 0x00, 0x00, 0x00, 0x00, 0x00, 0x00, 0x00, 0x00, 
    0x00, 0x00, 0x00, 0x00, 0x00, 0x00, 0x00, 0x00, 0x00, 0x00, 0x00, 0x00, 0x00, 0x00, 0x00, 0x00, 
    0x00, 0x00, 0x00, 0x00, 0x00, 0x00, 0x00, 0x00, 0x00, 0x00, 0x00, 0x00, 0x00, 0x00, 0x00, 0x00, 
    0x00, 0x00, 0x00, 0x00, 0x00, 0x00, 0x00, 0x00, 0x00, 0x00, 0x00, 0x00, 0x00, 0x00, 0x00, 0x00, 
    0x00, 0x00, 0x00, 0x00, 0x00, 0x00, 0x00, 0x00, 0x00, 0x00, 0x00, 0x00, 0x00, 0x00, 0x00, 0x00, 
    0x00, 0x00, 0x00, 0x00, 0x00, 0x00, 0x00, 0x00, 0x00, 0x00, 0x00, 0x00, 0x00, 0x00, 0x00, 0x00, 
    0x00, 0x00, 0x00, 0x00, 0x00, 0x00, 0x00, 0x00, 0x00, 0x00, 0x00, 0x00, 0x00, 0x00, 0x00, 0x00, 
    0x00, 0x00, 0x00, 0x00, 0x00, 0x00, 0x00, 0x00, 0x00, 0x00, 0x00, 0x00, 0x00, 0x00, 0x00, 0x00, 
    0x00, 0x00, 0x00, 0x00, 0x00, 0x00, 0x00, 0x00, 0x00, 0x00, 0x00, 0x00, 0x00, 0x00, 0x00, 0x00, 
    0x00, 0x00, 0x00, 0x00, 0x00, 0x00, 0x00, 0x00, 0x00, 0x00, 0x00, 0x00, 0x00, 0x00, 0x00, 0x00, 
    0x00, 0x00, 0x00, 0x00, 0x00, 0x00, 0x00, 0x00, 0x00, 0x00, 0x00, 0x00, 0x00, 0x00, 0x00, 0x00, 
    0x00, 0x00, 0x00, 0x00, 0x00, 0x00, 0x00, 0x00, 0x00, 0x00, 0x00, 0x00, 0x00, 0x00, 0x00, 0x00, 
    0x00, 0x00, 0x00, 0x00, 0x00, 0x00, 0x00, 0x00, 0x00, 0x00, 0x00, 0x00, 0x00, 0x00, 0x00, 0x00, 
    0x00, 0x00, 0x00, 0x00, 0x00, 0x00, 0x00, 0x00, 0x00, 0x00, 0x00, 0x00, 0x00, 0x00, 0x00, 0x00, 
    0x00, 0x00, 0x00, 0x00, 0x00, 0x00, 0x00, 0x00, 0x00, 0x00, 0x00, 0x00, 0x00, 0x00, 0x00, 0x00, 
    0x00, 0x00, 0x00, 0x00, 0x00, 0x00, 0x00, 0x00, 0x00, 0x00, 0x00, 0x00, 0x00, 0x00, 0x00, 0x00, 
    0x00, 0x00, 0x00, 0x00, 0x00, 0x00, 0x00, 0x00, 0x00, 0x00, 0x00, 0x00, 0x00, 0x00, 0x00, 0x00, 
    0x00, 0x00, 0x00, 0x00, 0x00, 0x00, 0x00, 0x00, 0x00, 0x00, 0x00, 0x00, 0x00, 0x00, 0x00, 0x00, 
    0x00, 0x00, 0x00, 0x00, 0x00, 0x00, 0x00, 0x00, 0x00, 0x00, 0x00, 0x00, 0x00, 0x00, 0x00, 0x00, 
    0x00, 0x00, 0x00, 0x00, 0x00, 0x00, 0x00, 0x00, 0x00, 0x00, 0x00, 0x00, 0x00, 0x00, 0x00, 0x00, 
    0x00, 0x00, 0x00, 0x00, 0x00, 0x00, 0x00, 0x00, 0x00, 0x00, 0x00, 0x00, 0x00, 0x00, 0x00, 0x00, 
    0x00, 0x00, 0x00, 0x00, 0x00, 0x00, 0x00, 0x00, 0x00, 0x00, 0x00, 0x00, 0x00, 0x00, 0x00, 0x00, 
    0x00, 0x00, 0x00, 0x00, 0x00, 0x00, 0x00, 0x00, 0x00, 0x00, 0x00, 0x00, 0x00, 0x00, 0x00, 0x00, 
    0x00, 0x00, 0x00, 0x00, 0x00, 0x00, 0x00, 0x00, 0x00, 0x00, 0x00, 0x00, 0x00, 0x00, 0x00, 0x00, 
    0x00, 0x00, 0x00, 0x00, 0x00, 0x00, 0x00, 0x00, 0x00, 0x00, 0x00, 0x00, 0x00, 0x00, 0x00, 0x00, 
    0x00, 0x00, 0x00, 0x00, 0x00, 0x00, 0x00, 0x00, 0x00, 0x00, 0x00, 0x00, 0x00, 0x00, 0x00, 0x00, 
    0x00, 0x00, 0x00, 0x00, 0x00, 0x00, 0x00, 0x00, 0x00, 0x00, 0x00, 0x00, 0x00, 0x00, 0x00, 0x00, 
    0x00, 0x00, 0x00, 0x00, 0x00, 0x00, 0x00, 0x00, 0x00, 0x00, 0x00, 0x00, 0x00, 0x00, 0x00, 0x00, 
    0x00, 0x00, 0x00, 0x00, 0x00, 0x00, 0x00, 0x00, 0x00, 0x00, 0x00, 0x00, 0x00, 0x00, 0x00, 0x00, 
    0x00, 0x00, 0x00, 0x00, 0x00, 0x00, 0x00, 0x00, 0x00, 0x00, 0x00, 0x00, 0x00, 0x00, 0x00, 0x00, 
    0x00, 0x00, 0x00, 0x00, 0x00, 0x00, 0x00, 0x00, 0x00, 0x00, 0x00, 0x00, 0x00, 0x00, 0x00, 0x00, 
    0x00, 0x00, 0x00, 0x00, 0x00, 0x00, 0x00, 0x00, 0x00, 0x00, 0x00, 0x00, 0x00, 0x00, 0x00, 0x00, 
    0x00, 0x00, 0x00, 0x00, 0x00, 0x00, 0x00, 0x00, 0x00, 0x00, 0x00, 0x00, 0x00, 0x00, 0x00, 0x00, 
    0x00, 0x00, 0x00, 0x00, 0x00, 0x00, 0x00, 0x00, 0x00, 0x00, 0x00, 0x00, 0x00, 0x00, 0x00, 0x00, 
    0x00, 0x00, 0x00, 0x00, 0x00, 0x00, 0x00, 0x00, 0x00, 0x00, 0x00, 0x00, 0x00, 0x00, 0x00, 0x00, 
    0x00, 0x00, 0x00, 0x00, 0x00, 0x00, 0x00, 0x00, 0x00, 0x00, 0x00, 0x00, 0x00, 0x00, 0x00, 0x00, 
    0x00, 0x00, 0x00, 0x00, 0x00, 0x00, 0x00, 0x00, 0x00, 0x00, 0x00, 0x00, 0x00, 0x00, 0x00, 0x00, 
    0x00, 0x00, 0x00, 0x00, 0x00, 0x00, 0x00, 0x00, 0x00, 0x00, 0x00, 0x00, 0x00, 0x00, 0x00, 0x00, 
    0x00, 0x00, 0x00, 0x00, 0x00, 0x00, 0x00, 0x00, 0x00, 0x00, 0x00, 0x00, 0x00, 0x00, 0x00, 0x00, 
    0x00, 0x00, 0x00, 0x00, 0x00, 0x00, 0x00, 0x00, 0x00, 0x00, 0x00, 0x00, 0x00, 0x00, 0x00, 0x00, 
    0x00, 0x00, 0x00, 0x00, 0x00, 0x00, 0x00, 0x00, 0x00, 0x00, 0x00, 0x00, 0x00, 0x00, 0x00, 0x00, 
    0x00, 0x00, 0x00, 0x00, 0x00, 0x00, 0x00, 0x00, 0x00, 0x00, 0x00, 0x00, 0x00, 0x00, 0x00, 0x00, 
    0x00, 0x00, 0x00, 0x00, 0x00, 0x00, 0x00, 0x00, 0x00, 0x00, 0x00, 0x00, 0x00, 0x00, 0x00, 0x00, 
    0x00, 0x00, 0x00, 0x00, 0x00, 0x00, 0x00, 0x00, 0x00, 0x00, 0x00, 0x00, 0x00, 0x00, 0x00, 0x00, 
    0x00, 0x00, 0x00, 0x00, 0x00, 0x00, 0x00, 0x00, 0x00, 0x00, 0x00, 0x00, 0x00, 0x00, 0x00, 0x00, 
    0x00, 0x00, 0x00, 0x00, 0x00, 0x00, 0x00, 0x00, 0x00, 0x00, 0x00, 0x00, 0x00, 0x00, 0x00, 0x00, 
    0x00, 0x00, 0x00, 0x00, 0x00, 0x00, 0x00, 0x00, 0x00, 0x00, 0x00, 0x00, 0x00, 0x00, 0x00, 0x00, 
    0x00, 0x00, 0x00, 0x00, 0x00, 0x00, 0x00, 0x00, 0x00, 0x00, 0x00, 0x00, 0x00, 0x00, 0x00, 0x00, 
    0x00, 0x00, 0x00, 0x00, 0x00, 0x00, 0x00, 0x00, 0x00, 0x00, 0x00, 0x00, 0x00, 0x00, 0x00, 0x00, 
    0x00, 0x00, 0x00, 0x00, 0x00, 0x00, 0x00, 0x00, 0x00, 0x00, 0x00, 0x00, 0x00, 0x00, 0x00, 0x00, 
    0x00, 0x00, 0x00, 0x00, 0x00, 0x00, 0x00, 0x00, 0x00, 0x00, 0x00, 0x00, 0x00, 0x00, 0x00, 0x00, 
    0x00, 0x00, 0x00, 0x00, 0x00, 0x00, 0x00, 0x00, 0x00, 0x00, 0x00, 0x00, 0x00, 0x00, 0x00, 0x00, 
    0x00, 0x00, 0x00, 0x00, 0x00, 0x00, 0x00, 0x00, 0x00, 0x00, 0x00, 0x00, 0x00, 0x00, 0x00, 0x00, 
    0x00, 0x00, 0x00, 0x00, 0x00, 0x00, 0x00, 0x00, 0x00, 0x00, 0x00, 0x00, 0x00, 0x00, 0x00, 0x00, 
    0x00, 0x00, 0x00, 0x00, 0x00, 0x00, 0x00, 0x00, 0x00, 0x00, 0x00, 0x00, 0x00, 0x00, 0x00, 0x00, 
    0x00, 0x00, 0x00, 0x00, 0x00, 0x00, 0x00, 0x00, 0x00, 0x00, 0x00, 0x00, 0x00, 0x00, 0x00, 0x00, 
    0x00, 0x00, 0x00, 0x00, 0x00, 0x00, 0x00, 0x00, 0x00, 0x00, 0x00, 0x00, 0x00, 0x00, 0x00, 0x00, 
    0x00, 0x00, 0x00, 0x00, 0x00, 0x00, 0x00, 0x00, 0x00, 0x00, 0x00, 0x00, 0x00, 0x00, 0x00, 0x00, 
    0x00, 0x00, 0x00, 0x00, 0x00, 0x00, 0x00, 0x00, 0x00, 0x00, 0x00, 0x00, 0x00, 0x00, 0x00, 0x00, 
    0x00, 0x00, 0x00, 0x00, 0x00, 0x00, 0x00, 0x00, 0x00, 0x00, 0x00, 0x00, 0x00, 0x00, 0x00, 0x00, 
    0x00, 0x00, 0x00, 0x00, 0x00, 0x00, 0x00, 0x00, 0x00, 0x00, 0x00, 0x00, 0x00, 0x00, 0x00, 0x00, 
    0x00, 0x00, 0x00, 0x00, 0x00, 0x00, 0x00, 0x00, 0x00, 0x00, 0x00, 0x00, 0x00, 0x00, 0x00, 0x00, 
    0x00, 0x00, 0x00, 0x00, 0x00, 0x00, 0x00, 0x00, 0x00, 0x00, 0x00, 0x00, 0x00, 0x00, 0x00, 0x00, 
    0x00, 0x00, 0x00, 0x00, 0x00, 0x00, 0x00, 0x00, 0x00, 0x00, 0x00, 0x00, 0x00, 0x00, 0x00, 0x00, 
    0x00, 0x00, 0x00, 0x00, 0x00, 0x00, 0x00, 0x00, 0x00, 0x00, 0x00, 0x00, 0x00, 0x00, 0x00, 0x00, 
    0x00, 0x00, 0x00, 0x00, 0x00, 0x00, 0x00, 0x00, 0x00, 0x00, 0x00, 0x00, 0x00, 0x00, 0x00, 0x00, 
    0x00, 0x00, 0x00, 0x00, 0x00, 0x00, 0x00, 0x00, 0x00, 0x00, 0x00, 0x00, 0x00, 0x00, 0x00, 0x00, 
    0x00, 0x00, 0x00, 0x00, 0x00, 0x00, 0x00, 0x00, 0x00, 0x00, 0x00, 0x00, 0x00, 0x00, 0x00, 0x00, 
    0x00, 0x00, 0x00, 0x00, 0x00, 0x00, 0x00, 0x00, 0x00, 0x00, 0x00, 0x00, 0x00, 0x00, 0x00, 0x00, 
    0x00, 0x00, 0x00, 0x00, 0x00, 0x00, 0x00, 0x00, 0x00, 0x00, 0x00, 0x00, 0x00, 0x00, 0x00, 0x00, 
    0x00, 0x00, 0x00, 0x00, 0x00, 0x00, 0x00, 0x00, 0x00, 0x00, 0x00, 0x00, 0x00, 0x00, 0x00, 0x00, 
    0x00, 0x00, 0x00, 0x00, 0x00, 0x00, 0x00, 0x00, 0x00, 0x00, 0x00, 0x00, 0x00, 0x00, 0x00, 0x00, 
    0x00, 0x00, 0x00, 0x00, 0x00, 0x00, 0x00, 0x00, 0x00, 0x00, 0x00, 0x00, 0x00, 0x00, 0x00, 0x00, 
    0x00, 0x00, 0x00, 0x00, 0x00, 0x00, 0x00, 0x00, 0x00, 0x00, 0x00, 0x00, 0x00, 0x00, 0x00, 0x00, 
    0x00, 0x00, 0x00, 0x00, 0x00, 0x00, 0x00, 0x00, 0x00, 0x00, 0x00, 0x00, 0x00, 0x00, 0x00, 0x00, 
    0x00, 0x00, 0x00, 0x00, 0x00, 0x00, 0x00, 0x00, 0x00, 0x00, 0x00, 0x00, 0x00, 0x00, 0x00, 0x00, 
    0x00, 0x00, 0x00, 0x00, 0x00, 0x00, 0x00, 0x00, 0x00, 0x00, 0x00, 0x00, 0x00, 0x00, 0x00, 0x00, 
    0x00, 0x00, 0x00, 0x00, 0x00, 0x00, 0x00, 0x00, 0x00, 0x00, 0x00, 0x00, 0x00, 0x00, 0x00, 0x00, 
    0x00, 0x00, 0x00, 0x00, 0x00, 0x00, 0x00, 0x00, 0x00, 0x00, 0x00, 0x00, 0x00, 0x00, 0x00, 0x00, 
    0x00, 0x00, 0x00, 0x00, 0x00, 0x00, 0x00, 0x00, 0x00, 0x00, 0x00, 0x00, 0x00, 0x00, 0x00, 0x00, 
    0x00, 0x00, 0x00, 0x00, 0x00, 0x00, 0x00, 0x00, 0x00, 0x00, 0x00, 0x00, 0x00, 0x00, 0x00, 0x00, 
    0x00, 0x00, 0x00, 0x00, 0x00, 0x00, 0x00, 0x00, 0x00, 0x00, 0x00, 0x00, 0x00, 0x00, 0x00, 0x00, 
    0x00, 0x00, 0x00, 0x00, 0x00, 0x00, 0x00, 0x00, 0x00, 0x00, 0x00, 0x00, 0x00, 0x00, 0x00, 0x00, 
    0x00, 0x00, 0x00, 0x00, 0x00, 0x00, 0x00, 0x00, 0x00, 0x00, 0x00, 0x00, 0x00, 0x00, 0x00, 0x00
};

/* HDMA Setup Function Declaration for Mode 5 Tile Limit Workaround */
/* Implementation should be in your main C file */
void setup_hdma_bg1_tilemap(void);

/* 4bpp Palette - 16 colors */
const unsigned short bg_palette[16] = {
    0x0000,  // Color 0: RGB(0, 0, 0)
    0x7FFF,  // Color 1: RGB(255, 255, 255)
    0x737B,  // Color 2: RGB(216, 220, 230)
    0x460B,  // Color 3: RGB(94, 132, 138)
    0x3E31,  // Color 4: RGB(138, 142, 126)
    0x298B,  // Color 5: RGB(93, 96, 81)
    0x0C63,  // Color 6: RGB(31, 31, 30)
    0x2DCF,  // Color 7: RGB(125, 115, 94)
    0x1908,  // Color 8: RGB(69, 65, 48)
    0x1D4A,  // Color 9: RGB(85, 82, 61)
    0x10C5,  // Color 10: RGB(45, 50, 36)
    0x5ED6,  // Color 11: RGB(177, 183, 184)
    0x526F,  // Color 12: RGB(125, 155, 161)
    0x7FDD,  // Color 13: RGB(232, 247, 251)
    0x568F,  // Color 14: RGB(122, 160, 174)
    0x7FFF  // Color 15: RGB(255, 253, 254)
};

/* Mode 5 Tilemap - 896 entries (32x28 entries) */
/* Each tilemap entry refers to 2 adjacent 8x8 tiles (16x8 effective) */
const unsigned short bg_tilemap[] = {
    0x1F2A, 0x1F2A, 0x1F2A, 0x1F2A, 0x1F2A, 0x1F2A, 0x1F2A, 0x1F2A, 0x1F2A, 0x1F2A, 0x1F2A, 0x1F2A, 0x1F2A, 0x1F2A, 0x1F2A, 0x1F2A, 
    0x1F2A, 0x1F2A, 0x1F2A, 0x1F2A, 0x1F2A, 0x1F2A, 0x1F2A, 0x1F2A, 0x1F2A, 0x1F2A, 0x1F2A, 0x1F2A, 0x1F7E, 0x1EC6, 0x1E9E, 0x1C9A, 
    0x1F2A, 0x1F2A, 0x1F2A, 0x1F2A, 0x1F2A, 0x1F2A, 0x1F2A, 0x1F2A, 0x1F2A, 0x1F2A, 0x1F2A, 0x1F2A, 0x1F2A, 0x1F2A, 0x1F2A, 0x1F2A, 
    0x1F2A, 0x1F2A, 0x1F2A, 0x1F2A, 0x1F2A, 0x1F2A, 0x1F2A, 0x1F2A, 0x1F2A, 0x1FC6, 0x1F04, 0x1E04, 0x1E74, 0x1EC0, 0x1EA4, 0x1D66, 
    0x1F2A, 0x1F2A, 0x1F2A, 0x1F2A, 0x1F2A, 0x1F2A, 0x1F2A, 0x1F2A, 0x1F2A, 0x1F2A, 0x1F2A, 0x1F2A, 0x1F2A, 0x1F2A, 0x1F2A, 0x1F2A, 
    0x1F2A, 0x1F2A, 0x1F2A, 0x1F2A, 0x1F2A, 0x1F2A, 0x1F2A, 0x1F2A, 0x1F94, 0x1E80, 0x1D24, 0x1ECC, 0x1D80, 0x1F26, 0x1F2E, 0x1EFC, 
    0x1F2A, 0x1F2A, 0x1F2A, 0x1F2A, 0x1F2A, 0x1F2A, 0x1F2A, 0x1F2A, 0x1F2A, 0x1F2A, 0x1F2A, 0x1F2A, 0x1F2A, 0x1F2A, 0x1F2A, 0x1F2A, 
    0x1F2A, 0x1F2A, 0x1F2A, 0x1C7A, 0x1F2A, 0x1F2A, 0x1F8C, 0x1F9C, 0x1D74, 0x1EE8, 0x1F30, 0x1D70, 0x1F16, 0x1E8C, 0x1D28, 0x1C30, 
    0x1F2A, 0x1F2A, 0x1F2A, 0x1F2A, 0x1F2A, 0x1F2A, 0x1F2A, 0x1F2A, 0x1F2A, 0x1F2A, 0x1F2A, 0x1F2A, 0x1F2A, 0x1F0E, 0x1C42, 0x1C1C, 
    0x1C56, 0x1F44, 0x1E64, 0x1D58, 0x1D9C, 0x1EF4, 0x1DD4, 0x1C46, 0x1CCC, 0x1CEE, 0x1CC6, 0x1CE6, 0x1D3A, 0x1DD6, 0x1C92, 0x1CD8, 
    0x1F2A, 0x1F2A, 0x1F2A, 0x1F2A, 0x1F2A, 0x1F2A, 0x1F2A, 0x1F2A, 0x1F2A, 0x1F2A, 0x1C00, 0x1F08, 0x1E1E, 0x1C68, 0x1FBA, 0x1F6E, 
    0x1CDC, 0x1D6A, 0x1F46, 0x1CD6, 0x1EEC, 0x1D08, 0x1D96, 0x1D30, 0x1E6C, 0x1F68, 0x1D36, 0x1CF2, 0x1FBE, 0x1CF6, 0x1DB0, 0x1DB0, 
    0x1F2A, 0x1F2A, 0x1F2A, 0x1F2A, 0x1F2A, 0x1C3E, 0x1F5A, 0x1C6C, 0x1CDE, 0x1D48, 0x1F3C, 0x1E08, 0x1C80, 0x1E26, 0x1E86, 0x1CC4, 
    0x1E0E, 0x1C22, 0x1EC8, 0x1E60, 0x1F42, 0x1C24, 0x1F64, 0x1CE0, 0x1EB8, 0x1CA0, 0x1E9A, 0x1E1A, 0x1E96, 0x1DB0, 0x1DDE, 0x1DB0, 
    0x1F2A, 0x1F2A, 0x1F2A, 0x1E1C, 0x1E66, 0x1F2C, 0x1CFC, 0x1E3A, 0x1D56, 0x1C16, 0x1F0A, 0x1FA2, 0x1C4E, 0x1D92, 0x1D8C, 0x1F72, 
    0x1FB0, 0x1FAC, 0x1CAA, 0x1D0C, 0x1D1E, 0x1D64, 0x1C52, 0x1D90, 0x1DD0, 0x1F80, 0x1DF0, 0x1D78, 0x1DC0, 0x1DB0, 0x1DB0, 0x1F52, 
    0x1C32, 0x1FB6, 0x1C28, 0x1C02, 0x1E40, 0x1E00, 0x1E82, 0x1F12, 0x1D76, 0x1C0C, 0x1D68, 0x1D62, 0x1EA2, 0x1C96, 0x1F8E, 0x1EC2, 
    0x1E5A, 0x1F10, 0x1DAC, 0x1D02, 0x1FB2, 0x1DF6, 0x1EA0, 0x1CAC, 0x1F00, 0x1E2A, 0x1D5E, 0x1EAC, 0x1ECE, 0x1E20, 0x1F96, 0x1C40, 
    0x1D1A, 0x1DE2, 0x1DC2, 0x1D06, 0x1D50, 0x1D04, 0x1F28, 0x1C0C, 0x1C0C, 0x1CE8, 0x1DCE, 0x1D88, 0x1D94, 0x1DA8, 0x1CC0, 0x1D8E, 
    0x1E2C, 0x1D3E, 0x1EFA, 0x1C86, 0x1DEA, 0x1E54, 0x1DC6, 0x1CF0, 0x1D0A, 0x1F38, 0x1F06, 0x1CBC, 0x1F4E, 0x1CA4, 0x1EF2, 0x1ED6, 
    0x1C64, 0x1E22, 0x1E94, 0x1DC4, 0x1E3C, 0x1DF2, 0x1E6E, 0x1D84, 0x1C38, 0x1DA2, 0x1D18, 0x1F90, 0x1D0E, 0x1E02, 0x1F54, 0x1FB8, 
    0x1D40, 0x1C0A, 0x1E92, 0x1CB8, 0x1D26, 0x1DEE, 0x1C60, 0x1CEC, 0x1C20, 0x1C10, 0x1E56, 0x1D86, 0x1EB0, 0x1EEA, 0x1F48, 0x1FAA, 
    0x1C3A, 0x1D10, 0x1E70, 0x1F82, 0x1D54, 0x1CAE, 0x1E28, 0x1C5C, 0x1C74, 0x1DC8, 0x1E3E, 0x1E4E, 0x1C48, 0x1C2C, 0x1F84, 0x1E36, 
    0x1F76, 0x1D72, 0x1D34, 0x1ED2, 0x1D4A, 0x1DBA, 0x1E62, 0x1C94, 0x1DFC, 0x1EE2, 0x1F32, 0x1D22, 0x1CFE, 0x1F3E, 0x1F8A, 0x1CA6, 
    0x1EDE, 0x1F18, 0x1F20, 0x1F86, 0x1EA8, 0x1DE0, 0x1D7C, 0x1D20, 0x1C8E, 0x1E7A, 0x1CA2, 0x1D42, 0x1E32, 0x1D02, 0x1C08, 0x1DDC, 
    0x1D4C, 0x1D52, 0x1C12, 0x1DDA, 0x1DA4, 0x1C1E, 0x1E76, 0x1D7E, 0x1F1A, 0x1E34, 0x1E6A, 0x1EE6, 0x1D44, 0x1EE0, 0x1E52, 0x1E44, 
    0x1F36, 0x1FBC, 0x1D38, 0x1D60, 0x1F92, 0x1C7C, 0x1F0C, 0x1E8A, 0x1E50, 0x1EC4, 0x1E10, 0x1FA0, 0x1C2A, 0x1DB4, 0x1DD8, 0x1D32, 
    0x1EFE, 0x1E5C, 0x1DE4, 0x1FC8, 0x1DAA, 0x1D1C, 0x1DE8, 0x1FA4, 0x1C8C, 0x1EAA, 0x1FB4, 0x1C78, 0x1D14, 0x1F78, 0x1C66, 0x1CB0, 
    0x1C58, 0x1F22, 0x1D46, 0x1E38, 0x1F4A, 0x1E78, 0x1C54, 0x1DCC, 0x1CE2, 0x1CBA, 0x1C14, 0x1F5C, 0x1F6A, 0x1C90, 0x1DEC, 0x1F50, 
    0x1DB2, 0x1D5A, 0x1C82, 0x1C8A, 0x1C4A, 0x1F60, 0x1F66, 0x1FC2, 0x1C88, 0x1ED4, 0x1F88, 0x1F74, 0x1F9E, 0x1CB2, 0x1C50, 0x1C26, 
    0x1E42, 0x1DFA, 0x1E4A, 0x1DA0, 0x1C98, 0x1C6E, 0x1DBC, 0x1D6E, 0x1FC0, 0x1C5A, 0x1EE4, 0x1CBE, 0x1EB6, 0x1E7E, 0x1C9C, 0x1DE6, 
    0x1CF4, 0x1EBC, 0x1CFA, 0x1EF8, 0x1E48, 0x1F7A, 0x1FAE, 0x1F98, 0x1CE4, 0x1CB4, 0x1D98, 0x1F4C, 0x1DB8, 0x1F5E, 0x1EEE, 0x1D3C, 
    0x1F56, 0x1F56, 0x1F56, 0x1F56, 0x1F56, 0x1E24, 0x1F62, 0x1D6C, 0x1D8A, 0x1EDC, 0x1CB6, 0x1C4C, 0x1E06, 0x1CD2, 0x1F24, 0x1E18, 
    0x1C70, 0x1E9C, 0x1C9E, 0x1EF0, 0x1C44, 0x1F7C, 0x1DB6, 0x1C76, 0x1C2E, 0x1E72, 0x1CC8, 0x1E46, 0x1E7C, 0x1E8E, 0x1F1E, 0x1DFE, 
    0x1F56, 0x1F56, 0x1F56, 0x1F56, 0x1F56, 0x1CDA, 0x1D9A, 0x1EAE, 0x1E14, 0x1ED8, 0x1DCA, 0x1D00, 0x1C6A, 0x1C1A, 0x1FCA, 0x1EB2, 
    0x1E88, 0x1E58, 0x1C5E, 0x1C36, 0x1CEA, 0x1DA6, 0x1D82, 0x1E5E, 0x1D2E, 0x1D5C, 0x1D7A, 0x1ED0, 0x1F14, 0x1C84, 0x1C04, 0x1C72, 
    0x1F56, 0x1F56, 0x1F56, 0x1F56, 0x1F56, 0x1E0A, 0x1F34, 0x1CA8, 0x1E98, 0x1C06, 0x1F3A, 0x1E84, 0x1E4C, 0x1EBA, 0x1FA6, 0x1CD4, 
    0x1E90, 0x1F9A, 0x1D2A, 0x1DF8, 0x1F1C, 0x1D9E, 0x1EA6, 0x1C3C, 0x1DF4, 0x1C0E, 0x1D12, 0x1C34, 0x1CCA, 0x1CCE, 0x1EB4, 0x1F40, 
    0x1E2E, 0x1CD0, 0x1F56, 0x1F56, 0x1F56, 0x1F02, 0x1E30, 0x1DAE, 0x1F70, 0x1EBE, 0x1FC4, 0x1FA8, 0x1C7E, 0x1C62, 0x1D4E, 0x1E16, 
    0x1E68, 0x1F6C, 0x1CC2, 0x1F2A, 0x1F58, 0x1DD2, 0x1D16, 0x1EF6, 0x1E12, 0x1ECA, 0x1C18, 0x1CF8, 0x1EDA, 0x1DBE, 0x1D2C, 0x1E0C, 
    0x1D66, 0x1E4C, 0x1E6E, 0x1C56, 0x1C56, 0x1EA2, 0x1EC4, 0x1DB4, 0x1D60, 0x1E6C, 0x1E5E, 0x1D04, 0x1D32, 0x1E9E, 0x1E44, 0x1C2A, 
    0x1D6E, 0x1DC6, 0x1D18, 0x1D1E, 0x1DD4, 0x1DFA, 0x1D5E, 0x1D12, 0x1DE8, 0x1DA4, 0x1EB8, 0x1E64, 0x1D4C, 0x1E1E, 0x1EC0, 0x1E06, 
    0x1D76, 0x1E66, 0x1D22, 0x1D38, 0x1DEA, 0x1EB6, 0x1E28, 0x1E7A, 0x1E04, 0x1D10, 0x1E92, 0x1DD2, 0x1D90, 0x1D62, 0x1E5C, 0x1D00, 
    0x1DB2, 0x1DBA, 0x1E3A, 0x1E3A, 0x1E16, 0x1D44, 0x1D3E, 0x1E60, 0x1D48, 0x1D0A, 0x1DD8, 0x1E7C, 0x1D0C, 0x1E3E, 0x1E9C, 0x1D8E, 
    0x1D36, 0x1D54, 0x1E9A, 0x1DF8, 0x1D16, 0x1E62, 0x1D88, 0x1EAA, 0x1E14, 0x1DB0, 0x1D8C, 0x1E42, 0x1EBA, 0x1D46, 0x1EB0, 0x1DA6, 
    0x1E4E, 0x1D58, 0x1DAC, 0x1DC8, 0x1DAE, 0x1D94, 0x1D08, 0x1DB6, 0x1E8E, 0x1DF6, 0x1D7E, 0x1EAE, 0x1E3A, 0x1E8A, 0x1E32, 0x1D8A, 
    0x1D70, 0x1DBC, 0x1E94, 0x1EC2, 0x1D5A, 0x1E24, 0x1EAC, 0x1DC0, 0x1D02, 0x1D50, 0x1DA0, 0x1E84, 0x1E50, 0x1E0E, 0x1E40, 0x1E52, 
    0x1DB8, 0x1DDC, 0x1E2A, 0x1DC4, 0x1EA6, 0x1D14, 0x1D6C, 0x1D78, 0x1DF4, 0x1D86, 0x1DA8, 0x1DEE, 0x1E1C, 0x1E58, 0x1E86, 0x1D28, 
    0x1E72, 0x1D82, 0x1DEC, 0x1DDE, 0x1D84, 0x1E1A, 0x1D40, 0x1D1C, 0x1E0C, 0x1E7E, 0x1D9A, 0x1D92, 0x1DDA, 0x1D6A, 0x1D96, 0x1E26, 
    0x1DF0, 0x1D56, 0x1DCC, 0x1DBE, 0x1D80, 0x1E76, 0x1EA8, 0x1E02, 0x1E74, 0x1E74, 0x1D2E, 0x1EA4, 0x1D9C, 0x1EC8, 0x1E70, 0x1D2C, 
    0x1DD6, 0x1D7A, 0x1E6A, 0x1EBE, 0x1DD0, 0x1DA2, 0x1E2C, 0x1D4A, 0x1DFC, 0x1EBC, 0x1D98, 0x1E5A, 0x1D3C, 0x1D30, 0x1ECC, 0x1DE0, 
    0x1D9E, 0x1E30, 0x1D24, 0x1E80, 0x1E34, 0x1D34, 0x1D20, 0x1D26, 0x1D64, 0x1E74, 0x1E74, 0x1E00, 0x1DF2, 0x1E74, 0x1E74, 0x1E74, 
    0x1E74, 0x1E74, 0x1EB2, 0x1E54, 0x1E38, 0x1E98, 0x1D0E, 0x1E48, 0x1E46, 0x1E88, 0x1D1A, 0x1DFE, 0x1E8C, 0x1DAA, 0x1D42, 0x1DE2, 
    0x1EC6, 0x1E3C, 0x1E82, 0x1DC2, 0x1E20, 0x1EA0, 0x1D5C, 0x1D52, 0x1E22, 0x1E74, 0x1E74, 0x1E74, 0x1E74, 0x1E74, 0x1E74, 0x1E74, 
    0x1E74, 0x1EB4, 0x1E78, 0x1D3A, 0x1ECA, 0x1D72, 0x1DCE, 0x1D74, 0x1E18, 0x1E2E, 0x1D2A, 0x1D06, 0x1E36, 0x1E90, 0x1E0A, 0x1DE6, 
    0x1E96, 0x1E68, 0x1D4E, 0x1D7C, 0x1D68, 0x1DE4, 0x1E10, 0x1E12, 0x1E4A, 0x1E08, 0x1E74, 0x1E56, 0x1DCA, 0x1E74, 0x1E74, 0x1E74
};

/* Constants for easy access */
#define BG_TILES_COUNT 1434
#define BG_TILEMAP_WIDTH 32
#define BG_TILEMAP_HEIGHT 28
#define BG_TILES_SIZE 45888
#define BG_TILEMAP_SIZE 896
#define BG_SCREEN_WIDTH 512
#define BG_SCREEN_HEIGHT 224
#define BG_TILE_WIDTH 8
#define BG_TILE_HEIGHT 8
#define BG_TILES_PER_ENTRY 2
#define BG_PALETTE_SIZE 16
